image,model,sha256,width,height,gt_boxes,largest_gt_fraction,latency_ms,flame_candidates,max_flame_score,hit_025,aligned30_025,aligned50_025,best_iou_025,hit_050,aligned30_050,aligned50_050,best_iou_050
test/images/04886596873b4511_jpg.rf.a3f89833d649df02447d78c8bce0f2ce.jpg,dfire_yolov8n,cab88ded7faf5f47c95c21e36793ba8ab2a4571d243cfa9ce07ac45615fd6091,683,1024,2,0.3306586,302.3,2,0.721752,1,1,1,0.902071,1,1,1,0.902071
test/images/04886596873b4511_jpg.rf.a3f89833d649df02447d78c8bce0f2ce.jpg,dfine,cab88ded7faf5f47c95c21e36793ba8ab2a4571d243cfa9ce07ac45615fd6091,683,1024,2,0.3306586,1606.1,82,0.903674,1,1,1,0.892696,1,1,1,0.892696
test/images/04886596873b4511_jpg.rf.a3f89833d649df02447d78c8bce0f2ce.jpg,yolo,cab88ded7faf5f47c95c21e36793ba8ab2a4571d243cfa9ce07ac45615fd6091,683,1024,2,0.3306586,1185.5,4,0.821087,1,1,1,0.898144,1,1,1,0.898144
test/images/04886596873b4511_jpg.rf.a3f89833d649df02447d78c8bce0f2ce.jpg,soul,cab88ded7faf5f47c95c21e36793ba8ab2a4571d243cfa9ce07ac45615fd6091,683,1024,2,0.3306586,136.7,3,0.758983,1,1,1,0.919175,1,1,1,0.919175
test/images/07e90d35025536d7_jpg.rf.c69e6fe317322d7566c7699fd09e1fdc.jpg,dfire_yolov8n,b2af24e9a2cb6fa52f740874677a99608b3e84510ce881b49a7543f382a86670,1024,768,1,0.0126851,58.1,1,0.060677,0,0,0,0.000000,0,0,0,0.000000
test/images/07e90d35025536d7_jpg.rf.c69e6fe317322d7566c7699fd09e1fdc.jpg,dfine,b2af24e9a2cb6fa52f740874677a99608b3e84510ce881b49a7543f382a86670,1024,768,1,0.0126851,459.9,4,0.323896,1,1,1,0.854751,0,0,0,0.000000
test/images/07e90d35025536d7_jpg.rf.c69e6fe317322d7566c7699fd09e1fdc.jpg,yolo,b2af24e9a2cb6fa52f740874677a99608b3e84510ce881b49a7543f382a86670,1024,768,1,0.0126851,720.5,0,0.000000,0,0,0,0.000000,0,0,0,0.000000
test/images/07e90d35025536d7_jpg.rf.c69e6fe317322d7566c7699fd09e1fdc.jpg,soul,b2af24e9a2cb6fa52f740874677a99608b3e84510ce881b49a7543f382a86670,1024,768,1,0.0126851,56.1,7,0.852079,1,1,1,0.797699,1,1,1,0.797699
test/images/084d8e970b8d456a_jpg.rf.00a44feed93ffa5716c81d5cdb3f8f57.jpg,dfire_yolov8n,983c66136fc132c009f30c3690feebc2b3d0c7686cc01176e5a7941804f17baa,1024,761,2,0.1206125,56.6,7,0.711955,1,0,0,0.193044,1,0,0,0.193044
test/images/084d8e970b8d456a_jpg.rf.00a44feed93ffa5716c81d5cdb3f8f57.jpg,dfine,983c66136fc132c009f30c3690feebc2b3d0c7686cc01176e5a7941804f17baa,1024,761,2,0.1206125,468.2,66,0.734193,1,1,1,0.870352,1,1,0,0.353584
test/images/084d8e970b8d456a_jpg.rf.00a44feed93ffa5716c81d5cdb3f8f57.jpg,yolo,983c66136fc132c009f30c3690feebc2b3d0c7686cc01176e5a7941804f17baa,1024,761,2,0.1206125,669.3,8,0.723789,1,0,0,0.276543,1,0,0,0.276543
test/images/084d8e970b8d456a_jpg.rf.00a44feed93ffa5716c81d5cdb3f8f57.jpg,soul,983c66136fc132c009f30c3690feebc2b3d0c7686cc01176e5a7941804f17baa,1024,761,2,0.1206125,55.5,6,0.819422,1,1,1,0.543779,1,1,1,0.543779
test/images/0_car-fire-m25-pic_jpg.rf.ded1a6d8d60196d9ac32543f8d4e6bc8.jpg,dfire_yolov8n,e4869cb6210cd32060a6bb2cd517959a2d2511e6a5ddce1835c8bb019b92e301,615,525,1,0.0341432,53.5,4,0.858000,1,1,1,0.870041,1,1,1,0.870041
test/images/0_car-fire-m25-pic_jpg.rf.ded1a6d8d60196d9ac32543f8d4e6bc8.jpg,dfine,e4869cb6210cd32060a6bb2cd517959a2d2511e6a5ddce1835c8bb019b92e301,615,525,1,0.0341432,411.7,22,0.829518,1,1,1,0.836537,1,1,1,0.836537
test/images/0_car-fire-m25-pic_jpg.rf.ded1a6d8d60196d9ac32543f8d4e6bc8.jpg,yolo,e4869cb6210cd32060a6bb2cd517959a2d2511e6a5ddce1835c8bb019b92e301,615,525,1,0.0341432,2300.1,3,0.769303,1,1,1,0.888963,1,1,1,0.888963
test/images/0_car-fire-m25-pic_jpg.rf.ded1a6d8d60196d9ac32543f8d4e6bc8.jpg,soul,e4869cb6210cd32060a6bb2cd517959a2d2511e6a5ddce1835c8bb019b92e301,615,525,1,0.0341432,724.5,1,0.701913,1,1,1,0.848264,1,1,1,0.848264
test/images/0cd656f34b9411f3_jpg.rf.4570877e798022ff6878764b16a4831e.jpg,dfire_yolov8n,c603c939d05b62ac4695c7e4599fe12dd004cccddf347a03a21e87ca478aea24,1024,683,1,0.0102947,1078.7,1,0.078677,0,0,0,0.000000,0,0,0,0.000000
test/images/0cd656f34b9411f3_jpg.rf.4570877e798022ff6878764b16a4831e.jpg,dfine,c603c939d05b62ac4695c7e4599fe12dd004cccddf347a03a21e87ca478aea24,1024,683,1,0.0102947,4964.5,1,0.084845,0,0,0,0.000000,0,0,0,0.000000
test/images/0cd656f34b9411f3_jpg.rf.4570877e798022ff6878764b16a4831e.jpg,yolo,c603c939d05b62ac4695c7e4599fe12dd004cccddf347a03a21e87ca478aea24,1024,683,1,0.0102947,2487.7,0,0.000000,0,0,0,0.000000,0,0,0,0.000000
test/images/0cd656f34b9411f3_jpg.rf.4570877e798022ff6878764b16a4831e.jpg,soul,c603c939d05b62ac4695c7e4599fe12dd004cccddf347a03a21e87ca478aea24,1024,683,1,0.0102947,55.3,6,0.494144,1,1,1,0.532060,0,0,0,0.000000
test/images/0d1db917073dd5b8_jpg.rf.0e31edc3f90d9ac9b89278c7a8e50a9f.jpg,dfire_yolov8n,d4a2fb18e9633ce99aa2b07f41d22d9ed1cba68aa14e980465baaa243cafed98,819,1024,1,0.0137649,92.6,0,0.000000,0,0,0,0.000000,0,0,0,0.000000
test/images/0d1db917073dd5b8_jpg.rf.0e31edc3f90d9ac9b89278c7a8e50a9f.jpg,dfine,d4a2fb18e9633ce99aa2b07f41d22d9ed1cba68aa14e980465baaa243cafed98,819,1024,1,0.0137649,459.1,0,0.000000,0,0,0,0.000000,0,0,0,0.000000
test/images/0d1db917073dd5b8_jpg.rf.0e31edc3f90d9ac9b89278c7a8e50a9f.jpg,yolo,d4a2fb18e9633ce99aa2b07f41d22d9ed1cba68aa14e980465baaa243cafed98,819,1024,1,0.0137649,769.2,0,0.000000,0,0,0,0.000000,0,0,0,0.000000
test/images/0d1db917073dd5b8_jpg.rf.0e31edc3f90d9ac9b89278c7a8e50a9f.jpg,soul,d4a2fb18e9633ce99aa2b07f41d22d9ed1cba68aa14e980465baaa243cafed98,819,1024,1,0.0137649,59.7,1,0.445507,1,0,0,0.237006,0,0,0,0.000000
test/images/0d4b3896f938d981_jpg.rf.1b3d0ee1ae27514c3abe54175453539d.jpg,dfire_yolov8n,404f24351204da0b5c85af01da78f5dfee7c1dccc38d4b95dcc42f50382d0a79,1024,709,1,0.1759080,61.5,4,0.215755,0,0,0,0.000000,0,0,0,0.000000
test/images/0d4b3896f938d981_jpg.rf.1b3d0ee1ae27514c3abe54175453539d.jpg,dfine,404f24351204da0b5c85af01da78f5dfee7c1dccc38d4b95dcc42f50382d0a79,1024,709,1,0.1759080,575.4,51,0.635714,1,0,0,0.113787,1,0,0,0.113787
test/images/0d4b3896f938d981_jpg.rf.1b3d0ee1ae27514c3abe54175453539d.jpg,yolo,404f24351204da0b5c85af01da78f5dfee7c1dccc38d4b95dcc42f50382d0a79,1024,709,1,0.1759080,701.3,1,0.107285,0,0,0,0.000000,0,0,0,0.000000
test/images/0d4b3896f938d981_jpg.rf.1b3d0ee1ae27514c3abe54175453539d.jpg,soul,404f24351204da0b5c85af01da78f5dfee7c1dccc38d4b95dcc42f50382d0a79,1024,709,1,0.1759080,52.0,1,0.809634,1,0,0,0.081933,1,0,0,0.081933
test/images/10-5114140_013119-wabc-elmwood-park-fire-new-closer-img_jpg.rf.0e2c43853e68fbfcf1145a90e8b0c015.jpg,dfire_yolov8n,cece9ff033c3d3e0f7ed187dd28d33a3e93238f2f0a7e3b79af94dbe1f536369,1280,720,1,0.1209375,63.3,5,0.430222,1,1,0,0.450689,0,0,0,0.000000
test/images/10-5114140_013119-wabc-elmwood-park-fire-new-closer-img_jpg.rf.0e2c43853e68fbfcf1145a90e8b0c015.jpg,dfine,cece9ff033c3d3e0f7ed187dd28d33a3e93238f2f0a7e3b79af94dbe1f536369,1280,720,1,0.1209375,407.2,135,0.639750,1,1,1,0.863359,1,1,0,0.439025
test/images/10-5114140_013119-wabc-elmwood-park-fire-new-closer-img_jpg.rf.0e2c43853e68fbfcf1145a90e8b0c015.jpg,yolo,cece9ff033c3d3e0f7ed187dd28d33a3e93238f2f0a7e3b79af94dbe1f536369,1280,720,1,0.1209375,679.6,10,0.533646,1,1,0,0.421987,1,0,0,0.241824
test/images/10-5114140_013119-wabc-elmwood-park-fire-new-closer-img_jpg.rf.0e2c43853e68fbfcf1145a90e8b0c015.jpg,soul,cece9ff033c3d3e0f7ed187dd28d33a3e93238f2f0a7e3b79af94dbe1f536369,1280,720,1,0.1209375,56.9,2,0.233838,0,0,0,0.000000,0,0,0,0.000000
test/images/10-image_jpg.rf.6eb3e1f0a10cb894cecad1bc7fef93f4.jpg,dfire_yolov8n,f9ef908f14e2b243b6c72de5f7aa5e7cb6e3b9757a26f8f40885d5b021faf601,894,571,5,0.0282385,57.6,7,0.620539,1,0,0,0.126752,1,0,0,0.126752
test/images/10-image_jpg.rf.6eb3e1f0a10cb894cecad1bc7fef93f4.jpg,dfine,f9ef908f14e2b243b6c72de5f7aa5e7cb6e3b9757a26f8f40885d5b021faf601,894,571,5,0.0282385,426.1,151,0.600748,1,1,1,0.744911,1,1,1,0.733449
test/images/10-image_jpg.rf.6eb3e1f0a10cb894cecad1bc7fef93f4.jpg,yolo,f9ef908f14e2b243b6c72de5f7aa5e7cb6e3b9757a26f8f40885d5b021faf601,894,571,5,0.0282385,699.4,15,0.299617,1,1,1,0.696965,0,0,0,0.000000
test/images/10-image_jpg.rf.6eb3e1f0a10cb894cecad1bc7fef93f4.jpg,soul,f9ef908f14e2b243b6c72de5f7aa5e7cb6e3b9757a26f8f40885d5b021faf601,894,571,5,0.0282385,61.9,5,0.792389,1,0,0,0.209992,1,0,0,0.209992
test/images/1019_jpg.rf.f897077937ec7b1b3c8f2881009423f7.jpg,dfire_yolov8n,847f35c81bc8f5b8528d92f89138c1a4ada7ea04e068355c560faa6dbeb7544e,1140,641,1,0.7085530,60.6,7,0.680694,1,1,1,0.518756,1,0,0,0.106826
test/images/1019_jpg.rf.f897077937ec7b1b3c8f2881009423f7.jpg,dfine,847f35c81bc8f5b8528d92f89138c1a4ada7ea04e068355c560faa6dbeb7544e,1140,641,1,0.7085530,465.9,168,0.787449,1,1,1,0.889409,1,1,1,0.615233
test/images/1019_jpg.rf.f897077937ec7b1b3c8f2881009423f7.jpg,yolo,847f35c81bc8f5b8528d92f89138c1a4ada7ea04e068355c560faa6dbeb7544e,1140,641,1,0.7085530,684.5,26,0.762683,1,0,0,0.096530,1,0,0,0.096530
test/images/1019_jpg.rf.f897077937ec7b1b3c8f2881009423f7.jpg,soul,847f35c81bc8f5b8528d92f89138c1a4ada7ea04e068355c560faa6dbeb7544e,1140,641,1,0.7085530,55.2,10,0.617033,1,0,0,0.097037,1,0,0,0.059505
test/images/1034_jpg.rf.576368a572c65e34f99c80d45d6209ee.jpg,dfire_yolov8n,c50e56f05b1c75a010fa5e6675c4b87e750b769bfd511a6f235122a4edae141a,625,430,1,0.1094400,52.3,7,0.362348,1,1,0,0.300129,0,0,0,0.000000
test/images/1034_jpg.rf.576368a572c65e34f99c80d45d6209ee.jpg,dfine,c50e56f05b1c75a010fa5e6675c4b87e750b769bfd511a6f235122a4edae141a,625,430,1,0.1094400,472.6,104,0.683566,1,1,0,0.453258,1,1,0,0.302938
test/images/1034_jpg.rf.576368a572c65e34f99c80d45d6209ee.jpg,yolo,c50e56f05b1c75a010fa5e6675c4b87e750b769bfd511a6f235122a4edae141a,625,430,1,0.1094400,706.7,8,0.640933,1,1,0,0.301887,1,1,0,0.301887
test/images/1034_jpg.rf.576368a572c65e34f99c80d45d6209ee.jpg,soul,c50e56f05b1c75a010fa5e6675c4b87e750b769bfd511a6f235122a4edae141a,625,430,1,0.1094400,56.6,6,0.745285,1,0,0,0.285590,1,0,0,0.285590
test/images/1070_jpg.rf.51121abffec09e273e856fe658cd938a.jpg,dfire_yolov8n,dd1fdd5a20ee381d71f1ca0b9b33b97ede12def25016ac9bdfbab4644c9d6fcd,1920,1280,2,0.1660319,64.4,5,0.721833,1,1,1,0.742834,1,1,1,0.742834
test/images/1070_jpg.rf.51121abffec09e273e856fe658cd938a.jpg,dfine,dd1fdd5a20ee381d71f1ca0b9b33b97ede12def25016ac9bdfbab4644c9d6fcd,1920,1280,2,0.1660319,438.7,117,0.816208,1,1,1,0.707851,1,1,1,0.700687
test/images/1070_jpg.rf.51121abffec09e273e856fe658cd938a.jpg,yolo,dd1fdd5a20ee381d71f1ca0b9b33b97ede12def25016ac9bdfbab4644c9d6fcd,1920,1280,2,0.1660319,709.8,11,0.504417,1,1,1,0.602139,1,1,1,0.602139
test/images/1070_jpg.rf.51121abffec09e273e856fe658cd938a.jpg,soul,dd1fdd5a20ee381d71f1ca0b9b33b97ede12def25016ac9bdfbab4644c9d6fcd,1920,1280,2,0.1660319,62.6,2,0.576885,1,1,1,0.548338,1,1,1,0.548338
test/images/1072_jpg.rf.c88e346bc0652df15bac08585204d115.jpg,dfire_yolov8n,971b4f5ea53700dffde77f2c82842eb8c153c434793c5a67621e07fae7cb4627,1024,668,1,0.0038361,63.6,2,0.393884,1,1,0,0.402747,0,0,0,0.000000
test/images/1072_jpg.rf.c88e346bc0652df15bac08585204d115.jpg,dfine,971b4f5ea53700dffde77f2c82842eb8c153c434793c5a67621e07fae7cb4627,1024,668,1,0.0038361,473.8,28,0.750743,1,1,0,0.426367,1,1,0,0.426367
test/images/1072_jpg.rf.c88e346bc0652df15bac08585204d115.jpg,yolo,971b4f5ea53700dffde77f2c82842eb8c153c434793c5a67621e07fae7cb4627,1024,668,1,0.0038361,727.9,4,0.486198,1,1,0,0.430241,0,0,0,0.000000
test/images/1072_jpg.rf.c88e346bc0652df15bac08585204d115.jpg,soul,971b4f5ea53700dffde77f2c82842eb8c153c434793c5a67621e07fae7cb4627,1024,668,1,0.0038361,58.2,3,0.418387,1,1,0,0.380282,0,0,0,0.000000
test/images/1079_jpg.rf.6ebb45fe41c736d70711dfa5d44876ec.jpg,dfire_yolov8n,1e81417b8647e930d6941527a77bab0861439d2260213b676625ee919cc97563,1280,960,1,0.9774536,64.7,2,0.286965,1,1,0,0.320213,0,0,0,0.000000
test/images/1079_jpg.rf.6ebb45fe41c736d70711dfa5d44876ec.jpg,dfine,1e81417b8647e930d6941527a77bab0861439d2260213b676625ee919cc97563,1280,960,1,0.9774536,1412.3,153,0.928883,1,1,1,0.978734,1,1,1,0.978734
test/images/1079_jpg.rf.6ebb45fe41c736d70711dfa5d44876ec.jpg,yolo,1e81417b8647e930d6941527a77bab0861439d2260213b676625ee919cc97563,1280,960,1,0.9774536,5883.7,13,0.768309,1,1,1,0.910756,1,1,1,0.910756
test/images/1079_jpg.rf.6ebb45fe41c736d70711dfa5d44876ec.jpg,soul,1e81417b8647e930d6941527a77bab0861439d2260213b676625ee919cc97563,1280,960,1,0.9774536,804.6,7,0.526188,1,0,0,0.034585,1,0,0,0.029888
test/images/10a4234031144d02_jpg.rf.22235e6c0b66d3e592e3c8ecf693bb23.jpg,dfire_yolov8n,a427a99ba48a51c176f1ba793d4f72fe94fe701fa38fcf7e5cb129635bcbfab6,1024,721,2,0.9301534,992.2,7,0.413083,1,0,0,0.076887,0,0,0,0.000000
test/images/10a4234031144d02_jpg.rf.22235e6c0b66d3e592e3c8ecf693bb23.jpg,dfine,a427a99ba48a51c176f1ba793d4f72fe94fe701fa38fcf7e5cb129635bcbfab6,1024,721,2,0.9301534,4291.4,84,0.828203,1,1,0,0.350215,1,1,0,0.350215
test/images/10a4234031144d02_jpg.rf.22235e6c0b66d3e592e3c8ecf693bb23.jpg,yolo,a427a99ba48a51c176f1ba793d4f72fe94fe701fa38fcf7e5cb129635bcbfab6,1024,721,2,0.9301534,5888.3,5,0.790696,1,1,0,0.344849,1,1,0,0.344849
test/images/10a4234031144d02_jpg.rf.22235e6c0b66d3e592e3c8ecf693bb23.jpg,soul,a427a99ba48a51c176f1ba793d4f72fe94fe701fa38fcf7e5cb129635bcbfab6,1024,721,2,0.9301534,610.2,7,0.847408,1,1,0,0.330894,1,1,0,0.330894
test/images/11-_106638522_capt324ure_jpg.rf.24999213454cf9457b955ded3399cf57.jpg,dfire_yolov8n,e591ff823238f8f53acbf8e3c0cca42af2a4b54ae787ce21a22481d7bf469c8e,660,660,3,0.0538017,1079.6,7,0.744312,1,1,1,0.720361,1,1,1,0.720361
test/images/11-_106638522_capt324ure_jpg.rf.24999213454cf9457b955ded3399cf57.jpg,dfine,e591ff823238f8f53acbf8e3c0cca42af2a4b54ae787ce21a22481d7bf469c8e,660,660,3,0.0538017,2794.8,94,0.807068,1,1,1,0.735763,1,1,1,0.735763
test/images/11-_106638522_capt324ure_jpg.rf.24999213454cf9457b955ded3399cf57.jpg,yolo,e591ff823238f8f53acbf8e3c0cca42af2a4b54ae787ce21a22481d7bf469c8e,660,660,3,0.0538017,5343.8,9,0.616047,1,1,1,0.724464,1,1,1,0.724464
test/images/11-_106638522_capt324ure_jpg.rf.24999213454cf9457b955ded3399cf57.jpg,soul,e591ff823238f8f53acbf8e3c0cca42af2a4b54ae787ce21a22481d7bf469c8e,660,660,3,0.0538017,627.3,5,0.780332,1,1,1,0.523318,1,1,1,0.523318
test/images/1103_jpg.rf.ed4bda85e15dd93403ce821fbc3cd8d3.jpg,dfire_yolov8n,d4fac12735131c01fc50ecb9130278e8012058a50ee70b63e5141e5c3a572875,1200,900,1,0.4333083,1053.2,13,0.598778,1,1,1,0.892810,1,0,0,0.220268
test/images/1103_jpg.rf.ed4bda85e15dd93403ce821fbc3cd8d3.jpg,dfine,d4fac12735131c01fc50ecb9130278e8012058a50ee70b63e5141e5c3a572875,1200,900,1,0.4333083,2756.1,140,0.694766,1,1,1,0.939746,1,1,1,0.939746
test/images/1103_jpg.rf.ed4bda85e15dd93403ce821fbc3cd8d3.jpg,yolo,d4fac12735131c01fc50ecb9130278e8012058a50ee70b63e5141e5c3a572875,1200,900,1,0.4333083,4535.8,24,0.659216,1,1,1,0.934078,1,0,0,0.105754
test/images/1103_jpg.rf.ed4bda85e15dd93403ce821fbc3cd8d3.jpg,soul,d4fac12735131c01fc50ecb9130278e8012058a50ee70b63e5141e5c3a572875,1200,900,1,0.4333083,559.7,10,0.776045,1,0,0,0.234531,1,0,0,0.095122
test/images/1135_jpg.rf.cdca50abdf838f669b6961a6394e5fe9.jpg,dfire_yolov8n,116b31aac1759dd0fe5546b43355712bde78c986a20eb9fa015b831a5ec749a7,1606,1004,1,0.3594321,870.0,11,0.714630,1,1,0,0.363780,1,1,0,0.363780
test/images/1135_jpg.rf.cdca50abdf838f669b6961a6394e5fe9.jpg,dfine,116b31aac1759dd0fe5546b43355712bde78c986a20eb9fa015b831a5ec749a7,1606,1004,1,0.3594321,3404.0,104,0.815060,1,1,1,0.942239,1,1,0,0.441337
test/images/1135_jpg.rf.cdca50abdf838f669b6961a6394e5fe9.jpg,yolo,116b31aac1759dd0fe5546b43355712bde78c986a20eb9fa015b831a5ec749a7,1606,1004,1,0.3594321,1056.5,16,0.805157,1,1,0,0.338225,1,1,0,0.338225
test/images/1135_jpg.rf.cdca50abdf838f669b6961a6394e5fe9.jpg,soul,116b31aac1759dd0fe5546b43355712bde78c986a20eb9fa015b831a5ec749a7,1606,1004,1,0.3594321,71.0,3,0.798231,1,1,0,0.401656,1,1,0,0.401656
test/images/1167_jpg.rf.71a11762847e741b8c00d9177296f868.jpg,dfire_yolov8n,040ab072f9deddae6cca8e24c4fd79d25f78e3bb3ab6851bfd9e28d8a3aa960a,768,768,1,0.1527100,85.2,2,0.523935,1,0,0,0.064038,1,0,0,0.064038
test/images/1167_jpg.rf.71a11762847e741b8c00d9177296f868.jpg,dfine,040ab072f9deddae6cca8e24c4fd79d25f78e3bb3ab6851bfd9e28d8a3aa960a,768,768,1,0.1527100,502.4,28,0.596532,1,0,0,0.077552,1,0,0,0.046185
test/images/1167_jpg.rf.71a11762847e741b8c00d9177296f868.jpg,yolo,040ab072f9deddae6cca8e24c4fd79d25f78e3bb3ab6851bfd9e28d8a3aa960a,768,768,1,0.1527100,738.3,4,0.290662,1,0,0,0.075495,0,0,0,0.000000
test/images/1167_jpg.rf.71a11762847e741b8c00d9177296f868.jpg,soul,040ab072f9deddae6cca8e24c4fd79d25f78e3bb3ab6851bfd9e28d8a3aa960a,768,768,1,0.1527100,50.0,5,0.726888,1,0,0,0.034217,1,0,0,0.034217
test/images/1183_jpg.rf.c3c8afd9c6969323a8e7123452afa06f.jpg,dfire_yolov8n,63ee96ae63b097646625ccd55798decd9905cd693f7be2c7235ae372694bc3d0,1280,720,1,0.2275477,60.2,5,0.499149,1,1,1,0.775857,0,0,0,0.000000
test/images/1183_jpg.rf.c3c8afd9c6969323a8e7123452afa06f.jpg,dfine,63ee96ae63b097646625ccd55798decd9905cd693f7be2c7235ae372694bc3d0,1280,720,1,0.2275477,406.6,106,0.653964,1,1,1,0.898803,1,1,1,0.820919
test/images/1183_jpg.rf.c3c8afd9c6969323a8e7123452afa06f.jpg,yolo,63ee96ae63b097646625ccd55798decd9905cd693f7be2c7235ae372694bc3d0,1280,720,1,0.2275477,748.2,13,0.312861,1,1,0,0.326525,0,0,0,0.000000
test/images/1183_jpg.rf.c3c8afd9c6969323a8e7123452afa06f.jpg,soul,63ee96ae63b097646625ccd55798decd9905cd693f7be2c7235ae372694bc3d0,1280,720,1,0.2275477,50.8,5,0.296980,1,1,0,0.321384,0,0,0,0.000000
test/images/1217_jpg.rf.f3ee00073c026025d969b9005db118ab.jpg,dfire_yolov8n,e83aaf86570eb0d4ff62696856760886bf109d0ee5582b75cb7730607df969cb,900,506,1,0.0029952,60.0,2,0.735004,1,1,1,0.777208,1,1,1,0.777208
test/images/1217_jpg.rf.f3ee00073c026025d969b9005db118ab.jpg,dfine,e83aaf86570eb0d4ff62696856760886bf109d0ee5582b75cb7730607df969cb,900,506,1,0.0029952,457.4,5,0.815576,1,1,1,0.666667,1,1,1,0.666667
test/images/1217_jpg.rf.f3ee00073c026025d969b9005db118ab.jpg,yolo,e83aaf86570eb0d4ff62696856760886bf109d0ee5582b75cb7730607df969cb,900,506,1,0.0029952,641.2,2,0.724547,1,1,1,0.647059,1,1,1,0.647059
test/images/1217_jpg.rf.f3ee00073c026025d969b9005db118ab.jpg,soul,e83aaf86570eb0d4ff62696856760886bf109d0ee5582b75cb7730607df969cb,900,506,1,0.0029952,41.5,2,0.723617,1,1,1,0.874359,1,1,1,0.874359
test/images/1236_jpg.rf.043fbe38ca58e856e6e277b86e623fb4.jpg,dfire_yolov8n,01bb58d2181fb6fa0eb4ea96a4000d93002147b3ee5f71c707df5e6dcc57ec16,4032,3024,1,0.0433044,97.7,2,0.801249,1,1,1,0.688606,1,1,1,0.688606
test/images/1236_jpg.rf.043fbe38ca58e856e6e277b86e623fb4.jpg,dfine,01bb58d2181fb6fa0eb4ea96a4000d93002147b3ee5f71c707df5e6dcc57ec16,4032,3024,1,0.0433044,433.4,30,0.867023,1,1,1,0.640383,1,1,1,0.640383
test/images/1236_jpg.rf.043fbe38ca58e856e6e277b86e623fb4.jpg,yolo,01bb58d2181fb6fa0eb4ea96a4000d93002147b3ee5f71c707df5e6dcc57ec16,4032,3024,1,0.0433044,712.5,4,0.812926,1,1,1,0.732642,1,1,1,0.732642
test/images/1236_jpg.rf.043fbe38ca58e856e6e277b86e623fb4.jpg,soul,01bb58d2181fb6fa0eb4ea96a4000d93002147b3ee5f71c707df5e6dcc57ec16,4032,3024,1,0.0433044,114.6,3,0.851326,1,1,1,0.714875,1,1,1,0.714875
test/images/1245_jpg.rf.9ad86adc18909c97043d2b2344f4a646.jpg,dfire_yolov8n,20d6bf470f248bf27c888f073fb1be756a9937a1f8b5d4878491b3b657915125,1280,720,1,0.6342014,52.9,11,0.519083,1,1,1,0.598399,1,1,1,0.598399
test/images/1245_jpg.rf.9ad86adc18909c97043d2b2344f4a646.jpg,dfine,20d6bf470f248bf27c888f073fb1be756a9937a1f8b5d4878491b3b657915125,1280,720,1,0.6342014,429.9,144,0.839221,1,1,1,0.862966,1,1,1,0.595305
test/images/1245_jpg.rf.9ad86adc18909c97043d2b2344f4a646.jpg,yolo,20d6bf470f248bf27c888f073fb1be756a9937a1f8b5d4878491b3b657915125,1280,720,1,0.6342014,678.6,16,0.728828,1,1,0,0.480755,1,1,0,0.480755
test/images/1245_jpg.rf.9ad86adc18909c97043d2b2344f4a646.jpg,soul,20d6bf470f248bf27c888f073fb1be756a9937a1f8b5d4878491b3b657915125,1280,720,1,0.6342014,55.8,15,0.805202,1,1,0,0.435071,1,1,0,0.435071
test/images/1248_jpg.rf.6e861dd3c9da99f27d96bc74d364c1d7.jpg,dfire_yolov8n,88e3db7f5c16f805f73a9b248a897be63155999afe946d156ee1bb7859914f46,800,450,2,0.4287111,56.8,6,0.826096,1,1,1,0.924461,1,1,1,0.924461
test/images/1248_jpg.rf.6e861dd3c9da99f27d96bc74d364c1d7.jpg,dfine,88e3db7f5c16f805f73a9b248a897be63155999afe946d156ee1bb7859914f46,800,450,2,0.4287111,458.2,123,0.800811,1,1,1,0.944924,1,1,1,0.944924
test/images/1248_jpg.rf.6e861dd3c9da99f27d96bc74d364c1d7.jpg,yolo,88e3db7f5c16f805f73a9b248a897be63155999afe946d156ee1bb7859914f46,800,450,2,0.4287111,705.3,6,0.835233,1,1,1,0.935749,1,1,1,0.935749
test/images/1248_jpg.rf.6e861dd3c9da99f27d96bc74d364c1d7.jpg,soul,88e3db7f5c16f805f73a9b248a897be63155999afe946d156ee1bb7859914f46,800,450,2,0.4287111,50.2,6,0.839108,1,1,1,0.547134,1,0,0,0.204014
test/images/1280_jpg.rf.f4cc2c5e0e92c2f4e798aeb5c6029683.jpg,dfire_yolov8n,78a8fd502b6c7c578ce8648aa52f817aa8a6899c67a01ff49e852ad4788ee709,800,613,1,0.7482321,57.9,7,0.670560,1,1,1,0.593342,1,1,1,0.593342
test/images/1280_jpg.rf.f4cc2c5e0e92c2f4e798aeb5c6029683.jpg,dfine,78a8fd502b6c7c578ce8648aa52f817aa8a6899c67a01ff49e852ad4788ee709,800,613,1,0.7482321,389.1,151,0.895806,1,1,1,0.667154,1,1,1,0.667154
test/images/1280_jpg.rf.f4cc2c5e0e92c2f4e798aeb5c6029683.jpg,yolo,78a8fd502b6c7c578ce8648aa52f817aa8a6899c67a01ff49e852ad4788ee709,800,613,1,0.7482321,686.8,16,0.781541,1,1,1,0.616852,1,1,1,0.616852
test/images/1280_jpg.rf.f4cc2c5e0e92c2f4e798aeb5c6029683.jpg,soul,78a8fd502b6c7c578ce8648aa52f817aa8a6899c67a01ff49e852ad4788ee709,800,613,1,0.7482321,54.5,5,0.786870,1,1,0,0.463747,1,1,0,0.463747
test/images/1297_jpg.rf.f9c1ae77237158e9b8109e5692f82742.jpg,dfire_yolov8n,0810bb0673a16dfb7d4ef445dd1f53a384af0e4dbce154e06654b9229bf858a1,3000,1816,2,0.3025374,75.9,8,0.359569,1,1,0,0.489560,0,0,0,0.000000
test/images/1297_jpg.rf.f9c1ae77237158e9b8109e5692f82742.jpg,dfine,0810bb0673a16dfb7d4ef445dd1f53a384af0e4dbce154e06654b9229bf858a1,3000,1816,2,0.3025374,430.9,27,0.116464,0,0,0,0.000000,0,0,0,0.000000
test/images/1297_jpg.rf.f9c1ae77237158e9b8109e5692f82742.jpg,yolo,0810bb0673a16dfb7d4ef445dd1f53a384af0e4dbce154e06654b9229bf858a1,3000,1816,2,0.3025374,703.7,10,0.427892,1,1,1,0.610950,0,0,0,0.000000
test/images/1297_jpg.rf.f9c1ae77237158e9b8109e5692f82742.jpg,soul,0810bb0673a16dfb7d4ef445dd1f53a384af0e4dbce154e06654b9229bf858a1,3000,1816,2,0.3025374,84.3,8,0.799288,1,1,1,0.586068,1,1,1,0.586068
test/images/1317_jpg.rf.272c88e4ff0ab919ecac9fb21b0f12d1.jpg,dfire_yolov8n,c10a2dd490c6bbe207173d36cbf0762e66db367c814b3dfa43d6cf45b939e4c1,1616,1080,1,0.0632621,50.9,2,0.191952,0,0,0,0.000000,0,0,0,0.000000
test/images/1317_jpg.rf.272c88e4ff0ab919ecac9fb21b0f12d1.jpg,dfine,c10a2dd490c6bbe207173d36cbf0762e66db367c814b3dfa43d6cf45b939e4c1,1616,1080,1,0.0632621,376.2,40,0.807126,1,1,1,0.775764,1,1,1,0.775764
test/images/1317_jpg.rf.272c88e4ff0ab919ecac9fb21b0f12d1.jpg,yolo,c10a2dd490c6bbe207173d36cbf0762e66db367c814b3dfa43d6cf45b939e4c1,1616,1080,1,0.0632621,710.1,5,0.373679,1,1,1,0.753192,0,0,0,0.000000
test/images/1317_jpg.rf.272c88e4ff0ab919ecac9fb21b0f12d1.jpg,soul,c10a2dd490c6bbe207173d36cbf0762e66db367c814b3dfa43d6cf45b939e4c1,1616,1080,1,0.0632621,58.5,2,0.381561,1,1,0,0.338001,0,0,0,0.000000
test/images/1339_jpg.rf.7665134df25c7ae71903ba5dc23851cd.jpg,dfire_yolov8n,bb753b852afe64add0c50a122d0b6ae42a097d2df65809e58b79d9427452ece3,900,785,1,0.3728351,56.1,16,0.601643,1,0,0,0.080180,1,0,0,0.008872
test/images/1339_jpg.rf.7665134df25c7ae71903ba5dc23851cd.jpg,dfine,bb753b852afe64add0c50a122d0b6ae42a097d2df65809e58b79d9427452ece3,900,785,1,0.3728351,427.2,140,0.651431,1,0,0,0.233706,1,0,0,0.233706
test/images/1339_jpg.rf.7665134df25c7ae71903ba5dc23851cd.jpg,yolo,bb753b852afe64add0c50a122d0b6ae42a097d2df65809e58b79d9427452ece3,900,785,1,0.3728351,3602.0,22,0.575178,1,0,0,0.066388,1,0,0,0.027881
test/images/1339_jpg.rf.7665134df25c7ae71903ba5dc23851cd.jpg,soul,bb753b852afe64add0c50a122d0b6ae42a097d2df65809e58b79d9427452ece3,900,785,1,0.3728351,592.8,14,0.748377,1,0,0,0.024297,1,0,0,0.007699
test/images/133_jpg.rf.8ef824eba3cadb4ff77e36ae00c0c276.jpg,dfire_yolov8n,196fd8f3f3dcc7af87bae9b0b198e08dce0923565feb1e85ed6254e244094d43,1280,720,4,0.0856348,969.1,4,0.728196,1,1,1,0.823896,1,1,1,0.732874
test/images/133_jpg.rf.8ef824eba3cadb4ff77e36ae00c0c276.jpg,dfine,196fd8f3f3dcc7af87bae9b0b198e08dce0923565feb1e85ed6254e244094d43,1280,720,4,0.0856348,3008.1,145,0.733361,1,1,1,0.860878,1,1,1,0.860878
test/images/133_jpg.rf.8ef824eba3cadb4ff77e36ae00c0c276.jpg,yolo,196fd8f3f3dcc7af87bae9b0b198e08dce0923565feb1e85ed6254e244094d43,1280,720,4,0.0856348,5544.8,7,0.745935,1,1,1,0.881776,1,1,1,0.702763
test/images/133_jpg.rf.8ef824eba3cadb4ff77e36ae00c0c276.jpg,soul,196fd8f3f3dcc7af87bae9b0b198e08dce0923565feb1e85ed6254e244094d43,1280,720,4,0.0856348,609.1,4,0.873076,1,1,1,0.903163,1,1,1,0.903163
test/images/1386_jpg.rf.f8403820878a38ea84faf82f8add3039.jpg,dfire_yolov8n,fb3725a0d8ff8c9d84d24d44bdf3ca327d72aaa31e5a70cab915de1e754e2abd,1280,720,1,0.0294336,819.2,2,0.757884,1,1,1,0.760450,1,1,1,0.760450
test/images/1386_jpg.rf.f8403820878a38ea84faf82f8add3039.jpg,dfine,fb3725a0d8ff8c9d84d24d44bdf3ca327d72aaa31e5a70cab915de1e754e2abd,1280,720,1,0.0294336,2741.5,14,0.856535,1,1,1,0.778306,1,1,1,0.778306
test/images/1386_jpg.rf.f8403820878a38ea84faf82f8add3039.jpg,yolo,fb3725a0d8ff8c9d84d24d44bdf3ca327d72aaa31e5a70cab915de1e754e2abd,1280,720,1,0.0294336,4205.3,1,0.806700,1,1,1,0.708024,1,1,1,0.708024
test/images/1386_jpg.rf.f8403820878a38ea84faf82f8add3039.jpg,soul,fb3725a0d8ff8c9d84d24d44bdf3ca327d72aaa31e5a70cab915de1e754e2abd,1280,720,1,0.0294336,788.5,6,0.835961,1,1,1,0.650759,1,1,1,0.650759
test/images/1394_jpg.rf.28480fd65008e5d5fd37ce6615620229.jpg,dfire_yolov8n,6276e96d8b37f4da2b861a81a6d02ee06d68fcd0d90be417efe759ed01e087ad,1110,427,1,0.2103973,1269.7,3,0.859340,1,1,0,0.431217,1,1,0,0.431217
test/images/1394_jpg.rf.28480fd65008e5d5fd37ce6615620229.jpg,dfine,6276e96d8b37f4da2b861a81a6d02ee06d68fcd0d90be417efe759ed01e087ad,1110,427,1,0.2103973,3066.8,38,0.766686,1,1,1,0.971255,1,1,0,0.474034
test/images/1394_jpg.rf.28480fd65008e5d5fd37ce6615620229.jpg,yolo,6276e96d8b37f4da2b861a81a6d02ee06d68fcd0d90be417efe759ed01e087ad,1110,427,1,0.2103973,6490.5,3,0.772636,1,1,0,0.464692,1,1,0,0.464692
test/images/1394_jpg.rf.28480fd65008e5d5fd37ce6615620229.jpg,soul,6276e96d8b37f4da2b861a81a6d02ee06d68fcd0d90be417efe759ed01e087ad,1110,427,1,0.2103973,808.9,2,0.815996,1,1,0,0.439256,1,1,0,0.439256
test/images/1404_jpg.rf.48478257a380b1d6282da1d4b3310ce3.jpg,dfire_yolov8n,65661a9cb3a06eb428751bf6e3e7b655398cebba3209cc848384b1397639f81f,1000,667,4,0.0847421,1086.9,25,0.548874,1,0,0,0.284251,1,0,0,0.284251
test/images/1404_jpg.rf.48478257a380b1d6282da1d4b3310ce3.jpg,dfine,65661a9cb3a06eb428751bf6e3e7b655398cebba3209cc848384b1397639f81f,1000,667,4,0.0847421,3269.7,152,0.727778,1,1,1,0.810451,1,1,1,0.592691
test/images/1404_jpg.rf.48478257a380b1d6282da1d4b3310ce3.jpg,yolo,65661a9cb3a06eb428751bf6e3e7b655398cebba3209cc848384b1397639f81f,1000,667,4,0.0847421,4865.2,29,0.830180,1,1,0,0.401216,1,1,0,0.401216
test/images/1404_jpg.rf.48478257a380b1d6282da1d4b3310ce3.jpg,soul,65661a9cb3a06eb428751bf6e3e7b655398cebba3209cc848384b1397639f81f,1000,667,4,0.0847421,586.8,11,0.764562,1,1,0,0.337656,1,1,0,0.337656
test/images/141_jpg.rf.be411b883feb085020b1928c66892b00.jpg,dfire_yolov8n,86842cf545432cc2e42982cd132535a1a9dea7626b78298d14f2c322859c325e,634,422,1,0.3002826,802.0,11,0.721178,1,0,0,0.190056,1,0,0,0.190056
test/images/141_jpg.rf.be411b883feb085020b1928c66892b00.jpg,dfine,86842cf545432cc2e42982cd132535a1a9dea7626b78298d14f2c322859c325e,634,422,1,0.3002826,2922.1,105,0.829389,1,1,0,0.409385,1,0,0,0.183794
test/images/141_jpg.rf.be411b883feb085020b1928c66892b00.jpg,yolo,86842cf545432cc2e42982cd132535a1a9dea7626b78298d14f2c322859c325e,634,422,1,0.3002826,4359.1,15,0.721695,1,0,0,0.182972,1,0,0,0.182972
test/images/141_jpg.rf.be411b883feb085020b1928c66892b00.jpg,soul,86842cf545432cc2e42982cd132535a1a9dea7626b78298d14f2c322859c325e,634,422,1,0.3002826,563.5,8,0.866631,1,0,0,0.173077,1,0,0,0.173077
test/images/15-Firefighters-try-to-extinguish-a-fire-at-a-petrochemical-plant-in-Zhangzhou_jpg.rf.d7b86fb7a14cbee68cf6713c67a66f23.jpg,dfire_yolov8n,331661f7a3c57ce41bad0592e8315765e26aa34cee13fad151b382d6e9f2c152,1894,1227,1,0.0355457,411.5,4,0.303413,1,0,0,0.000000,0,0,0,0.000000
test/images/15-Firefighters-try-to-extinguish-a-fire-at-a-petrochemical-plant-in-Zhangzhou_jpg.rf.d7b86fb7a14cbee68cf6713c67a66f23.jpg,dfine,331661f7a3c57ce41bad0592e8315765e26aa34cee13fad151b382d6e9f2c152,1894,1227,1,0.0355457,2813.8,75,0.482240,1,1,1,0.852514,0,0,0,0.000000
test/images/15-Firefighters-try-to-extinguish-a-fire-at-a-petrochemical-plant-in-Zhangzhou_jpg.rf.d7b86fb7a14cbee68cf6713c67a66f23.jpg,yolo,331661f7a3c57ce41bad0592e8315765e26aa34cee13fad151b382d6e9f2c152,1894,1227,1,0.0355457,2252.2,0,0.000000,0,0,0,0.000000,0,0,0,0.000000
test/images/15-Firefighters-try-to-extinguish-a-fire-at-a-petrochemical-plant-in-Zhangzhou_jpg.rf.d7b86fb7a14cbee68cf6713c67a66f23.jpg,soul,331661f7a3c57ce41bad0592e8315765e26aa34cee13fad151b382d6e9f2c152,1894,1227,1,0.0355457,62.9,5,0.715802,1,0,0,0.000000,1,0,0,0.000000
test/images/164_jpg.rf.c1dbeba09479238e88c28fe4d608a58b.jpg,dfire_yolov8n,40cf2f8e929e2dc6b781a062452195aa3126d360f17a47b7030ba93e5ee9d70c,1280,720,1,0.2398220,66.7,2,0.778191,1,1,1,0.878251,1,1,1,0.878251
test/images/164_jpg.rf.c1dbeba09479238e88c28fe4d608a58b.jpg,dfine,40cf2f8e929e2dc6b781a062452195aa3126d360f17a47b7030ba93e5ee9d70c,1280,720,1,0.2398220,453.2,46,0.837196,1,1,1,0.922376,1,1,1,0.922376
test/images/164_jpg.rf.c1dbeba09479238e88c28fe4d608a58b.jpg,yolo,40cf2f8e929e2dc6b781a062452195aa3126d360f17a47b7030ba93e5ee9d70c,1280,720,1,0.2398220,762.9,2,0.808634,1,1,1,0.923131,1,1,1,0.923131
test/images/164_jpg.rf.c1dbeba09479238e88c28fe4d608a58b.jpg,soul,40cf2f8e929e2dc6b781a062452195aa3126d360f17a47b7030ba93e5ee9d70c,1280,720,1,0.2398220,50.5,1,0.879875,1,1,1,0.873473,1,1,1,0.873473
test/images/174_jpg.rf.88ccc1fe4e727f860b61becc7a6fa785.jpg,dfire_yolov8n,5f4829751dd1a2c5a669a4a3d0f235494ddc6e4a9fe56b4038d12049dfdf45b5,3456,5184,2,0.0630582,155.7,9,0.276522,1,0,0,0.145531,0,0,0,0.000000
test/images/174_jpg.rf.88ccc1fe4e727f860b61becc7a6fa785.jpg,dfine,5f4829751dd1a2c5a669a4a3d0f235494ddc6e4a9fe56b4038d12049dfdf45b5,3456,5184,2,0.0630582,480.6,75,0.762160,1,1,0,0.342463,1,0,0,0.154908
test/images/174_jpg.rf.88ccc1fe4e727f860b61becc7a6fa785.jpg,yolo,5f4829751dd1a2c5a669a4a3d0f235494ddc6e4a9fe56b4038d12049dfdf45b5,3456,5184,2,0.0630582,806.6,14,0.517628,1,0,0,0.272501,1,0,0,0.134106
test/images/174_jpg.rf.88ccc1fe4e727f860b61becc7a6fa785.jpg,soul,5f4829751dd1a2c5a669a4a3d0f235494ddc6e4a9fe56b4038d12049dfdf45b5,3456,5184,2,0.0630582,148.3,7,0.688908,1,0,0,0.100717,1,0,0,0.100717
test/images/17bfc35f00d47253_jpg.rf.a1084e2d5512f1327d6290eca5f4cd0d.jpg,dfire_yolov8n,6ee3e342840009ec135708bc6211f8ee8222364e2aa440aafe5ac68cb7ad976d,713,1024,1,0.0391995,53.6,0,0.000000,0,0,0,0.000000,0,0,0,0.000000
test/images/17bfc35f00d47253_jpg.rf.a1084e2d5512f1327d6290eca5f4cd0d.jpg,dfine,6ee3e342840009ec135708bc6211f8ee8222364e2aa440aafe5ac68cb7ad976d,713,1024,1,0.0391995,375.3,0,0.000000,0,0,0,0.000000,0,0,0,0.000000
test/images/17bfc35f00d47253_jpg.rf.a1084e2d5512f1327d6290eca5f4cd0d.jpg,yolo,6ee3e342840009ec135708bc6211f8ee8222364e2aa440aafe5ac68cb7ad976d,713,1024,1,0.0391995,696.5,0,0.000000,0,0,0,0.000000,0,0,0,0.000000
test/images/17bfc35f00d47253_jpg.rf.a1084e2d5512f1327d6290eca5f4cd0d.jpg,soul,6ee3e342840009ec135708bc6211f8ee8222364e2aa440aafe5ac68cb7ad976d,713,1024,1,0.0391995,64.4,0,0.000000,0,0,0,0.000000,0,0,0,0.000000
test/images/1854e0df0210495d_jpg.rf.b96e6a87855abe5b74a10b1a0f5e4415.jpg,dfire_yolov8n,2427c5b20dfc6e59b4dd022c18ef7f2ec953d9bc9766e7468410f4eed283e169,683,1024,1,0.3570101,55.1,3,0.589537,1,1,0,0.431009,1,1,0,0.418628
test/images/1854e0df0210495d_jpg.rf.b96e6a87855abe5b74a10b1a0f5e4415.jpg,dfine,2427c5b20dfc6e59b4dd022c18ef7f2ec953d9bc9766e7468410f4eed283e169,683,1024,1,0.3570101,411.0,37,0.927602,1,1,1,0.637436,1,1,1,0.637436
test/images/1854e0df0210495d_jpg.rf.b96e6a87855abe5b74a10b1a0f5e4415.jpg,yolo,2427c5b20dfc6e59b4dd022c18ef7f2ec953d9bc9766e7468410f4eed283e169,683,1024,1,0.3570101,689.6,5,0.755326,1,1,1,0.638552,1,1,1,0.638552
test/images/1854e0df0210495d_jpg.rf.b96e6a87855abe5b74a10b1a0f5e4415.jpg,soul,2427c5b20dfc6e59b4dd022c18ef7f2ec953d9bc9766e7468410f4eed283e169,683,1024,1,0.3570101,60.0,6,0.825711,1,0,0,0.264448,1,0,0,0.264448
test/images/1861bf1c2bbb6cfd_jpg.rf.9d1d05845760043e683cffb65759a881.jpg,dfire_yolov8n,93023656fe33a593e22847b1f3c9cd6e4c636712d17e48521a8f2b0f80b0ebf7,896,1024,1,0.0179814,58.5,1,0.314509,1,1,1,0.763841,0,0,0,0.000000
test/images/1861bf1c2bbb6cfd_jpg.rf.9d1d05845760043e683cffb65759a881.jpg,dfine,93023656fe33a593e22847b1f3c9cd6e4c636712d17e48521a8f2b0f80b0ebf7,896,1024,1,0.0179814,471.0,4,0.896652,1,1,1,0.801327,1,1,1,0.801327
test/images/1861bf1c2bbb6cfd_jpg.rf.9d1d05845760043e683cffb65759a881.jpg,yolo,93023656fe33a593e22847b1f3c9cd6e4c636712d17e48521a8f2b0f80b0ebf7,896,1024,1,0.0179814,714.6,1,0.194354,0,0,0,0.000000,0,0,0,0.000000
test/images/1861bf1c2bbb6cfd_jpg.rf.9d1d05845760043e683cffb65759a881.jpg,soul,93023656fe33a593e22847b1f3c9cd6e4c636712d17e48521a8f2b0f80b0ebf7,896,1024,1,0.0179814,60.5,1,0.847417,1,1,1,0.834649,1,1,1,0.834649
test/images/1f990b331e554127_jpg.rf.8e4a35d061832d13c29b7f262559dda6.jpg,dfire_yolov8n,e7849aa64ad50da4f6a759b6a33d303c92f35cda190831c182df7b6fb908abd1,1024,1022,1,0.0878600,55.3,4,0.708147,1,1,1,0.671271,1,1,1,0.671271
test/images/1f990b331e554127_jpg.rf.8e4a35d061832d13c29b7f262559dda6.jpg,dfine,e7849aa64ad50da4f6a759b6a33d303c92f35cda190831c182df7b6fb908abd1,1024,1022,1,0.0878600,470.9,25,0.863104,1,1,1,0.751157,1,1,1,0.751157
test/images/1f990b331e554127_jpg.rf.8e4a35d061832d13c29b7f262559dda6.jpg,yolo,e7849aa64ad50da4f6a759b6a33d303c92f35cda190831c182df7b6fb908abd1,1024,1022,1,0.0878600,733.4,5,0.692117,1,1,1,0.747486,1,1,1,0.747486
test/images/1f990b331e554127_jpg.rf.8e4a35d061832d13c29b7f262559dda6.jpg,soul,e7849aa64ad50da4f6a759b6a33d303c92f35cda190831c182df7b6fb908abd1,1024,1022,1,0.0878600,61.8,6,0.797906,1,1,1,0.677600,1,1,1,0.677600
test/images/203_jpg.rf.6d8495847f77ff7554958e2284335a7f.jpg,dfire_yolov8n,7051a4f784e0d162198f226eb189209c8dbc660436e202847e56f3cf5e487065,848,480,1,0.0414505,49.5,3,0.665084,1,1,0,0.368243,1,1,0,0.368243
test/images/203_jpg.rf.6d8495847f77ff7554958e2284335a7f.jpg,dfine,7051a4f784e0d162198f226eb189209c8dbc660436e202847e56f3cf5e487065,848,480,1,0.0414505,450.6,61,0.791106,1,1,0,0.310100,1,1,0,0.310100
test/images/203_jpg.rf.6d8495847f77ff7554958e2284335a7f.jpg,yolo,7051a4f784e0d162198f226eb189209c8dbc660436e202847e56f3cf5e487065,848,480,1,0.0414505,639.3,3,0.800666,1,1,0,0.319464,1,1,0,0.319464
test/images/203_jpg.rf.6d8495847f77ff7554958e2284335a7f.jpg,soul,7051a4f784e0d162198f226eb189209c8dbc660436e202847e56f3cf5e487065,848,480,1,0.0414505,40.1,9,0.692586,1,1,0,0.484590,1,1,0,0.484590
test/images/217_jpg.rf.4dd0599fd84bf6c47c47c59d7a6c935d.jpg,dfire_yolov8n,fde87622e1283fb7a3bb8b8fb33e54ca40b8ad6d85c7a2f7a848cdc25551afe0,3072,3072,1,0.6957370,79.8,1,0.507332,1,1,1,0.707822,1,1,1,0.707822
test/images/217_jpg.rf.4dd0599fd84bf6c47c47c59d7a6c935d.jpg,dfine,fde87622e1283fb7a3bb8b8fb33e54ca40b8ad6d85c7a2f7a848cdc25551afe0,3072,3072,1,0.6957370,379.2,25,0.944715,1,1,1,0.832041,1,1,1,0.832041
test/images/217_jpg.rf.4dd0599fd84bf6c47c47c59d7a6c935d.jpg,yolo,fde87622e1283fb7a3bb8b8fb33e54ca40b8ad6d85c7a2f7a848cdc25551afe0,3072,3072,1,0.6957370,773.0,5,0.840794,1,1,1,0.684961,1,1,1,0.647664
test/images/217_jpg.rf.4dd0599fd84bf6c47c47c59d7a6c935d.jpg,soul,fde87622e1283fb7a3bb8b8fb33e54ca40b8ad6d85c7a2f7a848cdc25551afe0,3072,3072,1,0.6957370,106.5,3,0.775312,1,1,1,0.703028,1,1,1,0.703028
test/images/236413eba58a6dea_jpg.rf.6e8385ac26ea49efe19c7da2f0f926d8.jpg,dfire_yolov8n,e12e18002e269ef95cbe0a283725b2cf7d931b5bef4824afe1d695f087b050ed,1024,768,1,0.0208015,64.4,4,0.735542,1,1,1,0.642033,1,1,1,0.642033
test/images/236413eba58a6dea_jpg.rf.6e8385ac26ea49efe19c7da2f0f926d8.jpg,dfine,e12e18002e269ef95cbe0a283725b2cf7d931b5bef4824afe1d695f087b050ed,1024,768,1,0.0208015,2001.2,33,0.908240,1,1,1,0.823219,1,1,1,0.823219
test/images/236413eba58a6dea_jpg.rf.6e8385ac26ea49efe19c7da2f0f926d8.jpg,yolo,e12e18002e269ef95cbe0a283725b2cf7d931b5bef4824afe1d695f087b050ed,1024,768,1,0.0208015,4335.6,4,0.801611,1,1,1,0.823509,1,1,1,0.823509
test/images/236413eba58a6dea_jpg.rf.6e8385ac26ea49efe19c7da2f0f926d8.jpg,soul,e12e18002e269ef95cbe0a283725b2cf7d931b5bef4824afe1d695f087b050ed,1024,768,1,0.0208015,515.8,9,0.818161,1,1,1,0.876218,1,1,1,0.876218
test/images/23d49c1d550c4c8b_jpg.rf.5371922289291e3f6c020e75ee5a4c8d.jpg,dfire_yolov8n,ac5efb825078c771f7dbdc3eb6bb5c78acd91091fb04dad7124b9499ecd0b9ea,1024,768,1,0.1387024,792.1,13,0.610536,1,1,0,0.370510,1,1,0,0.370510
test/images/23d49c1d550c4c8b_jpg.rf.5371922289291e3f6c020e75ee5a4c8d.jpg,dfine,ac5efb825078c771f7dbdc3eb6bb5c78acd91091fb04dad7124b9499ecd0b9ea,1024,768,1,0.1387024,3036.6,107,0.825121,1,1,1,0.731817,1,1,1,0.731817
test/images/23d49c1d550c4c8b_jpg.rf.5371922289291e3f6c020e75ee5a4c8d.jpg,yolo,ac5efb825078c771f7dbdc3eb6bb5c78acd91091fb04dad7124b9499ecd0b9ea,1024,768,1,0.1387024,4365.4,13,0.541180,1,1,1,0.677937,1,1,1,0.677937
test/images/23d49c1d550c4c8b_jpg.rf.5371922289291e3f6c020e75ee5a4c8d.jpg,soul,ac5efb825078c771f7dbdc3eb6bb5c78acd91091fb04dad7124b9499ecd0b9ea,1024,768,1,0.1387024,573.9,6,0.582563,1,1,1,0.518519,1,1,1,0.518519
test/images/252_jpg.rf.ec239c35fdb335289e0179fc79b47d69.jpg,dfire_yolov8n,253705eefe5460f87c3190daa4273fa1cd9b2485df565e907251b4702a761d08,1041,637,4,0.0860904,897.4,12,0.761894,1,1,1,0.688643,1,1,1,0.688643
test/images/252_jpg.rf.ec239c35fdb335289e0179fc79b47d69.jpg,dfine,253705eefe5460f87c3190daa4273fa1cd9b2485df565e907251b4702a761d08,1041,637,4,0.0860904,1334.4,112,0.814391,1,1,1,0.644850,1,1,1,0.605135
test/images/252_jpg.rf.ec239c35fdb335289e0179fc79b47d69.jpg,yolo,253705eefe5460f87c3190daa4273fa1cd9b2485df565e907251b4702a761d08,1041,637,4,0.0860904,690.0,20,0.683255,1,1,1,0.636145,1,1,1,0.636145
test/images/252_jpg.rf.ec239c35fdb335289e0179fc79b47d69.jpg,soul,253705eefe5460f87c3190daa4273fa1cd9b2485df565e907251b4702a761d08,1041,637,4,0.0860904,58.7,6,0.790078,1,1,1,0.607774,1,1,1,0.590909
test/images/29108aa95d8a9f42_jpg.rf.01694fdfb054321f898561bfdbb7f16d.jpg,dfire_yolov8n,058cb19ba12ee5f7b8b64eb6d43292b5da612228f6644cf26c213691b129e5a0,1024,683,1,0.1164368,64.4,8,0.695887,1,1,1,0.763556,1,1,1,0.763556
test/images/29108aa95d8a9f42_jpg.rf.01694fdfb054321f898561bfdbb7f16d.jpg,dfine,058cb19ba12ee5f7b8b64eb6d43292b5da612228f6644cf26c213691b129e5a0,1024,683,1,0.1164368,432.8,87,0.834816,1,1,1,0.612074,1,1,1,0.612074
test/images/29108aa95d8a9f42_jpg.rf.01694fdfb054321f898561bfdbb7f16d.jpg,yolo,058cb19ba12ee5f7b8b64eb6d43292b5da612228f6644cf26c213691b129e5a0,1024,683,1,0.1164368,772.3,9,0.787036,1,1,1,0.768886,1,1,1,0.768886
test/images/29108aa95d8a9f42_jpg.rf.01694fdfb054321f898561bfdbb7f16d.jpg,soul,058cb19ba12ee5f7b8b64eb6d43292b5da612228f6644cf26c213691b129e5a0,1024,683,1,0.1164368,67.4,5,0.877596,1,1,1,0.521803,1,1,1,0.521803
test/images/30296f506a78960a_jpg.rf.69ee85752e8111d454b7d9586f05a8a7.jpg,dfire_yolov8n,1e058c3a573dc771634f54fd4559312bfd66e77bf947719a73978e19b7bf8e3f,1024,576,1,0.0482178,64.7,6,0.581887,1,1,1,0.796018,1,1,1,0.796018
test/images/30296f506a78960a_jpg.rf.69ee85752e8111d454b7d9586f05a8a7.jpg,dfine,1e058c3a573dc771634f54fd4559312bfd66e77bf947719a73978e19b7bf8e3f,1024,576,1,0.0482178,497.2,57,0.786967,1,1,1,0.833805,1,1,1,0.833805
test/images/30296f506a78960a_jpg.rf.69ee85752e8111d454b7d9586f05a8a7.jpg,yolo,1e058c3a573dc771634f54fd4559312bfd66e77bf947719a73978e19b7bf8e3f,1024,576,1,0.0482178,695.6,1,0.645868,1,1,1,0.844324,1,1,1,0.844324
test/images/30296f506a78960a_jpg.rf.69ee85752e8111d454b7d9586f05a8a7.jpg,soul,1e058c3a573dc771634f54fd4559312bfd66e77bf947719a73978e19b7bf8e3f,1024,576,1,0.0482178,48.1,1,0.747073,1,1,1,0.511352,1,1,1,0.511352
test/images/32-Chemical_Plant_Fire_61684-780x520_jpg.rf.df1aeab59220c310b80f73d6494deed5.jpg,dfire_yolov8n,16bfd67a3905c273076b284d8a69b5464c2d2ecf68485cd33de5db7de605f68b,780,520,1,0.0006903,58.0,0,0.000000,0,0,0,0.000000,0,0,0,0.000000
test/images/32-Chemical_Plant_Fire_61684-780x520_jpg.rf.df1aeab59220c310b80f73d6494deed5.jpg,dfine,16bfd67a3905c273076b284d8a69b5464c2d2ecf68485cd33de5db7de605f68b,780,520,1,0.0006903,413.8,2,0.368634,1,1,1,0.628571,0,0,0,0.000000
test/images/32-Chemical_Plant_Fire_61684-780x520_jpg.rf.df1aeab59220c310b80f73d6494deed5.jpg,yolo,16bfd67a3905c273076b284d8a69b5464c2d2ecf68485cd33de5db7de605f68b,780,520,1,0.0006903,694.6,1,0.142260,0,0,0,0.000000,0,0,0,0.000000
test/images/32-Chemical_Plant_Fire_61684-780x520_jpg.rf.df1aeab59220c310b80f73d6494deed5.jpg,soul,16bfd67a3905c273076b284d8a69b5464c2d2ecf68485cd33de5db7de605f68b,780,520,1,0.0006903,54.4,1,0.240006,0,0,0,0.000000,0,0,0,0.000000
test/images/32-fire-in-kampong-cham_jpg.rf.a2f84c5eba4719be18ebacf69525ad2d.jpg,dfire_yolov8n,924c647201a2c7ddd8a8afe33bedf36885eedf40f9903b23b1b18e0f28b944e5,850,567,1,0.0103123,49.8,3,0.760024,1,1,1,0.766197,1,1,1,0.766197
test/images/32-fire-in-kampong-cham_jpg.rf.a2f84c5eba4719be18ebacf69525ad2d.jpg,dfine,924c647201a2c7ddd8a8afe33bedf36885eedf40f9903b23b1b18e0f28b944e5,850,567,1,0.0103123,448.2,22,0.844799,1,1,1,0.785644,1,1,1,0.785644
test/images/32-fire-in-kampong-cham_jpg.rf.a2f84c5eba4719be18ebacf69525ad2d.jpg,yolo,924c647201a2c7ddd8a8afe33bedf36885eedf40f9903b23b1b18e0f28b944e5,850,567,1,0.0103123,726.6,1,0.818026,1,1,1,0.705394,1,1,1,0.705394
test/images/32-fire-in-kampong-cham_jpg.rf.a2f84c5eba4719be18ebacf69525ad2d.jpg,soul,924c647201a2c7ddd8a8afe33bedf36885eedf40f9903b23b1b18e0f28b944e5,850,567,1,0.0103123,54.8,2,0.890941,1,1,1,0.709855,1,1,1,0.709855
test/images/320_jpg.rf.22b5991dd9c2aedd20b60c7bb365f5b8.jpg,dfire_yolov8n,4016bc1ea5831ae9dbb3a76d344c5c0f1d8fa4ddc0bb79ada8a728393d3ed6c9,973,583,1,0.0330431,52.0,2,0.538383,1,1,1,0.503423,1,1,1,0.503423
test/images/320_jpg.rf.22b5991dd9c2aedd20b60c7bb365f5b8.jpg,dfine,4016bc1ea5831ae9dbb3a76d344c5c0f1d8fa4ddc0bb79ada8a728393d3ed6c9,973,583,1,0.0330431,329.0,33,0.747741,1,1,0,0.499477,1,1,0,0.499477
test/images/320_jpg.rf.22b5991dd9c2aedd20b60c7bb365f5b8.jpg,yolo,4016bc1ea5831ae9dbb3a76d344c5c0f1d8fa4ddc0bb79ada8a728393d3ed6c9,973,583,1,0.0330431,602.7,1,0.357385,1,0,0,0.182080,0,0,0,0.000000
test/images/320_jpg.rf.22b5991dd9c2aedd20b60c7bb365f5b8.jpg,soul,4016bc1ea5831ae9dbb3a76d344c5c0f1d8fa4ddc0bb79ada8a728393d3ed6c9,973,583,1,0.0330431,45.1,5,0.735159,1,1,1,0.547401,1,1,1,0.547401
test/images/33-750417-chemical-factory-fire_jpg.rf.38b39b7c196ee9dbe6305b20b57241ab.jpg,dfire_yolov8n,ad859ac4124a8b030e2a82c2a6a147332c684aa22b44a98cbf6777dc63fd5a30,1280,720,4,0.0259462,51.7,9,0.547560,1,1,1,0.730309,1,1,1,0.730309
test/images/33-750417-chemical-factory-fire_jpg.rf.38b39b7c196ee9dbe6305b20b57241ab.jpg,dfine,ad859ac4124a8b030e2a82c2a6a147332c684aa22b44a98cbf6777dc63fd5a30,1280,720,4,0.0259462,440.1,66,0.830039,1,1,1,0.794858,1,1,1,0.641892
test/images/33-750417-chemical-factory-fire_jpg.rf.38b39b7c196ee9dbe6305b20b57241ab.jpg,yolo,ad859ac4124a8b030e2a82c2a6a147332c684aa22b44a98cbf6777dc63fd5a30,1280,720,4,0.0259462,692.9,7,0.795194,1,1,1,0.596002,1,1,1,0.596002
test/images/33-750417-chemical-factory-fire_jpg.rf.38b39b7c196ee9dbe6305b20b57241ab.jpg,soul,ad859ac4124a8b030e2a82c2a6a147332c684aa22b44a98cbf6777dc63fd5a30,1280,720,4,0.0259462,55.6,5,0.818745,1,1,1,0.684186,1,1,1,0.684186
test/images/331_jpg.rf.d5864a7baae8f83b1952ccd73b91502c.jpg,dfire_yolov8n,2cba90fca631cfcac95b7b7839d51f32a7c3b71cede3997fa1ad3ed296a9a6d5,1662,1247,1,0.3159795,61.8,10,0.637687,1,0,0,0.175910,1,0,0,0.175910
test/images/331_jpg.rf.d5864a7baae8f83b1952ccd73b91502c.jpg,dfine,2cba90fca631cfcac95b7b7839d51f32a7c3b71cede3997fa1ad3ed296a9a6d5,1662,1247,1,0.3159795,1128.4,99,0.845210,1,0,0,0.171110,1,0,0,0.171110
test/images/331_jpg.rf.d5864a7baae8f83b1952ccd73b91502c.jpg,yolo,2cba90fca631cfcac95b7b7839d51f32a7c3b71cede3997fa1ad3ed296a9a6d5,1662,1247,1,0.3159795,4971.8,16,0.559711,1,0,0,0.203468,1,0,0,0.203468
test/images/331_jpg.rf.d5864a7baae8f83b1952ccd73b91502c.jpg,soul,2cba90fca631cfcac95b7b7839d51f32a7c3b71cede3997fa1ad3ed296a9a6d5,1662,1247,1,0.3159795,592.7,7,0.789269,1,0,0,0.175513,1,0,0,0.175513
test/images/338_jpg.rf.5a9a4bdb30589351c74e38a6c2a8e48b.jpg,dfire_yolov8n,c835d6f2ef83c0e0cc4896b9fc93fa237e7cdb371f9b44a91470b2608cd73c20,912,582,1,0.3824154,804.6,2,0.600072,1,1,1,0.699450,1,1,1,0.699450
test/images/338_jpg.rf.5a9a4bdb30589351c74e38a6c2a8e48b.jpg,dfine,c835d6f2ef83c0e0cc4896b9fc93fa237e7cdb371f9b44a91470b2608cd73c20,912,582,1,0.3824154,2968.4,140,0.867939,1,1,1,0.850581,1,1,1,0.850581
test/images/338_jpg.rf.5a9a4bdb30589351c74e38a6c2a8e48b.jpg,yolo,c835d6f2ef83c0e0cc4896b9fc93fa237e7cdb371f9b44a91470b2608cd73c20,912,582,1,0.3824154,4629.7,13,0.401224,1,1,1,0.734780,0,0,0,0.000000
test/images/338_jpg.rf.5a9a4bdb30589351c74e38a6c2a8e48b.jpg,soul,c835d6f2ef83c0e0cc4896b9fc93fa237e7cdb371f9b44a91470b2608cd73c20,912,582,1,0.3824154,554.9,8,0.363131,1,0,0,0.000000,0,0,0,0.000000
test/images/34---Copy_jpg.rf.e1765a06f321eb8f4ff325cb2102b419.jpg,dfire_yolov8n,9441f86b44fb4b2813f648fca38aa64218e128f17ea588874de219b1ef52c16e,1600,1200,3,0.2527000,789.7,5,0.753620,1,1,1,0.746486,1,1,1,0.746486
test/images/34---Copy_jpg.rf.e1765a06f321eb8f4ff325cb2102b419.jpg,dfine,9441f86b44fb4b2813f648fca38aa64218e128f17ea588874de219b1ef52c16e,1600,1200,3,0.2527000,3025.8,165,0.859132,1,1,1,0.751943,1,1,1,0.751943
test/images/34---Copy_jpg.rf.e1765a06f321eb8f4ff325cb2102b419.jpg,yolo,9441f86b44fb4b2813f648fca38aa64218e128f17ea588874de219b1ef52c16e,1600,1200,3,0.2527000,5631.4,37,0.756558,1,1,1,0.569796,1,1,1,0.569796
test/images/34---Copy_jpg.rf.e1765a06f321eb8f4ff325cb2102b419.jpg,soul,9441f86b44fb4b2813f648fca38aa64218e128f17ea588874de219b1ef52c16e,1600,1200,3,0.2527000,685.3,23,0.854807,1,1,0,0.480806,1,1,0,0.480806
test/images/341_jpg.rf.c82b7a2dae6774249473980cec281717.jpg,dfire_yolov8n,f59e2b20ea595088b51093cbe9318259a3471fdae9825850c76130bccd1a969f,1024,800,1,0.0275488,782.7,4,0.798523,1,1,1,0.726423,1,1,1,0.726423
test/images/341_jpg.rf.c82b7a2dae6774249473980cec281717.jpg,dfine,f59e2b20ea595088b51093cbe9318259a3471fdae9825850c76130bccd1a969f,1024,800,1,0.0275488,2698.8,17,0.892808,1,1,1,0.690998,1,1,1,0.690998
test/images/341_jpg.rf.c82b7a2dae6774249473980cec281717.jpg,yolo,f59e2b20ea595088b51093cbe9318259a3471fdae9825850c76130bccd1a969f,1024,800,1,0.0275488,4618.7,1,0.848822,1,1,1,0.712415,1,1,1,0.712415
test/images/341_jpg.rf.c82b7a2dae6774249473980cec281717.jpg,soul,f59e2b20ea595088b51093cbe9318259a3471fdae9825850c76130bccd1a969f,1024,800,1,0.0275488,601.1,10,0.836855,1,1,0,0.354041,1,1,0,0.354041
test/images/352_jpg.rf.43647e2a25e2936aac618a6447e1cf8d.jpg,dfire_yolov8n,a18f58eadd46f2e8f96ce855628e155fb55c2194b242571f5d33753d31ec546b,1280,720,2,0.0529080,800.3,4,0.479345,1,1,1,0.622642,0,0,0,0.000000
test/images/352_jpg.rf.43647e2a25e2936aac618a6447e1cf8d.jpg,dfine,a18f58eadd46f2e8f96ce855628e155fb55c2194b242571f5d33753d31ec546b,1280,720,2,0.0529080,2879.0,51,0.708990,1,1,1,0.752060,1,1,1,0.656498
test/images/352_jpg.rf.43647e2a25e2936aac618a6447e1cf8d.jpg,yolo,a18f58eadd46f2e8f96ce855628e155fb55c2194b242571f5d33753d31ec546b,1280,720,2,0.0529080,4203.6,4,0.829832,1,1,1,0.662338,1,1,1,0.662338
test/images/352_jpg.rf.43647e2a25e2936aac618a6447e1cf8d.jpg,soul,a18f58eadd46f2e8f96ce855628e155fb55c2194b242571f5d33753d31ec546b,1280,720,2,0.0529080,608.7,4,0.860558,1,1,1,0.614921,1,1,1,0.614921
test/images/355_jpg.rf.9da3dd574853b68135a6ab5503b945b7.jpg,dfire_yolov8n,574986feb51145c0b173fe80dbdd2b27b2d15690be039ba49d5705db7268070b,1024,576,1,0.0911696,890.7,11,0.757366,1,1,0,0.303839,1,1,0,0.303839
test/images/355_jpg.rf.9da3dd574853b68135a6ab5503b945b7.jpg,dfine,574986feb51145c0b173fe80dbdd2b27b2d15690be039ba49d5705db7268070b,1024,576,1,0.0911696,2966.0,137,0.785155,1,1,1,0.854969,1,0,0,0.259596
test/images/355_jpg.rf.9da3dd574853b68135a6ab5503b945b7.jpg,yolo,574986feb51145c0b173fe80dbdd2b27b2d15690be039ba49d5705db7268070b,1024,576,1,0.0911696,4422.4,18,0.663136,1,1,0,0.323309,1,1,0,0.323309
test/images/355_jpg.rf.9da3dd574853b68135a6ab5503b945b7.jpg,soul,574986feb51145c0b173fe80dbdd2b27b2d15690be039ba49d5705db7268070b,1024,576,1,0.0911696,591.1,5,0.771410,1,0,0,0.262557,1,0,0,0.262557
test/images/36a94f02266d3105_jpg.rf.cfd30508965f361a26420d3ef365a57a.jpg,dfire_yolov8n,2fd6b302dd2136f994bbc5aea4b7dd9624a82899acdfcf13d22451b6391b5661,1024,768,1,0.0122070,763.1,3,0.357392,1,0,0,0.126667,0,0,0,0.000000
test/images/36a94f02266d3105_jpg.rf.cfd30508965f361a26420d3ef365a57a.jpg,dfine,2fd6b302dd2136f994bbc5aea4b7dd9624a82899acdfcf13d22451b6391b5661,1024,768,1,0.0122070,3891.3,14,0.530714,1,1,1,0.881470,1,1,1,0.881470
test/images/36a94f02266d3105_jpg.rf.cfd30508965f361a26420d3ef365a57a.jpg,yolo,2fd6b302dd2136f994bbc5aea4b7dd9624a82899acdfcf13d22451b6391b5661,1024,768,1,0.0122070,4725.0,1,0.129644,0,0,0,0.000000,0,0,0,0.000000
test/images/36a94f02266d3105_jpg.rf.cfd30508965f361a26420d3ef365a57a.jpg,soul,2fd6b302dd2136f994bbc5aea4b7dd9624a82899acdfcf13d22451b6391b5661,1024,768,1,0.0122070,576.5,4,0.547395,1,1,1,0.743952,1,1,1,0.743952
test/images/37-APTOPIX-Petrochemical-Fire-Texas-1-1553128135_jpg.rf.e81bc752394b71a6daa0ba2b33d8d47b.jpg,dfire_yolov8n,780d0692965f4684327f5e78e33bb66a17b01e702cd2233acf78160bf89e6ffb,1140,798,5,0.0312030,830.1,14,0.624124,1,1,1,0.639752,1,1,0,0.457878
test/images/37-APTOPIX-Petrochemical-Fire-Texas-1-1553128135_jpg.rf.e81bc752394b71a6daa0ba2b33d8d47b.jpg,dfine,780d0692965f4684327f5e78e33bb66a17b01e702cd2233acf78160bf89e6ffb,1140,798,5,0.0312030,2770.2,98,0.660429,1,1,1,0.897054,1,1,1,0.688227
test/images/37-APTOPIX-Petrochemical-Fire-Texas-1-1553128135_jpg.rf.e81bc752394b71a6daa0ba2b33d8d47b.jpg,yolo,780d0692965f4684327f5e78e33bb66a17b01e702cd2233acf78160bf89e6ffb,1140,798,5,0.0312030,4088.6,14,0.663066,1,1,1,0.576196,1,1,1,0.576196
test/images/37-APTOPIX-Petrochemical-Fire-Texas-1-1553128135_jpg.rf.e81bc752394b71a6daa0ba2b33d8d47b.jpg,soul,780d0692965f4684327f5e78e33bb66a17b01e702cd2233acf78160bf89e6ffb,1140,798,5,0.0312030,707.4,4,0.781239,1,1,0,0.492728,1,1,0,0.492728
test/images/3d3928b4132604b7_jpg.rf.a9e85fd8d3a92a49ad443859b537c562.jpg,dfire_yolov8n,14042e0c8b0e3d169e7e82f6d46b75e3202ecb5198044bfff6b4cc7d280466c2,681,1024,1,0.0107192,867.3,1,0.674675,1,1,1,0.768161,1,1,1,0.768161
test/images/3d3928b4132604b7_jpg.rf.a9e85fd8d3a92a49ad443859b537c562.jpg,dfine,14042e0c8b0e3d169e7e82f6d46b75e3202ecb5198044bfff6b4cc7d280466c2,681,1024,1,0.0107192,2594.8,2,0.717462,1,1,1,0.822141,1,1,1,0.822141
test/images/3d3928b4132604b7_jpg.rf.a9e85fd8d3a92a49ad443859b537c562.jpg,yolo,14042e0c8b0e3d169e7e82f6d46b75e3202ecb5198044bfff6b4cc7d280466c2,681,1024,1,0.0107192,4245.6,1,0.199685,0,0,0,0.000000,0,0,0,0.000000
test/images/3d3928b4132604b7_jpg.rf.a9e85fd8d3a92a49ad443859b537c562.jpg,soul,14042e0c8b0e3d169e7e82f6d46b75e3202ecb5198044bfff6b4cc7d280466c2,681,1024,1,0.0107192,601.4,1,0.729583,1,1,1,0.697766,1,1,1,0.697766
test/images/403_jpg.rf.d048e8eb5d98bf16dccf360ad931eb44.jpg,dfire_yolov8n,5450a9c416c4bacdc63285d4c2a50641219608f1ffc9dbd59ba25cd21b01a47a,960,539,2,0.0691868,792.1,7,0.546875,1,1,1,0.739700,1,1,1,0.739700
test/images/403_jpg.rf.d048e8eb5d98bf16dccf360ad931eb44.jpg,dfine,5450a9c416c4bacdc63285d4c2a50641219608f1ffc9dbd59ba25cd21b01a47a,960,539,2,0.0691868,2765.0,52,0.795433,1,1,1,0.701453,1,1,1,0.701453
test/images/403_jpg.rf.d048e8eb5d98bf16dccf360ad931eb44.jpg,yolo,5450a9c416c4bacdc63285d4c2a50641219608f1ffc9dbd59ba25cd21b01a47a,960,539,2,0.0691868,5081.6,5,0.660443,1,1,1,0.812765,1,1,1,0.812765
test/images/403_jpg.rf.d048e8eb5d98bf16dccf360ad931eb44.jpg,soul,5450a9c416c4bacdc63285d4c2a50641219608f1ffc9dbd59ba25cd21b01a47a,960,539,2,0.0691868,566.6,5,0.754861,1,1,1,0.501449,1,0,0,0.098592
test/images/411395388ecc6332_jpg.rf.fd105a07aba108b1e05fc957dd81ad50.jpg,dfire_yolov8n,8cac70d87784cc7108662be81f5f9abc4d35b9727a9cb8e05b049b715f652b3e,1024,683,1,0.0732722,890.8,1,0.757522,1,1,1,0.997159,1,1,1,0.997159
test/images/411395388ecc6332_jpg.rf.fd105a07aba108b1e05fc957dd81ad50.jpg,dfine,8cac70d87784cc7108662be81f5f9abc4d35b9727a9cb8e05b049b715f652b3e,1024,683,1,0.0732722,2824.1,24,0.918614,1,1,1,0.844654,1,1,1,0.844654
test/images/411395388ecc6332_jpg.rf.fd105a07aba108b1e05fc957dd81ad50.jpg,yolo,8cac70d87784cc7108662be81f5f9abc4d35b9727a9cb8e05b049b715f652b3e,1024,683,1,0.0732722,4423.6,1,0.265117,1,1,1,0.892467,0,0,0,0.000000
test/images/411395388ecc6332_jpg.rf.fd105a07aba108b1e05fc957dd81ad50.jpg,soul,8cac70d87784cc7108662be81f5f9abc4d35b9727a9cb8e05b049b715f652b3e,1024,683,1,0.0732722,574.9,3,0.657820,1,1,1,0.918407,1,1,1,0.918407
test/images/423_jpg.rf.33a08677f393e39c28da12168afd7e3c.jpg,dfire_yolov8n,cc1d37a9ab2d5ed3e20703326fd6733dc7ad29e56ef653d8ac8f8b8945bffb5b,870,664,1,0.0308475,783.6,6,0.602016,1,1,0,0.341818,1,1,0,0.341818
test/images/423_jpg.rf.33a08677f393e39c28da12168afd7e3c.jpg,dfine,cc1d37a9ab2d5ed3e20703326fd6733dc7ad29e56ef653d8ac8f8b8945bffb5b,870,664,1,0.0308475,2673.6,35,0.692882,1,1,1,0.692308,1,1,1,0.692308
test/images/423_jpg.rf.33a08677f393e39c28da12168afd7e3c.jpg,yolo,cc1d37a9ab2d5ed3e20703326fd6733dc7ad29e56ef653d8ac8f8b8945bffb5b,870,664,1,0.0308475,4829.9,7,0.622375,1,1,0,0.355654,1,1,0,0.355654
test/images/423_jpg.rf.33a08677f393e39c28da12168afd7e3c.jpg,soul,cc1d37a9ab2d5ed3e20703326fd6733dc7ad29e56ef653d8ac8f8b8945bffb5b,870,664,1,0.0308475,765.8,2,0.826338,1,1,0,0.345277,1,1,0,0.345277
test/images/425_jpg.rf.51c1d0d8e5fb874cb037cd889cb09429.jpg,dfire_yolov8n,c68f7767f6b443790a90ec33adbf40567adf47ae747e2d1260c07fba97b1ee82,770,433,1,0.0663447,962.0,4,0.666338,1,1,0,0.386799,1,1,0,0.386799
test/images/425_jpg.rf.51c1d0d8e5fb874cb037cd889cb09429.jpg,dfine,c68f7767f6b443790a90ec33adbf40567adf47ae747e2d1260c07fba97b1ee82,770,433,1,0.0663447,3492.7,66,0.578677,1,1,1,0.661571,1,0,0,0.060759
test/images/425_jpg.rf.51c1d0d8e5fb874cb037cd889cb09429.jpg,yolo,c68f7767f6b443790a90ec33adbf40567adf47ae747e2d1260c07fba97b1ee82,770,433,1,0.0663447,6092.1,6,0.513376,1,1,0,0.377577,1,0,0,0.058228
test/images/425_jpg.rf.51c1d0d8e5fb874cb037cd889cb09429.jpg,soul,c68f7767f6b443790a90ec33adbf40567adf47ae747e2d1260c07fba97b1ee82,770,433,1,0.0663447,644.4,5,0.675825,1,0,0,0.049367,1,0,0,0.049367
test/images/43---Copy_jpg.rf.b8b5443dc66d2f23fbf25f264545be1d.jpg,dfire_yolov8n,3697e107d20a82c1c1e708389605e3876e6a2fedfe0df248a15101c76d47c44b,810,540,1,0.0107727,962.8,6,0.651833,1,1,1,0.554894,1,1,1,0.554894
test/images/43---Copy_jpg.rf.b8b5443dc66d2f23fbf25f264545be1d.jpg,dfine,3697e107d20a82c1c1e708389605e3876e6a2fedfe0df248a15101c76d47c44b,810,540,1,0.0107727,3114.6,43,0.668829,1,1,0,0.475610,1,1,0,0.475610
test/images/43---Copy_jpg.rf.b8b5443dc66d2f23fbf25f264545be1d.jpg,yolo,3697e107d20a82c1c1e708389605e3876e6a2fedfe0df248a15101c76d47c44b,810,540,1,0.0107727,5307.1,1,0.374346,1,1,1,0.592275,0,0,0,0.000000
test/images/43---Copy_jpg.rf.b8b5443dc66d2f23fbf25f264545be1d.jpg,soul,3697e107d20a82c1c1e708389605e3876e6a2fedfe0df248a15101c76d47c44b,810,540,1,0.0107727,776.4,2,0.595114,1,1,0,0.319478,1,1,0,0.319478
test/images/434_jpg.rf.7c70becbd401a7dea66e53d84dbba06b.jpg,dfire_yolov8n,98e6434f02c7b8a1c99733b45e6c8fd4ac92ad671767d73a15c4c144e57576c6,1175,1762,2,0.0853117,75.2,2,0.765794,1,1,1,0.594525,1,1,1,0.594525
test/images/434_jpg.rf.7c70becbd401a7dea66e53d84dbba06b.jpg,dfine,98e6434f02c7b8a1c99733b45e6c8fd4ac92ad671767d73a15c4c144e57576c6,1175,1762,2,0.0853117,492.9,42,0.819475,1,1,1,0.645758,1,1,1,0.645758
test/images/434_jpg.rf.7c70becbd401a7dea66e53d84dbba06b.jpg,yolo,98e6434f02c7b8a1c99733b45e6c8fd4ac92ad671767d73a15c4c144e57576c6,1175,1762,2,0.0853117,695.5,4,0.793210,1,1,1,0.626360,1,1,1,0.626360
test/images/434_jpg.rf.7c70becbd401a7dea66e53d84dbba06b.jpg,soul,98e6434f02c7b8a1c99733b45e6c8fd4ac92ad671767d73a15c4c144e57576c6,1175,1762,2,0.0853117,62.8,2,0.788128,1,1,1,0.629283,1,1,1,0.629283
test/images/436_jpg.rf.704a2ff22fecba5389abc16921f00851.jpg,dfire_yolov8n,c1d572e909917ceedd515c4cbeeaf144433c98541a392519a5ef8e17fae501e9,640,424,1,0.1276902,50.0,1,0.830699,1,1,1,0.867692,1,1,1,0.867692
test/images/436_jpg.rf.704a2ff22fecba5389abc16921f00851.jpg,dfine,c1d572e909917ceedd515c4cbeeaf144433c98541a392519a5ef8e17fae501e9,640,424,1,0.1276902,520.1,25,0.807468,1,1,1,0.860260,1,1,1,0.860260
test/images/436_jpg.rf.704a2ff22fecba5389abc16921f00851.jpg,yolo,c1d572e909917ceedd515c4cbeeaf144433c98541a392519a5ef8e17fae501e9,640,424,1,0.1276902,763.4,2,0.824887,1,1,1,0.834251,1,1,1,0.834251
test/images/436_jpg.rf.704a2ff22fecba5389abc16921f00851.jpg,soul,c1d572e909917ceedd515c4cbeeaf144433c98541a392519a5ef8e17fae501e9,640,424,1,0.1276902,54.0,1,0.880048,1,1,1,0.794545,1,1,1,0.794545
test/images/440_jpg.rf.807c51c6fa77690c995eb2a6e0b3fe6e.jpg,dfire_yolov8n,53e8a4a0d8c8f1d91b87d63457966f5b3c9c535abd2c01e4af135c309d39c6b4,970,430,1,0.0424934,57.4,2,0.767868,1,1,0,0.424622,1,1,0,0.424622
test/images/440_jpg.rf.807c51c6fa77690c995eb2a6e0b3fe6e.jpg,dfine,53e8a4a0d8c8f1d91b87d63457966f5b3c9c535abd2c01e4af135c309d39c6b4,970,430,1,0.0424934,463.2,24,0.814468,1,1,0,0.457177,1,1,0,0.457177
test/images/440_jpg.rf.807c51c6fa77690c995eb2a6e0b3fe6e.jpg,yolo,53e8a4a0d8c8f1d91b87d63457966f5b3c9c535abd2c01e4af135c309d39c6b4,970,430,1,0.0424934,721.3,3,0.752079,1,1,0,0.430038,1,1,0,0.430038
test/images/440_jpg.rf.807c51c6fa77690c995eb2a6e0b3fe6e.jpg,soul,53e8a4a0d8c8f1d91b87d63457966f5b3c9c535abd2c01e4af135c309d39c6b4,970,430,1,0.0424934,59.0,2,0.834170,1,1,0,0.414692,1,1,0,0.414692
test/images/456_jpg.rf.ecdc6d85c9be098887d15daa0591b1b6.jpg,dfire_yolov8n,b5203d4369e37c5b99404b41671afcd3b8eb3916ab02226cf91665d886f92a3c,750,500,1,0.0594960,41.3,4,0.493265,1,0,0,0.251939,0,0,0,0.000000
test/images/456_jpg.rf.ecdc6d85c9be098887d15daa0591b1b6.jpg,dfine,b5203d4369e37c5b99404b41671afcd3b8eb3916ab02226cf91665d886f92a3c,750,500,1,0.0594960,443.6,48,0.799800,1,1,0,0.450785,1,1,0,0.311595
test/images/456_jpg.rf.ecdc6d85c9be098887d15daa0591b1b6.jpg,yolo,b5203d4369e37c5b99404b41671afcd3b8eb3916ab02226cf91665d886f92a3c,750,500,1,0.0594960,567.3,5,0.682562,1,0,0,0.234682,1,0,0,0.104740
test/images/456_jpg.rf.ecdc6d85c9be098887d15daa0591b1b6.jpg,soul,b5203d4369e37c5b99404b41671afcd3b8eb3916ab02226cf91665d886f92a3c,750,500,1,0.0594960,55.1,6,0.377709,1,0,0,0.163507,0,0,0,0.000000
test/images/462_jpg.rf.b0274c6ffb59a1ad9e54e50d9a7f9d4e.jpg,dfire_yolov8n,66ceee0bc5a28168d2434040e1245f217d2f7d6670e90c7fc9c75c6d4b3f1d15,1920,1080,1,0.1709433,65.7,5,0.782370,1,1,1,0.634669,1,1,1,0.634669
test/images/462_jpg.rf.b0274c6ffb59a1ad9e54e50d9a7f9d4e.jpg,dfine,66ceee0bc5a28168d2434040e1245f217d2f7d6670e90c7fc9c75c6d4b3f1d15,1920,1080,1,0.1709433,492.1,110,0.839120,1,1,1,0.656314,1,1,1,0.656314
test/images/462_jpg.rf.b0274c6ffb59a1ad9e54e50d9a7f9d4e.jpg,yolo,66ceee0bc5a28168d2434040e1245f217d2f7d6670e90c7fc9c75c6d4b3f1d15,1920,1080,1,0.1709433,694.7,11,0.802844,1,1,1,0.644564,1,1,1,0.644564
test/images/462_jpg.rf.b0274c6ffb59a1ad9e54e50d9a7f9d4e.jpg,soul,66ceee0bc5a28168d2434040e1245f217d2f7d6670e90c7fc9c75c6d4b3f1d15,1920,1080,1,0.1709433,75.0,4,0.864629,1,1,1,0.609192,1,1,1,0.609192
test/images/479_jpg.rf.b9dcfd90d711483cdc220f70f57dde63.jpg,dfire_yolov8n,dda8766fddc25453ad1a89ccff57eec8169e32b8e4d60e6e470d557180e12f4f,1200,900,1,0.0140648,54.2,1,0.708061,1,1,1,0.826667,1,1,1,0.826667
test/images/479_jpg.rf.b9dcfd90d711483cdc220f70f57dde63.jpg,dfine,dda8766fddc25453ad1a89ccff57eec8169e32b8e4d60e6e470d557180e12f4f,1200,900,1,0.0140648,444.3,22,0.811950,1,1,1,0.938882,1,1,1,0.938882
test/images/479_jpg.rf.b9dcfd90d711483cdc220f70f57dde63.jpg,yolo,dda8766fddc25453ad1a89ccff57eec8169e32b8e4d60e6e470d557180e12f4f,1200,900,1,0.0140648,700.3,3,0.531030,1,1,1,0.811718,1,1,1,0.811718
test/images/479_jpg.rf.b9dcfd90d711483cdc220f70f57dde63.jpg,soul,dda8766fddc25453ad1a89ccff57eec8169e32b8e4d60e6e470d557180e12f4f,1200,900,1,0.0140648,62.8,8,0.531977,1,0,0,0.189598,1,0,0,0.000000
test/images/488_jpg.rf.b95b41becab73c608d6b07571bd82fe3.jpg,dfire_yolov8n,28b684fe682d18c06b205bdd704326288fb803e34d1ec71bd467591192960128,1536,959,1,0.8721793,64.3,1,0.512307,1,1,1,0.699593,1,1,1,0.699593
test/images/488_jpg.rf.b95b41becab73c608d6b07571bd82fe3.jpg,dfine,28b684fe682d18c06b205bdd704326288fb803e34d1ec71bd467591192960128,1536,959,1,0.8721793,457.1,29,0.934344,1,1,1,0.639077,1,1,1,0.639077
test/images/488_jpg.rf.b95b41becab73c608d6b07571bd82fe3.jpg,yolo,28b684fe682d18c06b205bdd704326288fb803e34d1ec71bd467591192960128,1536,959,1,0.8721793,694.4,3,0.748090,1,1,1,0.611429,1,1,1,0.611429
test/images/488_jpg.rf.b95b41becab73c608d6b07571bd82fe3.jpg,soul,28b684fe682d18c06b205bdd704326288fb803e34d1ec71bd467591192960128,1536,959,1,0.8721793,63.3,1,0.300410,1,0,0,0.057147,0,0,0,0.000000
test/images/490_jpg.rf.3d1a887176b0d43343deb53b67bf7b20.jpg,dfire_yolov8n,48d7f332d6c9130c6ff5b80387eeaa955d9b9c20527fe58641a273a898803718,1280,720,1,0.0778103,61.4,1,0.480967,1,1,0,0.487588,0,0,0,0.000000
test/images/490_jpg.rf.3d1a887176b0d43343deb53b67bf7b20.jpg,dfine,48d7f332d6c9130c6ff5b80387eeaa955d9b9c20527fe58641a273a898803718,1280,720,1,0.0778103,438.4,27,0.682028,1,1,1,0.722583,1,1,1,0.722583
test/images/490_jpg.rf.3d1a887176b0d43343deb53b67bf7b20.jpg,yolo,48d7f332d6c9130c6ff5b80387eeaa955d9b9c20527fe58641a273a898803718,1280,720,1,0.0778103,717.1,2,0.406452,1,0,0,0.000000,0,0,0,0.000000
test/images/490_jpg.rf.3d1a887176b0d43343deb53b67bf7b20.jpg,soul,48d7f332d6c9130c6ff5b80387eeaa955d9b9c20527fe58641a273a898803718,1280,720,1,0.0778103,61.1,4,0.420033,1,1,0,0.375000,0,0,0,0.000000
test/images/493f7ec7d30d39a2_jpg.rf.68f4ff25f4356fd258e6d614757f9f8b.jpg,dfire_yolov8n,f1f735c57b1b84a963b62d757b0ba53094acab61a1cdd6331d70d21d5612aeee,1024,768,1,0.0387726,69.6,3,0.307534,1,0,0,0.070248,0,0,0,0.000000
test/images/493f7ec7d30d39a2_jpg.rf.68f4ff25f4356fd258e6d614757f9f8b.jpg,dfine,f1f735c57b1b84a963b62d757b0ba53094acab61a1cdd6331d70d21d5612aeee,1024,768,1,0.0387726,435.4,11,0.657971,1,0,0,0.120031,1,0,0,0.063722
test/images/493f7ec7d30d39a2_jpg.rf.68f4ff25f4356fd258e6d614757f9f8b.jpg,yolo,f1f735c57b1b84a963b62d757b0ba53094acab61a1cdd6331d70d21d5612aeee,1024,768,1,0.0387726,739.3,0,0.000000,0,0,0,0.000000,0,0,0,0.000000
test/images/493f7ec7d30d39a2_jpg.rf.68f4ff25f4356fd258e6d614757f9f8b.jpg,soul,f1f735c57b1b84a963b62d757b0ba53094acab61a1cdd6331d70d21d5612aeee,1024,768,1,0.0387726,57.2,4,0.681295,1,0,0,0.044012,1,0,0,0.044012
test/images/498_jpg.rf.5e201f52701c71c9c731d9c3c9b2a2e5.jpg,dfire_yolov8n,958d48a2d9c2a019d5f989a116f445ce243810bab385e835a7d0a1fbbc96a035,1300,864,2,0.3438301,61.5,6,0.756567,1,1,1,0.904062,1,1,1,0.904062
test/images/498_jpg.rf.5e201f52701c71c9c731d9c3c9b2a2e5.jpg,dfine,958d48a2d9c2a019d5f989a116f445ce243810bab385e835a7d0a1fbbc96a035,1300,864,2,0.3438301,446.1,109,0.865166,1,1,1,0.790906,1,1,1,0.790906
test/images/498_jpg.rf.5e201f52701c71c9c731d9c3c9b2a2e5.jpg,yolo,958d48a2d9c2a019d5f989a116f445ce243810bab385e835a7d0a1fbbc96a035,1300,864,2,0.3438301,712.3,14,0.758582,1,1,1,0.761282,1,1,1,0.761282
test/images/498_jpg.rf.5e201f52701c71c9c731d9c3c9b2a2e5.jpg,soul,958d48a2d9c2a019d5f989a116f445ce243810bab385e835a7d0a1fbbc96a035,1300,864,2,0.3438301,52.0,3,0.720681,1,1,1,0.854908,1,1,1,0.854908
test/images/509_jpg.rf.e7943bdfac501c716558a63051ae45fd.jpg,dfire_yolov8n,484330073234286680a38153d7a6e5d9e220cc95336295692899adb71318ad1b,780,547,1,0.2749215,63.4,13,0.445819,1,0,0,0.039898,0,0,0,0.000000
test/images/509_jpg.rf.e7943bdfac501c716558a63051ae45fd.jpg,dfine,484330073234286680a38153d7a6e5d9e220cc95336295692899adb71318ad1b,780,547,1,0.2749215,455.8,153,0.748963,1,1,1,0.775165,1,0,0,0.095773
test/images/509_jpg.rf.e7943bdfac501c716558a63051ae45fd.jpg,yolo,484330073234286680a38153d7a6e5d9e220cc95336295692899adb71318ad1b,780,547,1,0.2749215,736.6,19,0.583894,1,0,0,0.085534,1,0,0,0.033419
test/images/509_jpg.rf.e7943bdfac501c716558a63051ae45fd.jpg,soul,484330073234286680a38153d7a6e5d9e220cc95336295692899adb71318ad1b,780,547,1,0.2749215,174.6,15,0.835326,1,0,0,0.119874,1,0,0,0.119874
test/images/515_jpg.rf.ab339218257ef0c3581c4cb00c7215e5.jpg,dfire_yolov8n,92777a76526d8ec2ff56153b1626278a94b8adb68e159a7e26afca1206abf1e0,986,553,1,0.5797182,1430.0,5,0.689058,1,1,1,0.572804,1,1,1,0.572804
test/images/515_jpg.rf.ab339218257ef0c3581c4cb00c7215e5.jpg,dfine,92777a76526d8ec2ff56153b1626278a94b8adb68e159a7e26afca1206abf1e0,986,553,1,0.5797182,3574.0,148,0.678231,1,1,1,0.564827,1,1,1,0.564827
test/images/515_jpg.rf.ab339218257ef0c3581c4cb00c7215e5.jpg,yolo,92777a76526d8ec2ff56153b1626278a94b8adb68e159a7e26afca1206abf1e0,986,553,1,0.5797182,6453.8,17,0.639951,1,1,1,0.532199,1,0,0,0.027049
test/images/515_jpg.rf.ab339218257ef0c3581c4cb00c7215e5.jpg,soul,92777a76526d8ec2ff56153b1626278a94b8adb68e159a7e26afca1206abf1e0,986,553,1,0.5797182,864.1,5,0.372120,1,1,0,0.362520,0,0,0,0.000000
test/images/5300db8c1b20796f_jpg.rf.47989d62b06e1a4f02e9e42b3f0fa58e.jpg,dfire_yolov8n,66e9beb125694bd95252d1899886a83197673863187767759afdf10e0d2eafc5,1024,768,1,0.0200005,922.6,1,0.189761,0,0,0,0.000000,0,0,0,0.000000
test/images/5300db8c1b20796f_jpg.rf.47989d62b06e1a4f02e9e42b3f0fa58e.jpg,dfine,66e9beb125694bd95252d1899886a83197673863187767759afdf10e0d2eafc5,1024,768,1,0.0200005,3874.1,0,0.000000,0,0,0,0.000000,0,0,0,0.000000
test/images/5300db8c1b20796f_jpg.rf.47989d62b06e1a4f02e9e42b3f0fa58e.jpg,yolo,66e9beb125694bd95252d1899886a83197673863187767759afdf10e0d2eafc5,1024,768,1,0.0200005,5138.3,0,0.000000,0,0,0,0.000000,0,0,0,0.000000
test/images/5300db8c1b20796f_jpg.rf.47989d62b06e1a4f02e9e42b3f0fa58e.jpg,soul,66e9beb125694bd95252d1899886a83197673863187767759afdf10e0d2eafc5,1024,768,1,0.0200005,764.8,1,0.834602,1,1,1,0.836163,1,1,1,0.836163
test/images/534_jpg.rf.c61256a72125ff3637b2c34cbdd814ff.jpg,dfire_yolov8n,e6f68c87a4e3defceb61504bf5b895a6e793710baa461e4ebf439a59d58c5986,1920,1080,1,0.4813985,870.4,4,0.411301,1,0,0,0.100066,0,0,0,0.000000
test/images/534_jpg.rf.c61256a72125ff3637b2c34cbdd814ff.jpg,dfine,e6f68c87a4e3defceb61504bf5b895a6e793710baa461e4ebf439a59d58c5986,1920,1080,1,0.4813985,2960.2,171,0.684906,1,0,0,0.110446,1,0,0,0.080591
test/images/534_jpg.rf.c61256a72125ff3637b2c34cbdd814ff.jpg,yolo,e6f68c87a4e3defceb61504bf5b895a6e793710baa461e4ebf439a59d58c5986,1920,1080,1,0.4813985,4644.1,14,0.651922,1,0,0,0.096454,1,0,0,0.096454
test/images/534_jpg.rf.c61256a72125ff3637b2c34cbdd814ff.jpg,soul,e6f68c87a4e3defceb61504bf5b895a6e793710baa461e4ebf439a59d58c5986,1920,1080,1,0.4813985,1346.2,2,0.832640,1,0,0,0.252826,1,0,0,0.252826
test/images/55-Delhi-fire_jpg.rf.2670b065c4f1b53dd620baec33d7a04c.jpg,dfire_yolov8n,3091028baf80ce6636bd2c4447eb8530f0fbe8c4af670f87f66a90cbdb896827,1200,669,6,0.0207175,886.9,6,0.665051,1,1,1,0.811303,1,1,1,0.526911
test/images/55-Delhi-fire_jpg.rf.2670b065c4f1b53dd620baec33d7a04c.jpg,dfine,3091028baf80ce6636bd2c4447eb8530f0fbe8c4af670f87f66a90cbdb896827,1200,669,6,0.0207175,3308.5,82,0.824950,1,1,1,0.836354,1,1,1,0.836354
test/images/55-Delhi-fire_jpg.rf.2670b065c4f1b53dd620baec33d7a04c.jpg,yolo,3091028baf80ce6636bd2c4447eb8530f0fbe8c4af670f87f66a90cbdb896827,1200,669,6,0.0207175,5577.7,7,0.834253,1,1,1,0.687909,1,1,1,0.687909
test/images/55-Delhi-fire_jpg.rf.2670b065c4f1b53dd620baec33d7a04c.jpg,soul,3091028baf80ce6636bd2c4447eb8530f0fbe8c4af670f87f66a90cbdb896827,1200,669,6,0.0207175,540.6,8,0.700116,1,1,1,0.580034,1,1,1,0.553547
test/images/555_jpg.rf.0d4019d5619c1f6cc12a243f731ff2fe.jpg,dfire_yolov8n,5cfc9be50643409bb40a51aaaa492d482031f868ef25c30f262c6cd9050cc825,640,419,1,0.0378244,815.8,3,0.834163,1,1,1,0.513663,1,1,1,0.513663
test/images/555_jpg.rf.0d4019d5619c1f6cc12a243f731ff2fe.jpg,dfine,5cfc9be50643409bb40a51aaaa492d482031f868ef25c30f262c6cd9050cc825,640,419,1,0.0378244,2628.4,34,0.839851,1,1,0,0.451152,1,1,0,0.451152
test/images/555_jpg.rf.0d4019d5619c1f6cc12a243f731ff2fe.jpg,yolo,5cfc9be50643409bb40a51aaaa492d482031f868ef25c30f262c6cd9050cc825,640,419,1,0.0378244,4904.1,3,0.809132,1,1,0,0.432073,1,1,0,0.432073
test/images/555_jpg.rf.0d4019d5619c1f6cc12a243f731ff2fe.jpg,soul,5cfc9be50643409bb40a51aaaa492d482031f868ef25c30f262c6cd9050cc825,640,419,1,0.0378244,578.8,5,0.853318,1,0,0,0.288934,1,0,0,0.288934
test/images/578_jpg.rf.13ddef79b354bbb93c14ee82506c3403.jpg,dfire_yolov8n,a13b53ee445c6d0f64b2342bb8dfe6aad5d9dcbf5414d4d7d14dab0de4eb5b61,853,593,1,0.0406738,849.5,4,0.259708,1,1,0,0.457276,0,0,0,0.000000
test/images/578_jpg.rf.13ddef79b354bbb93c14ee82506c3403.jpg,dfine,a13b53ee445c6d0f64b2342bb8dfe6aad5d9dcbf5414d4d7d14dab0de4eb5b61,853,593,1,0.0406738,3917.5,56,0.658379,1,1,1,0.701619,1,1,0,0.416448
test/images/578_jpg.rf.13ddef79b354bbb93c14ee82506c3403.jpg,yolo,a13b53ee445c6d0f64b2342bb8dfe6aad5d9dcbf5414d4d7d14dab0de4eb5b61,853,593,1,0.0406738,4807.4,7,0.523043,1,1,1,0.760202,1,1,1,0.760202
test/images/578_jpg.rf.13ddef79b354bbb93c14ee82506c3403.jpg,soul,a13b53ee445c6d0f64b2342bb8dfe6aad5d9dcbf5414d4d7d14dab0de4eb5b61,853,593,1,0.0406738,72.4,7,0.719450,1,1,1,0.620683,1,1,1,0.620683
test/images/60---Copy_jpg.rf.59d2f3e2c2809379c301e05914603111.jpg,dfire_yolov8n,10f4ed37598bea07acc3e920f3879f5a1a651e872984cca4883016d141ff8ee4,852,480,2,0.3575191,98.0,4,0.841122,1,1,1,0.541680,1,1,1,0.541680
test/images/60---Copy_jpg.rf.59d2f3e2c2809379c301e05914603111.jpg,dfine,10f4ed37598bea07acc3e920f3879f5a1a651e872984cca4883016d141ff8ee4,852,480,2,0.3575191,550.5,61,0.883159,1,1,0,0.442670,1,1,0,0.442670
test/images/60---Copy_jpg.rf.59d2f3e2c2809379c301e05914603111.jpg,yolo,10f4ed37598bea07acc3e920f3879f5a1a651e872984cca4883016d141ff8ee4,852,480,2,0.3575191,726.1,9,0.781907,1,1,0,0.427193,1,1,0,0.427193
test/images/60---Copy_jpg.rf.59d2f3e2c2809379c301e05914603111.jpg,soul,10f4ed37598bea07acc3e920f3879f5a1a651e872984cca4883016d141ff8ee4,852,480,2,0.3575191,63.2,3,0.898105,1,1,0,0.414501,1,1,0,0.414501
test/images/604_jpg.rf.873342a50f3d9cd18dcb9d93e8cdc16c.jpg,dfire_yolov8n,5bdfb0fe7421d7290829470b4400a36004445aaf4dbd4b3cdba33c265ad80618,986,555,1,0.2653637,57.6,3,0.899098,1,1,0,0.337788,1,1,0,0.337788
test/images/604_jpg.rf.873342a50f3d9cd18dcb9d93e8cdc16c.jpg,dfine,5bdfb0fe7421d7290829470b4400a36004445aaf4dbd4b3cdba33c265ad80618,986,555,1,0.2653637,409.5,28,0.830970,1,1,1,0.753728,1,1,0,0.352698
test/images/604_jpg.rf.873342a50f3d9cd18dcb9d93e8cdc16c.jpg,yolo,5bdfb0fe7421d7290829470b4400a36004445aaf4dbd4b3cdba33c265ad80618,986,555,1,0.2653637,725.0,4,0.644464,1,1,0,0.378828,1,1,0,0.378828
test/images/604_jpg.rf.873342a50f3d9cd18dcb9d93e8cdc16c.jpg,soul,5bdfb0fe7421d7290829470b4400a36004445aaf4dbd4b3cdba33c265ad80618,986,555,1,0.2653637,51.8,5,0.887442,1,1,0,0.351170,1,1,0,0.351170
test/images/610_jpg.rf.05e65b789eb9bd54780543f7e6b1c710.jpg,dfire_yolov8n,59a615ed0966ef3623412b7317a0a6458caaebde8fe99e398b6f257648e08399,960,540,1,0.0191319,53.5,1,0.560346,1,1,0,0.356523,1,1,0,0.356523
test/images/610_jpg.rf.05e65b789eb9bd54780543f7e6b1c710.jpg,dfine,59a615ed0966ef3623412b7317a0a6458caaebde8fe99e398b6f257648e08399,960,540,1,0.0191319,408.2,17,0.799097,1,1,0,0.494051,1,1,0,0.494051
test/images/610_jpg.rf.05e65b789eb9bd54780543f7e6b1c710.jpg,yolo,59a615ed0966ef3623412b7317a0a6458caaebde8fe99e398b6f257648e08399,960,540,1,0.0191319,702.2,1,0.790684,1,1,0,0.466223,1,1,0,0.466223
test/images/610_jpg.rf.05e65b789eb9bd54780543f7e6b1c710.jpg,soul,59a615ed0966ef3623412b7317a0a6458caaebde8fe99e398b6f257648e08399,960,540,1,0.0191319,55.2,1,0.172294,0,0,0,0.000000,0,0,0,0.000000
test/images/62367d7e6ff53c36_jpg.rf.c81b762b990a9cfbc62bbab26fecf866.jpg,dfire_yolov8n,bc49590e1fbe848870858e2a60f9965494d0f3ec5873f252430c0bdddb086ab5,579,1024,1,0.1196061,53.8,6,0.754501,1,1,1,0.793976,1,1,1,0.793976
test/images/62367d7e6ff53c36_jpg.rf.c81b762b990a9cfbc62bbab26fecf866.jpg,dfine,bc49590e1fbe848870858e2a60f9965494d0f3ec5873f252430c0bdddb086ab5,579,1024,1,0.1196061,382.4,37,0.822827,1,1,1,0.877232,1,1,0,0.346476
test/images/62367d7e6ff53c36_jpg.rf.c81b762b990a9cfbc62bbab26fecf866.jpg,yolo,bc49590e1fbe848870858e2a60f9965494d0f3ec5873f252430c0bdddb086ab5,579,1024,1,0.1196061,668.3,7,0.746544,1,1,1,0.801971,1,1,0,0.304594
test/images/62367d7e6ff53c36_jpg.rf.c81b762b990a9cfbc62bbab26fecf866.jpg,soul,bc49590e1fbe848870858e2a60f9965494d0f3ec5873f252430c0bdddb086ab5,579,1024,1,0.1196061,51.3,6,0.806285,1,1,0,0.311172,1,1,0,0.311172
test/images/628_jpg.rf.01bb842642e4d76723c209e33af8b795.jpg,dfire_yolov8n,cd050fed7a3f9e2833bff70dcb6fb8d741fd5474c43f171d765ffd0da5e36a4c,2512,1670,1,0.5884092,68.8,4,0.674263,1,1,1,0.563320,1,1,1,0.563320
test/images/628_jpg.rf.01bb842642e4d76723c209e33af8b795.jpg,dfine,cd050fed7a3f9e2833bff70dcb6fb8d741fd5474c43f171d765ffd0da5e36a4c,2512,1670,1,0.5884092,439.1,41,0.895912,1,1,1,0.694598,1,1,1,0.694598
test/images/628_jpg.rf.01bb842642e4d76723c209e33af8b795.jpg,yolo,cd050fed7a3f9e2833bff70dcb6fb8d741fd5474c43f171d765ffd0da5e36a4c,2512,1670,1,0.5884092,661.0,3,0.724418,1,1,1,0.719033,1,1,1,0.719033
test/images/628_jpg.rf.01bb842642e4d76723c209e33af8b795.jpg,soul,cd050fed7a3f9e2833bff70dcb6fb8d741fd5474c43f171d765ffd0da5e36a4c,2512,1670,1,0.5884092,67.0,4,0.874987,1,0,0,0.297337,1,0,0,0.297337
test/images/635_jpg.rf.42d64fe86f8e1c34c9e68032616a6090.jpg,dfire_yolov8n,faccaeeedf390e649f33fa5ee1d60bd222c113ac2aa61ff1ca91343e9716eca8,1600,1167,1,0.2004001,58.8,10,0.429389,1,1,0,0.455039,0,0,0,0.000000
test/images/635_jpg.rf.42d64fe86f8e1c34c9e68032616a6090.jpg,dfine,faccaeeedf390e649f33fa5ee1d60bd222c113ac2aa61ff1ca91343e9716eca8,1600,1167,1,0.2004001,379.4,148,0.655636,1,1,1,0.871650,1,0,0,0.166513
test/images/635_jpg.rf.42d64fe86f8e1c34c9e68032616a6090.jpg,yolo,faccaeeedf390e649f33fa5ee1d60bd222c113ac2aa61ff1ca91343e9716eca8,1600,1167,1,0.2004001,668.4,16,0.694771,1,0,0,0.178955,1,0,0,0.178955
test/images/635_jpg.rf.42d64fe86f8e1c34c9e68032616a6090.jpg,soul,faccaeeedf390e649f33fa5ee1d60bd222c113ac2aa61ff1ca91343e9716eca8,1600,1167,1,0.2004001,57.2,1,0.654897,1,0,0,0.145460,1,0,0,0.145460
test/images/639_jpg.rf.0c02bfd79359f61d50e235ae98f37446.jpg,dfire_yolov8n,352052b4f5a8e2c68565dbb55fa8aa7035f0eb54a29d41347cb8ee11e04c2030,800,550,1,0.3283091,56.3,6,0.728296,1,1,0,0.373451,1,1,0,0.373451
test/images/639_jpg.rf.0c02bfd79359f61d50e235ae98f37446.jpg,dfine,352052b4f5a8e2c68565dbb55fa8aa7035f0eb54a29d41347cb8ee11e04c2030,800,550,1,0.3283091,367.8,87,0.671494,1,1,1,0.599590,1,1,1,0.599590
test/images/639_jpg.rf.0c02bfd79359f61d50e235ae98f37446.jpg,yolo,352052b4f5a8e2c68565dbb55fa8aa7035f0eb54a29d41347cb8ee11e04c2030,800,550,1,0.3283091,732.5,9,0.664516,1,1,0,0.362521,1,1,0,0.362521
test/images/639_jpg.rf.0c02bfd79359f61d50e235ae98f37446.jpg,soul,352052b4f5a8e2c68565dbb55fa8aa7035f0eb54a29d41347cb8ee11e04c2030,800,550,1,0.3283091,54.7,6,0.833672,1,1,1,0.604206,1,0,0,0.142348
test/images/658_jpg.rf.dd1f51569e0a3ca4280b4054afc0eb0f.jpg,dfire_yolov8n,8b7f5f2a0eddebedd12c5693e613f0d8b5ac34529998005e3ce55fdfd01b50b7,1600,1167,1,0.5678904,63.3,12,0.695802,1,1,1,0.510621,1,1,1,0.510621
test/images/658_jpg.rf.dd1f51569e0a3ca4280b4054afc0eb0f.jpg,dfine,8b7f5f2a0eddebedd12c5693e613f0d8b5ac34529998005e3ce55fdfd01b50b7,1600,1167,1,0.5678904,374.0,186,0.794221,1,1,1,0.723294,1,1,1,0.723294
test/images/658_jpg.rf.dd1f51569e0a3ca4280b4054afc0eb0f.jpg,yolo,8b7f5f2a0eddebedd12c5693e613f0d8b5ac34529998005e3ce55fdfd01b50b7,1600,1167,1,0.5678904,676.7,19,0.466166,1,0,0,0.088073,0,0,0,0.000000
test/images/658_jpg.rf.dd1f51569e0a3ca4280b4054afc0eb0f.jpg,soul,8b7f5f2a0eddebedd12c5693e613f0d8b5ac34529998005e3ce55fdfd01b50b7,1600,1167,1,0.5678904,51.7,13,0.805211,1,0,0,0.083292,1,0,0,0.083292
test/images/660_jpg.rf.8a0527f7380caf926f2b849c076d51ef.jpg,dfire_yolov8n,679ff2d8550bf7b36a5499708d4cb0913be59d7bd13b7e3664a255cf0cf55ed7,1280,854,1,0.3989004,60.7,8,0.679486,1,0,0,0.080861,1,0,0,0.080861
test/images/660_jpg.rf.8a0527f7380caf926f2b849c076d51ef.jpg,dfine,679ff2d8550bf7b36a5499708d4cb0913be59d7bd13b7e3664a255cf0cf55ed7,1280,854,1,0.3989004,445.2,81,0.758694,1,0,0,0.209577,1,0,0,0.084957
test/images/660_jpg.rf.8a0527f7380caf926f2b849c076d51ef.jpg,yolo,679ff2d8550bf7b36a5499708d4cb0913be59d7bd13b7e3664a255cf0cf55ed7,1280,854,1,0.3989004,689.7,7,0.584479,1,0,0,0.081799,1,0,0,0.081799
test/images/660_jpg.rf.8a0527f7380caf926f2b849c076d51ef.jpg,soul,679ff2d8550bf7b36a5499708d4cb0913be59d7bd13b7e3664a255cf0cf55ed7,1280,854,1,0.3989004,56.6,10,0.846659,1,0,0,0.055189,1,0,0,0.037996
test/images/664_jpg.rf.3190f56771780e59efa589aa03bd8eea.jpg,dfire_yolov8n,a379e58efa68297d4f1cdd903ce3a96d6644d604cdb6cd19772f13ac03c69b03,745,451,1,0.1485022,60.7,3,0.809526,1,1,1,0.588552,1,1,1,0.588552
test/images/664_jpg.rf.3190f56771780e59efa589aa03bd8eea.jpg,dfine,a379e58efa68297d4f1cdd903ce3a96d6644d604cdb6cd19772f13ac03c69b03,745,451,1,0.1485022,410.4,45,0.788744,1,1,0,0.499976,1,1,0,0.499976
test/images/664_jpg.rf.3190f56771780e59efa589aa03bd8eea.jpg,yolo,a379e58efa68297d4f1cdd903ce3a96d6644d604cdb6cd19772f13ac03c69b03,745,451,1,0.1485022,665.5,3,0.720544,1,1,1,0.547556,1,1,1,0.547556
test/images/664_jpg.rf.3190f56771780e59efa589aa03bd8eea.jpg,soul,a379e58efa68297d4f1cdd903ce3a96d6644d604cdb6cd19772f13ac03c69b03,745,451,1,0.1485022,45.1,3,0.756179,1,1,0,0.385298,1,1,0,0.385298
test/images/6660ead275b92c0b_jpg.rf.1001d2e65f1f203bcea41c00c92095a4.jpg,dfire_yolov8n,ffc6ff804baddd6f5a0e5b548d52879c881c5b50ed4c7bd76a43266f8ca643ef,1024,768,1,0.0968246,57.5,3,0.750895,1,1,1,0.850577,1,1,1,0.850577
test/images/6660ead275b92c0b_jpg.rf.1001d2e65f1f203bcea41c00c92095a4.jpg,dfine,ffc6ff804baddd6f5a0e5b548d52879c881c5b50ed4c7bd76a43266f8ca643ef,1024,768,1,0.0968246,396.2,62,0.721095,1,1,1,0.870197,1,1,1,0.870197
test/images/6660ead275b92c0b_jpg.rf.1001d2e65f1f203bcea41c00c92095a4.jpg,yolo,ffc6ff804baddd6f5a0e5b548d52879c881c5b50ed4c7bd76a43266f8ca643ef,1024,768,1,0.0968246,704.7,2,0.881944,1,1,1,0.833367,1,1,1,0.833367
test/images/6660ead275b92c0b_jpg.rf.1001d2e65f1f203bcea41c00c92095a4.jpg,soul,ffc6ff804baddd6f5a0e5b548d52879c881c5b50ed4c7bd76a43266f8ca643ef,1024,768,1,0.0968246,57.9,3,0.867465,1,1,1,0.762297,1,1,1,0.762297
test/images/669_jpg.rf.7dbd738c4509c4914c1a5bec857a7d7e.jpg,dfire_yolov8n,8a20dbb5cdbed0f334a4cbe054a81ae0ea24b0e58bbe686b18b5baa4ab509c05,1024,765,1,0.2614992,62.2,3,0.477729,1,1,1,0.793923,0,0,0,0.000000
test/images/669_jpg.rf.7dbd738c4509c4914c1a5bec857a7d7e.jpg,dfine,8a20dbb5cdbed0f334a4cbe054a81ae0ea24b0e58bbe686b18b5baa4ab509c05,1024,765,1,0.2614992,449.2,99,0.771273,1,1,1,0.884920,1,1,1,0.884920
test/images/669_jpg.rf.7dbd738c4509c4914c1a5bec857a7d7e.jpg,yolo,8a20dbb5cdbed0f334a4cbe054a81ae0ea24b0e58bbe686b18b5baa4ab509c05,1024,765,1,0.2614992,745.0,3,0.706789,1,1,1,0.671892,1,1,1,0.671892
test/images/669_jpg.rf.7dbd738c4509c4914c1a5bec857a7d7e.jpg,soul,8a20dbb5cdbed0f334a4cbe054a81ae0ea24b0e58bbe686b18b5baa4ab509c05,1024,765,1,0.2614992,61.6,3,0.531806,1,1,1,0.637022,1,1,1,0.637022
test/images/675_jpg.rf.036e86428c87c885a7ce5a0630dac932.jpg,dfire_yolov8n,761dd050fbf73bf39025f156a64e21f8c7af1d93cf2d2914abbdcd3fe4c20b70,810,454,1,0.0148230,63.1,8,0.628820,1,1,1,0.633859,1,1,1,0.633859
test/images/675_jpg.rf.036e86428c87c885a7ce5a0630dac932.jpg,dfine,761dd050fbf73bf39025f156a64e21f8c7af1d93cf2d2914abbdcd3fe4c20b70,810,454,1,0.0148230,493.5,95,0.543440,1,1,1,0.654837,1,1,0,0.478312
test/images/675_jpg.rf.036e86428c87c885a7ce5a0630dac932.jpg,yolo,761dd050fbf73bf39025f156a64e21f8c7af1d93cf2d2914abbdcd3fe4c20b70,810,454,1,0.0148230,721.9,8,0.571708,1,1,1,0.533784,1,1,1,0.533784
test/images/675_jpg.rf.036e86428c87c885a7ce5a0630dac932.jpg,soul,761dd050fbf73bf39025f156a64e21f8c7af1d93cf2d2914abbdcd3fe4c20b70,810,454,1,0.0148230,48.9,1,0.452693,1,1,1,0.580416,0,0,0,0.000000
test/images/679_jpg.rf.9a51d04006cf9eb8ece4c5599be229d5.jpg,dfire_yolov8n,62c24b88e3d88aff05ab711f12df3e837b4705d0befb26cc0afd06f08c54861c,1280,720,1,0.0950846,61.6,3,0.655354,1,1,1,0.606364,1,1,1,0.606364
test/images/679_jpg.rf.9a51d04006cf9eb8ece4c5599be229d5.jpg,dfine,62c24b88e3d88aff05ab711f12df3e837b4705d0befb26cc0afd06f08c54861c,1280,720,1,0.0950846,2272.9,71,0.674222,1,1,1,0.680488,1,1,1,0.673845
test/images/679_jpg.rf.9a51d04006cf9eb8ece4c5599be229d5.jpg,yolo,62c24b88e3d88aff05ab711f12df3e837b4705d0befb26cc0afd06f08c54861c,1280,720,1,0.0950846,4587.3,6,0.640248,1,1,1,0.604081,1,1,1,0.604081
test/images/679_jpg.rf.9a51d04006cf9eb8ece4c5599be229d5.jpg,soul,62c24b88e3d88aff05ab711f12df3e837b4705d0befb26cc0afd06f08c54861c,1280,720,1,0.0950846,741.6,1,0.784868,1,1,1,0.637793,1,1,1,0.637793
test/images/6a085bfcc9969ac9_jpg.rf.94c76f320523aa5977b108cfe3d03741.jpg,dfire_yolov8n,38c79dbda56d6d5355ce0a3adcd5361809b129db51a9a7aba28533f06f1141c4,768,1024,1,0.0038007,880.7,2,0.112251,0,0,0,0.000000,0,0,0,0.000000
test/images/6a085bfcc9969ac9_jpg.rf.94c76f320523aa5977b108cfe3d03741.jpg,dfine,38c79dbda56d6d5355ce0a3adcd5361809b129db51a9a7aba28533f06f1141c4,768,1024,1,0.0038007,1516.3,1,0.086575,0,0,0,0.000000,0,0,0,0.000000
test/images/6a085bfcc9969ac9_jpg.rf.94c76f320523aa5977b108cfe3d03741.jpg,yolo,38c79dbda56d6d5355ce0a3adcd5361809b129db51a9a7aba28533f06f1141c4,768,1024,1,0.0038007,602.0,0,0.000000,0,0,0,0.000000,0,0,0,0.000000
test/images/6a085bfcc9969ac9_jpg.rf.94c76f320523aa5977b108cfe3d03741.jpg,soul,38c79dbda56d6d5355ce0a3adcd5361809b129db51a9a7aba28533f06f1141c4,768,1024,1,0.0038007,43.6,0,0.000000,0,0,0,0.000000,0,0,0,0.000000
test/images/6cdc997b535e2641_jpg.rf.fab03e3a9423cb34ff5ce6c4f6c96c74.jpg,dfire_yolov8n,980b2c337c4b07c07ba665252a861d214e7303d3a8820e02a87237f08bda8d57,1024,679,1,0.0225487,52.9,1,0.696674,1,1,1,0.751773,1,1,1,0.751773
test/images/6cdc997b535e2641_jpg.rf.fab03e3a9423cb34ff5ce6c4f6c96c74.jpg,dfine,980b2c337c4b07c07ba665252a861d214e7303d3a8820e02a87237f08bda8d57,1024,679,1,0.0225487,467.3,3,0.353848,1,1,1,0.740272,0,0,0,0.000000
test/images/6cdc997b535e2641_jpg.rf.fab03e3a9423cb34ff5ce6c4f6c96c74.jpg,yolo,980b2c337c4b07c07ba665252a861d214e7303d3a8820e02a87237f08bda8d57,1024,679,1,0.0225487,675.7,1,0.683631,1,1,1,0.808983,1,1,1,0.808983
test/images/6cdc997b535e2641_jpg.rf.fab03e3a9423cb34ff5ce6c4f6c96c74.jpg,soul,980b2c337c4b07c07ba665252a861d214e7303d3a8820e02a87237f08bda8d57,1024,679,1,0.0225487,51.3,1,0.814242,1,1,1,0.764003,1,1,1,0.764003
test/images/717_jpg.rf.10cb2a35603f5e248d9e8ca48bb72fdc.jpg,dfire_yolov8n,0b312b4bceca1f3a1fb06673c718caaecd8f6aaa60d255cdeaea244b716e7e0d,700,467,1,0.0468278,53.3,1,0.690581,1,1,1,0.734088,1,1,1,0.734088
test/images/717_jpg.rf.10cb2a35603f5e248d9e8ca48bb72fdc.jpg,dfine,0b312b4bceca1f3a1fb06673c718caaecd8f6aaa60d255cdeaea244b716e7e0d,700,467,1,0.0468278,413.0,37,0.848647,1,1,1,0.764424,1,1,1,0.764424
test/images/717_jpg.rf.10cb2a35603f5e248d9e8ca48bb72fdc.jpg,yolo,0b312b4bceca1f3a1fb06673c718caaecd8f6aaa60d255cdeaea244b716e7e0d,700,467,1,0.0468278,685.9,3,0.666635,1,1,0,0.427447,1,0,0,0.244444
test/images/717_jpg.rf.10cb2a35603f5e248d9e8ca48bb72fdc.jpg,soul,0b312b4bceca1f3a1fb06673c718caaecd8f6aaa60d255cdeaea244b716e7e0d,700,467,1,0.0468278,45.2,5,0.309554,1,1,0,0.482377,0,0,0,0.000000
test/images/72-Firefighters_jpg.rf.52ae49098e25a3316a8adca6e1c98d57.jpg,dfire_yolov8n,6eb488c35c1fa569c1020f0d04dac7564dd41781af2ce1fee4f2897f9d7dc25b,926,517,2,0.2078823,55.1,2,0.805011,1,1,0,0.456334,1,1,0,0.456334
test/images/72-Firefighters_jpg.rf.52ae49098e25a3316a8adca6e1c98d57.jpg,dfine,6eb488c35c1fa569c1020f0d04dac7564dd41781af2ce1fee4f2897f9d7dc25b,926,517,2,0.2078823,502.3,56,0.869412,1,1,0,0.472764,1,1,0,0.472764
test/images/72-Firefighters_jpg.rf.52ae49098e25a3316a8adca6e1c98d57.jpg,yolo,6eb488c35c1fa569c1020f0d04dac7564dd41781af2ce1fee4f2897f9d7dc25b,926,517,2,0.2078823,682.5,4,0.738082,1,1,1,0.545647,1,1,1,0.545647
test/images/72-Firefighters_jpg.rf.52ae49098e25a3316a8adca6e1c98d57.jpg,soul,6eb488c35c1fa569c1020f0d04dac7564dd41781af2ce1fee4f2897f9d7dc25b,926,517,2,0.2078823,57.0,1,0.851457,1,1,1,0.516193,1,1,1,0.516193
test/images/749_jpg.rf.329a7710573545edc35ad69daf44eb57.jpg,dfire_yolov8n,7c92485e78feb08de469521a5677587825645a07b910b54b8fcc95b465fe8bb5,1024,680,1,0.0256132,57.0,3,0.464305,1,1,0,0.396299,0,0,0,0.000000
test/images/749_jpg.rf.329a7710573545edc35ad69daf44eb57.jpg,dfine,7c92485e78feb08de469521a5677587825645a07b910b54b8fcc95b465fe8bb5,1024,680,1,0.0256132,411.0,43,0.611330,1,1,0,0.337202,1,1,0,0.337202
test/images/749_jpg.rf.329a7710573545edc35ad69daf44eb57.jpg,yolo,7c92485e78feb08de469521a5677587825645a07b910b54b8fcc95b465fe8bb5,1024,680,1,0.0256132,713.2,3,0.551198,1,0,0,0.285730,1,0,0,0.285730
test/images/749_jpg.rf.329a7710573545edc35ad69daf44eb57.jpg,soul,7c92485e78feb08de469521a5677587825645a07b910b54b8fcc95b465fe8bb5,1024,680,1,0.0256132,51.7,8,0.682142,1,1,0,0.445664,1,1,0,0.445664
test/images/750_jpg.rf.3e35b806bf5ab86ae6e1864b905f2f7a.jpg,dfire_yolov8n,62ace51e35a48d7f2dc9bed909d54cdc72758f71b6112d2043c5d9ca12cf1bfa,780,520,1,0.3531213,51.1,3,0.403077,1,0,0,0.145117,0,0,0,0.000000
test/images/750_jpg.rf.3e35b806bf5ab86ae6e1864b905f2f7a.jpg,dfine,62ace51e35a48d7f2dc9bed909d54cdc72758f71b6112d2043c5d9ca12cf1bfa,780,520,1,0.3531213,500.7,38,0.345133,1,0,0,0.039538,0,0,0,0.000000
test/images/750_jpg.rf.3e35b806bf5ab86ae6e1864b905f2f7a.jpg,yolo,62ace51e35a48d7f2dc9bed909d54cdc72758f71b6112d2043c5d9ca12cf1bfa,780,520,1,0.3531213,707.7,7,0.201830,0,0,0,0.000000,0,0,0,0.000000
test/images/750_jpg.rf.3e35b806bf5ab86ae6e1864b905f2f7a.jpg,soul,62ace51e35a48d7f2dc9bed909d54cdc72758f71b6112d2043c5d9ca12cf1bfa,780,520,1,0.3531213,60.2,4,0.625871,1,0,0,0.103807,1,0,0,0.103807
test/images/752_jpg.rf.2de867d4f1c6d42cb8b7ca3928bf92e3.jpg,dfire_yolov8n,0a8ee49dd9952038a2fe6088a99820b568c28c96167158c85b3ff3e612313b84,980,653,1,0.2954339,67.3,5,0.352590,1,0,0,0.016058,0,0,0,0.000000
test/images/752_jpg.rf.2de867d4f1c6d42cb8b7ca3928bf92e3.jpg,dfine,0a8ee49dd9952038a2fe6088a99820b568c28c96167158c85b3ff3e612313b84,980,653,1,0.2954339,487.6,105,0.593090,1,0,0,0.051666,1,0,0,0.011139
test/images/752_jpg.rf.2de867d4f1c6d42cb8b7ca3928bf92e3.jpg,yolo,0a8ee49dd9952038a2fe6088a99820b568c28c96167158c85b3ff3e612313b84,980,653,1,0.2954339,4113.1,8,0.443741,1,0,0,0.018402,0,0,0,0.000000
test/images/752_jpg.rf.2de867d4f1c6d42cb8b7ca3928bf92e3.jpg,soul,0a8ee49dd9952038a2fe6088a99820b568c28c96167158c85b3ff3e612313b84,980,653,1,0.2954339,811.1,4,0.749518,1,0,0,0.218399,1,0,0,0.010409
test/images/753_jpg.rf.695edc171449048c7929311cd1ae6bd8.jpg,dfire_yolov8n,3342b12da6b0c67dc00e6de08d6c34fd7d4aefc1b7954614ef8777b75a3b87ba,2000,1331,1,0.0535909,978.4,1,0.493479,1,1,0,0.458373,0,0,0,0.000000
test/images/753_jpg.rf.695edc171449048c7929311cd1ae6bd8.jpg,dfine,3342b12da6b0c67dc00e6de08d6c34fd7d4aefc1b7954614ef8777b75a3b87ba,2000,1331,1,0.0535909,3476.0,40,0.192475,0,0,0,0.000000,0,0,0,0.000000
test/images/753_jpg.rf.695edc171449048c7929311cd1ae6bd8.jpg,yolo,3342b12da6b0c67dc00e6de08d6c34fd7d4aefc1b7954614ef8777b75a3b87ba,2000,1331,1,0.0535909,5335.2,4,0.131247,0,0,0,0.000000,0,0,0,0.000000
test/images/753_jpg.rf.695edc171449048c7929311cd1ae6bd8.jpg,soul,3342b12da6b0c67dc00e6de08d6c34fd7d4aefc1b7954614ef8777b75a3b87ba,2000,1331,1,0.0535909,565.5,5,0.847123,1,1,0,0.369381,1,0,0,0.000000
test/images/76---Copy_jpg.rf.23d0d962e771386136407d3f9b631414.jpg,dfire_yolov8n,c87e033908e3707116e70f5dd9e849438d9b73833d8a6fdd3e2b71580de7b48a,640,425,2,0.1276691,793.2,2,0.842888,1,1,1,0.942137,1,1,1,0.942137
test/images/76---Copy_jpg.rf.23d0d962e771386136407d3f9b631414.jpg,dfine,c87e033908e3707116e70f5dd9e849438d9b73833d8a6fdd3e2b71580de7b48a,640,425,2,0.1276691,2959.4,49,0.870588,1,1,1,0.848468,1,1,1,0.848468
test/images/76---Copy_jpg.rf.23d0d962e771386136407d3f9b631414.jpg,yolo,c87e033908e3707116e70f5dd9e849438d9b73833d8a6fdd3e2b71580de7b48a,640,425,2,0.1276691,4824.1,2,0.798116,1,1,1,0.829860,1,1,1,0.829860
test/images/76---Copy_jpg.rf.23d0d962e771386136407d3f9b631414.jpg,soul,c87e033908e3707116e70f5dd9e849438d9b73833d8a6fdd3e2b71580de7b48a,640,425,2,0.1276691,701.9,2,0.890162,1,1,1,0.846880,1,1,1,0.846880
test/images/766_jpg.rf.e0e3fdfa1a58594e681c586f80a67308.jpg,dfire_yolov8n,aa8a0c1671d62469eca18e47e8259ff16159961c2c3d0a43aa4499321830ae9b,1280,720,1,0.1665799,852.6,6,0.783377,1,0,0,0.220948,1,0,0,0.220948
test/images/766_jpg.rf.e0e3fdfa1a58594e681c586f80a67308.jpg,dfine,aa8a0c1671d62469eca18e47e8259ff16159961c2c3d0a43aa4499321830ae9b,1280,720,1,0.1665799,3572.2,39,0.837940,1,1,1,0.742232,1,1,0,0.302084
test/images/766_jpg.rf.e0e3fdfa1a58594e681c586f80a67308.jpg,yolo,aa8a0c1671d62469eca18e47e8259ff16159961c2c3d0a43aa4499321830ae9b,1280,720,1,0.1665799,4566.9,9,0.663784,1,0,0,0.255797,1,0,0,0.255797
test/images/766_jpg.rf.e0e3fdfa1a58594e681c586f80a67308.jpg,soul,aa8a0c1671d62469eca18e47e8259ff16159961c2c3d0a43aa4499321830ae9b,1280,720,1,0.1665799,615.3,3,0.769425,1,0,0,0.258533,1,0,0,0.258533
test/images/776_jpg.rf.ef154131879c39e00f546e9f7045adcc.jpg,dfire_yolov8n,1d24d4e73b3f08aafece731e1542546dc4a487bcea6db05bfa40434a843c0d2f,1000,750,1,0.2056320,936.4,7,0.776439,1,0,0,0.215764,1,0,0,0.215764
test/images/776_jpg.rf.ef154131879c39e00f546e9f7045adcc.jpg,dfine,1d24d4e73b3f08aafece731e1542546dc4a487bcea6db05bfa40434a843c0d2f,1000,750,1,0.2056320,1540.2,96,0.807537,1,1,1,0.518865,1,0,0,0.264293
test/images/776_jpg.rf.ef154131879c39e00f546e9f7045adcc.jpg,yolo,1d24d4e73b3f08aafece731e1542546dc4a487bcea6db05bfa40434a843c0d2f,1000,750,1,0.2056320,5579.1,17,0.563767,1,0,0,0.295682,1,0,0,0.295682
test/images/776_jpg.rf.ef154131879c39e00f546e9f7045adcc.jpg,soul,1d24d4e73b3f08aafece731e1542546dc4a487bcea6db05bfa40434a843c0d2f,1000,750,1,0.2056320,1108.7,6,0.599520,1,0,0,0.195121,1,0,0,0.034415
test/images/782_jpg.rf.0841d6bdd30f6fe29f676b84c0bf43cc.jpg,dfire_yolov8n,05b8b617812e920321684e5dec179d80c6707f236944c623f081343f4eeaddde,960,1446,1,0.0461906,1012.6,3,0.557874,1,1,0,0.476107,1,1,0,0.476107
test/images/782_jpg.rf.0841d6bdd30f6fe29f676b84c0bf43cc.jpg,dfine,05b8b617812e920321684e5dec179d80c6707f236944c623f081343f4eeaddde,960,1446,1,0.0461906,2512.5,22,0.759845,1,1,0,0.408125,1,0,0,0.178166
test/images/782_jpg.rf.0841d6bdd30f6fe29f676b84c0bf43cc.jpg,yolo,05b8b617812e920321684e5dec179d80c6707f236944c623f081343f4eeaddde,960,1446,1,0.0461906,4401.5,3,0.464081,1,1,0,0.367140,0,0,0,0.000000
test/images/782_jpg.rf.0841d6bdd30f6fe29f676b84c0bf43cc.jpg,soul,05b8b617812e920321684e5dec179d80c6707f236944c623f081343f4eeaddde,960,1446,1,0.0461906,561.3,9,0.611148,1,1,0,0.389442,1,1,0,0.363537
test/images/785_jpg.rf.a116d015bb79363df0672ae6d91c3e2a.jpg,dfire_yolov8n,4981ec3a647b101c156c14bb41d11c99c4ffaa019a94bb09d2d5cbc1a8df1631,852,480,1,0.9745696,774.7,2,0.669030,1,1,1,0.881958,1,1,1,0.881958
test/images/785_jpg.rf.a116d015bb79363df0672ae6d91c3e2a.jpg,dfine,4981ec3a647b101c156c14bb41d11c99c4ffaa019a94bb09d2d5cbc1a8df1631,852,480,1,0.9745696,2877.1,48,0.927917,1,1,1,0.975679,1,1,1,0.975679
test/images/785_jpg.rf.a116d015bb79363df0672ae6d91c3e2a.jpg,yolo,4981ec3a647b101c156c14bb41d11c99c4ffaa019a94bb09d2d5cbc1a8df1631,852,480,1,0.9745696,4188.7,5,0.655140,1,1,1,0.891158,1,1,1,0.891158
test/images/785_jpg.rf.a116d015bb79363df0672ae6d91c3e2a.jpg,soul,4981ec3a647b101c156c14bb41d11c99c4ffaa019a94bb09d2d5cbc1a8df1631,852,480,1,0.9745696,589.0,0,0.000000,0,0,0,0.000000,0,0,0,0.000000
test/images/788_jpg.rf.573d2247e35cc238a5db35aa3d2addf9.jpg,dfire_yolov8n,ddc701a791ba7b12e93d7ddf7215b61b1260e5da9ca3012b97f775b7f54a6bd6,2332,1716,1,0.3154250,774.7,5,0.508625,1,1,1,0.733472,1,1,1,0.733472
test/images/788_jpg.rf.573d2247e35cc238a5db35aa3d2addf9.jpg,dfine,ddc701a791ba7b12e93d7ddf7215b61b1260e5da9ca3012b97f775b7f54a6bd6,2332,1716,1,0.3154250,2792.9,103,0.802283,1,1,1,0.800817,1,1,1,0.800817
test/images/788_jpg.rf.573d2247e35cc238a5db35aa3d2addf9.jpg,yolo,ddc701a791ba7b12e93d7ddf7215b61b1260e5da9ca3012b97f775b7f54a6bd6,2332,1716,1,0.3154250,4641.8,12,0.826765,1,1,1,0.736342,1,1,1,0.736342
test/images/788_jpg.rf.573d2247e35cc238a5db35aa3d2addf9.jpg,soul,ddc701a791ba7b12e93d7ddf7215b61b1260e5da9ca3012b97f775b7f54a6bd6,2332,1716,1,0.3154250,1130.5,2,0.625552,1,1,1,0.731934,1,1,1,0.731934
test/images/7c73e718948fa89d_jpg.rf.010d05688721f6aceeb83261e146ab48.jpg,dfire_yolov8n,fa59bfe5d83568299118eb281bfd835ab0af8840808494459a8b8d444f181d99,1024,768,2,0.0415548,803.0,4,0.395011,1,1,1,0.677642,0,0,0,0.000000
test/images/7c73e718948fa89d_jpg.rf.010d05688721f6aceeb83261e146ab48.jpg,dfine,fa59bfe5d83568299118eb281bfd835ab0af8840808494459a8b8d444f181d99,1024,768,2,0.0415548,2684.3,60,0.747031,1,1,1,0.957900,1,1,1,0.957900
test/images/7c73e718948fa89d_jpg.rf.010d05688721f6aceeb83261e146ab48.jpg,yolo,fa59bfe5d83568299118eb281bfd835ab0af8840808494459a8b8d444f181d99,1024,768,2,0.0415548,4128.1,2,0.074645,0,0,0,0.000000,0,0,0,0.000000
test/images/7c73e718948fa89d_jpg.rf.010d05688721f6aceeb83261e146ab48.jpg,soul,fa59bfe5d83568299118eb281bfd835ab0af8840808494459a8b8d444f181d99,1024,768,2,0.0415548,643.7,3,0.810466,1,1,1,0.831758,1,1,1,0.831758
test/images/8-5203627_firenewtn_jpg.rf.2458d185fd8e6af2f8a00edc212d6e1e.jpg,dfire_yolov8n,b7ae88bfa8ead6189f100b3e21453dd3eb56e956388f4ad9f5b3ff651cec6523,1280,720,8,0.0217914,827.3,16,0.727058,1,1,1,0.686480,1,1,1,0.517045
test/images/8-5203627_firenewtn_jpg.rf.2458d185fd8e6af2f8a00edc212d6e1e.jpg,dfine,b7ae88bfa8ead6189f100b3e21453dd3eb56e956388f4ad9f5b3ff651cec6523,1280,720,8,0.0217914,2605.4,95,0.813482,1,1,1,0.780751,1,1,1,0.780751
test/images/8-5203627_firenewtn_jpg.rf.2458d185fd8e6af2f8a00edc212d6e1e.jpg,yolo,b7ae88bfa8ead6189f100b3e21453dd3eb56e956388f4ad9f5b3ff651cec6523,1280,720,8,0.0217914,4256.6,18,0.824062,1,1,1,0.740638,1,1,1,0.678311
test/images/8-5203627_firenewtn_jpg.rf.2458d185fd8e6af2f8a00edc212d6e1e.jpg,soul,b7ae88bfa8ead6189f100b3e21453dd3eb56e956388f4ad9f5b3ff651cec6523,1280,720,8,0.0217914,580.0,10,0.784515,1,1,1,0.626231,1,1,1,0.626231
test/images/80---Copy_jpg.rf.7e4b466b8f3b3ca466bf88f188fa6dad.jpg,dfire_yolov8n,e96136a5c3329fc9f9cd0baa1d626e6f635c622980e61bc4045fcff313b69a15,1280,720,2,0.0359733,806.7,2,0.805683,1,1,1,0.923345,1,1,1,0.923345
test/images/80---Copy_jpg.rf.7e4b466b8f3b3ca466bf88f188fa6dad.jpg,dfine,e96136a5c3329fc9f9cd0baa1d626e6f635c622980e61bc4045fcff313b69a15,1280,720,2,0.0359733,3072.2,27,0.828785,1,1,1,0.886232,1,1,1,0.886232
test/images/80---Copy_jpg.rf.7e4b466b8f3b3ca466bf88f188fa6dad.jpg,yolo,e96136a5c3329fc9f9cd0baa1d626e6f635c622980e61bc4045fcff313b69a15,1280,720,2,0.0359733,5672.0,2,0.788992,1,1,1,0.773623,1,1,1,0.773623
test/images/80---Copy_jpg.rf.7e4b466b8f3b3ca466bf88f188fa6dad.jpg,soul,e96136a5c3329fc9f9cd0baa1d626e6f635c622980e61bc4045fcff313b69a15,1280,720,2,0.0359733,790.2,1,0.789401,1,1,1,0.589311,1,1,1,0.589311
test/images/815_jpg.rf.45e60dcdaf8553dace7103f569d99250.jpg,dfire_yolov8n,30a840d4e5b7ad373c4352e5d9080e89b4a5b89a4f58a4f8510193508a6c0bc6,1140,700,1,0.0455865,828.8,2,0.708116,1,1,1,0.688043,1,1,1,0.688043
test/images/815_jpg.rf.45e60dcdaf8553dace7103f569d99250.jpg,dfine,30a840d4e5b7ad373c4352e5d9080e89b4a5b89a4f58a4f8510193508a6c0bc6,1140,700,1,0.0455865,3943.7,39,0.726673,1,1,1,0.831139,1,1,1,0.831139
test/images/815_jpg.rf.45e60dcdaf8553dace7103f569d99250.jpg,yolo,30a840d4e5b7ad373c4352e5d9080e89b4a5b89a4f58a4f8510193508a6c0bc6,1140,700,1,0.0455865,3291.0,1,0.821003,1,1,1,0.658740,1,1,1,0.658740
test/images/815_jpg.rf.45e60dcdaf8553dace7103f569d99250.jpg,soul,30a840d4e5b7ad373c4352e5d9080e89b4a5b89a4f58a4f8510193508a6c0bc6,1140,700,1,0.0455865,62.1,1,0.817502,1,1,1,0.663182,1,1,1,0.663182
test/images/833_jpg.rf.958139666c8aba09a7d2b6ca163c9ab0.jpg,dfire_yolov8n,03a512ed3f3239bca6749a40e8f70784690e7ecfcb371f992c0b09607a6f9e86,1280,720,1,0.7318522,58.7,3,0.594258,1,1,1,0.938720,1,1,1,0.938720
test/images/833_jpg.rf.958139666c8aba09a7d2b6ca163c9ab0.jpg,dfine,03a512ed3f3239bca6749a40e8f70784690e7ecfcb371f992c0b09607a6f9e86,1280,720,1,0.7318522,472.8,32,0.935910,1,1,1,0.972766,1,1,1,0.972766
test/images/833_jpg.rf.958139666c8aba09a7d2b6ca163c9ab0.jpg,yolo,03a512ed3f3239bca6749a40e8f70784690e7ecfcb371f992c0b09607a6f9e86,1280,720,1,0.7318522,730.8,6,0.825603,1,1,1,0.946997,1,1,1,0.946997
test/images/833_jpg.rf.958139666c8aba09a7d2b6ca163c9ab0.jpg,soul,03a512ed3f3239bca6749a40e8f70784690e7ecfcb371f992c0b09607a6f9e86,1280,720,1,0.7318522,56.0,3,0.189922,0,0,0,0.000000,0,0,0,0.000000
test/images/839_jpg.rf.a24ebe2a7c41c2af476e30d691535f0f.jpg,dfire_yolov8n,1517c0415314868da33587d4328334b6ca23cfe1c390a434a61bdf6842a33911,6720,4480,1,0.1610449,229.1,3,0.820983,1,1,0,0.370230,1,1,0,0.370230
test/images/839_jpg.rf.a24ebe2a7c41c2af476e30d691535f0f.jpg,dfine,1517c0415314868da33587d4328334b6ca23cfe1c390a434a61bdf6842a33911,6720,4480,1,0.1610449,549.9,77,0.834164,1,1,1,0.877107,1,1,0,0.358361
test/images/839_jpg.rf.a24ebe2a7c41c2af476e30d691535f0f.jpg,yolo,1517c0415314868da33587d4328334b6ca23cfe1c390a434a61bdf6842a33911,6720,4480,1,0.1610449,883.5,7,0.506973,1,1,0,0.417539,1,0,0,0.036798
test/images/839_jpg.rf.a24ebe2a7c41c2af476e30d691535f0f.jpg,soul,1517c0415314868da33587d4328334b6ca23cfe1c390a434a61bdf6842a33911,6720,4480,1,0.1610449,215.5,1,0.882432,1,0,0,0.180195,1,0,0,0.180195
test/images/83_jpg.rf.17fed216e16628c295e45fb2c8ad9d36.jpg,dfire_yolov8n,6bb524f47090190c3461b1c38e5e0f1c5cd657c4d1c991629484fbcc77d4cce6,1280,720,1,0.0303646,59.7,1,0.061043,0,0,0,0.000000,0,0,0,0.000000
test/images/83_jpg.rf.17fed216e16628c295e45fb2c8ad9d36.jpg,dfine,6bb524f47090190c3461b1c38e5e0f1c5cd657c4d1c991629484fbcc77d4cce6,1280,720,1,0.0303646,388.7,26,0.222915,0,0,0,0.000000,0,0,0,0.000000
test/images/83_jpg.rf.17fed216e16628c295e45fb2c8ad9d36.jpg,yolo,6bb524f47090190c3461b1c38e5e0f1c5cd657c4d1c991629484fbcc77d4cce6,1280,720,1,0.0303646,703.2,0,0.000000,0,0,0,0.000000,0,0,0,0.000000
test/images/83_jpg.rf.17fed216e16628c295e45fb2c8ad9d36.jpg,soul,6bb524f47090190c3461b1c38e5e0f1c5cd657c4d1c991629484fbcc77d4cce6,1280,720,1,0.0303646,49.9,5,0.205135,0,0,0,0.000000,0,0,0,0.000000
test/images/858_jpg.rf.6eafad67e82e906dd294b9732f50fbe0.jpg,dfire_yolov8n,71511790d47806a11f48199fd0c702d783a8b6331b130b5f91caab6577eac4a4,1024,682,2,0.1123047,55.9,13,0.707177,1,1,0,0.340361,1,1,0,0.340361
test/images/858_jpg.rf.6eafad67e82e906dd294b9732f50fbe0.jpg,dfine,71511790d47806a11f48199fd0c702d783a8b6331b130b5f91caab6577eac4a4,1024,682,2,0.1123047,399.0,94,0.795036,1,1,0,0.454406,1,1,0,0.341139
test/images/858_jpg.rf.6eafad67e82e906dd294b9732f50fbe0.jpg,yolo,71511790d47806a11f48199fd0c702d783a8b6331b130b5f91caab6577eac4a4,1024,682,2,0.1123047,727.9,18,0.650905,1,1,0,0.334592,1,1,0,0.334592
test/images/858_jpg.rf.6eafad67e82e906dd294b9732f50fbe0.jpg,soul,71511790d47806a11f48199fd0c702d783a8b6331b130b5f91caab6577eac4a4,1024,682,2,0.1123047,54.0,3,0.816859,1,1,0,0.329068,1,1,0,0.329068
test/images/859_jpg.rf.4017d5c8da4792759eb56cfc5db8b977.jpg,dfire_yolov8n,e9eeffeb09de37c53f7a1d8027b7f613ff5c95070e300f27d816f7fd5aaa5072,720,653,1,0.1153565,61.5,12,0.761846,1,1,1,0.648537,1,1,1,0.648537
test/images/859_jpg.rf.4017d5c8da4792759eb56cfc5db8b977.jpg,dfine,e9eeffeb09de37c53f7a1d8027b7f613ff5c95070e300f27d816f7fd5aaa5072,720,653,1,0.1153565,424.2,66,0.837042,1,1,1,0.637095,1,1,1,0.637095
test/images/859_jpg.rf.4017d5c8da4792759eb56cfc5db8b977.jpg,yolo,e9eeffeb09de37c53f7a1d8027b7f613ff5c95070e300f27d816f7fd5aaa5072,720,653,1,0.1153565,689.9,11,0.804332,1,1,1,0.618527,1,1,1,0.618527
test/images/859_jpg.rf.4017d5c8da4792759eb56cfc5db8b977.jpg,soul,e9eeffeb09de37c53f7a1d8027b7f613ff5c95070e300f27d816f7fd5aaa5072,720,653,1,0.1153565,51.1,8,0.844005,1,1,1,0.556443,1,1,1,0.556443
test/images/871_jpg.rf.6b6a9025494b1a9c2c3cc3105d0ee55b.jpg,dfire_yolov8n,fb3b39605559f9ab04c676670059298d341715a40a9783cd3c502a71eeada3fc,1765,1174,2,0.1125365,54.3,11,0.695641,1,1,1,0.809411,1,1,1,0.809411
test/images/871_jpg.rf.6b6a9025494b1a9c2c3cc3105d0ee55b.jpg,dfine,fb3b39605559f9ab04c676670059298d341715a40a9783cd3c502a71eeada3fc,1765,1174,2,0.1125365,412.4,70,0.829435,1,1,1,0.827555,1,1,1,0.827555
test/images/871_jpg.rf.6b6a9025494b1a9c2c3cc3105d0ee55b.jpg,yolo,fb3b39605559f9ab04c676670059298d341715a40a9783cd3c502a71eeada3fc,1765,1174,2,0.1125365,697.7,16,0.584921,1,1,1,0.779951,1,1,1,0.779951
test/images/871_jpg.rf.6b6a9025494b1a9c2c3cc3105d0ee55b.jpg,soul,fb3b39605559f9ab04c676670059298d341715a40a9783cd3c502a71eeada3fc,1765,1174,2,0.1125365,55.5,7,0.601736,1,1,0,0.314424,1,0,0,0.095663
test/images/880_jpg.rf.1a46cd03cf109d300e73c89d75c18421.jpg,dfire_yolov8n,a17b0d5483dd839f31af840d40234caf810bc4fafa62fff2fa2bd6724394c9b5,960,642,1,0.0466803,50.1,3,0.540034,1,1,0,0.417734,1,1,0,0.417734
test/images/880_jpg.rf.1a46cd03cf109d300e73c89d75c18421.jpg,dfine,a17b0d5483dd839f31af840d40234caf810bc4fafa62fff2fa2bd6724394c9b5,960,642,1,0.0466803,447.7,47,0.686091,1,1,1,0.613088,1,1,1,0.613088
test/images/880_jpg.rf.1a46cd03cf109d300e73c89d75c18421.jpg,yolo,a17b0d5483dd839f31af840d40234caf810bc4fafa62fff2fa2bd6724394c9b5,960,642,1,0.0466803,693.8,4,0.573965,1,1,0,0.380886,1,1,0,0.380886
test/images/880_jpg.rf.1a46cd03cf109d300e73c89d75c18421.jpg,soul,a17b0d5483dd839f31af840d40234caf810bc4fafa62fff2fa2bd6724394c9b5,960,642,1,0.0466803,50.7,2,0.842391,1,0,0,0.289051,1,0,0,0.289051
test/images/881_jpg.rf.3be39ad92624ccc5554040def4291933.jpg,dfire_yolov8n,f9189f4fa628b71b9b84a275a3ed508ce4166757a0b6921a98e5da7b42bcce8d,885,560,1,0.5441808,54.0,4,0.562405,1,0,0,0.060624,1,0,0,0.060624
test/images/881_jpg.rf.3be39ad92624ccc5554040def4291933.jpg,dfine,f9189f4fa628b71b9b84a275a3ed508ce4166757a0b6921a98e5da7b42bcce8d,885,560,1,0.5441808,408.5,118,0.636240,1,1,0,0.431345,1,0,0,0.239310
test/images/881_jpg.rf.3be39ad92624ccc5554040def4291933.jpg,yolo,f9189f4fa628b71b9b84a275a3ed508ce4166757a0b6921a98e5da7b42bcce8d,885,560,1,0.5441808,675.4,9,0.367195,1,1,0,0.489900,0,0,0,0.000000
test/images/881_jpg.rf.3be39ad92624ccc5554040def4291933.jpg,soul,f9189f4fa628b71b9b84a275a3ed508ce4166757a0b6921a98e5da7b42bcce8d,885,560,1,0.5441808,48.9,5,0.365274,1,1,0,0.439434,0,0,0,0.000000
test/images/884_jpg.rf.489913be82158ead1fc3a542b1704ecc.jpg,dfire_yolov8n,fb9815aceff5825ca61bfb0fb77042a5adbbb535c946cb1e1648c30dd5681ca6,1280,720,1,0.1630664,54.6,3,0.341728,1,1,0,0.353370,0,0,0,0.000000
test/images/884_jpg.rf.489913be82158ead1fc3a542b1704ecc.jpg,dfine,fb9815aceff5825ca61bfb0fb77042a5adbbb535c946cb1e1648c30dd5681ca6,1280,720,1,0.1630664,452.9,64,0.625100,1,1,1,0.726347,1,1,1,0.536572
test/images/884_jpg.rf.489913be82158ead1fc3a542b1704ecc.jpg,yolo,fb9815aceff5825ca61bfb0fb77042a5adbbb535c946cb1e1648c30dd5681ca6,1280,720,1,0.1630664,701.8,3,0.590813,1,1,1,0.517107,1,1,1,0.517107
test/images/884_jpg.rf.489913be82158ead1fc3a542b1704ecc.jpg,soul,fb9815aceff5825ca61bfb0fb77042a5adbbb535c946cb1e1648c30dd5681ca6,1280,720,1,0.1630664,55.3,1,0.709140,1,1,1,0.522821,1,1,1,0.522821
test/images/8a8dbe592f008e40_jpg.rf.54b46dc0423f2b7fd348a7b6154dc7cb.jpg,dfire_yolov8n,d462ccc1d2948f6f47ca57b21947d15eab848caa2782d743b7d86f5bfb91c27c,1024,690,1,0.0121518,52.5,2,0.224763,0,0,0,0.000000,0,0,0,0.000000
test/images/8a8dbe592f008e40_jpg.rf.54b46dc0423f2b7fd348a7b6154dc7cb.jpg,dfine,d462ccc1d2948f6f47ca57b21947d15eab848caa2782d743b7d86f5bfb91c27c,1024,690,1,0.0121518,435.8,2,0.068164,0,0,0,0.000000,0,0,0,0.000000
test/images/8a8dbe592f008e40_jpg.rf.54b46dc0423f2b7fd348a7b6154dc7cb.jpg,yolo,d462ccc1d2948f6f47ca57b21947d15eab848caa2782d743b7d86f5bfb91c27c,1024,690,1,0.0121518,621.5,0,0.000000,0,0,0,0.000000,0,0,0,0.000000
test/images/8a8dbe592f008e40_jpg.rf.54b46dc0423f2b7fd348a7b6154dc7cb.jpg,soul,d462ccc1d2948f6f47ca57b21947d15eab848caa2782d743b7d86f5bfb91c27c,1024,690,1,0.0121518,39.1,2,0.541303,1,1,0,0.338574,1,1,0,0.338574
test/images/8ac431f568fc5228_jpg.rf.39470df1b83842958c0763b0dfc140fa.jpg,dfire_yolov8n,8976a4edcc8a2c7cbabf99a4bebe638f514356c485c6efff9eec25a8ab684805,768,1024,1,0.0193596,44.0,3,0.196857,0,0,0,0.000000,0,0,0,0.000000
test/images/8ac431f568fc5228_jpg.rf.39470df1b83842958c0763b0dfc140fa.jpg,dfine,8976a4edcc8a2c7cbabf99a4bebe638f514356c485c6efff9eec25a8ab684805,768,1024,1,0.0193596,385.0,10,0.658162,1,1,1,0.869365,1,0,0,0.160788
test/images/8ac431f568fc5228_jpg.rf.39470df1b83842958c0763b0dfc140fa.jpg,yolo,8976a4edcc8a2c7cbabf99a4bebe638f514356c485c6efff9eec25a8ab684805,768,1024,1,0.0193596,665.1,0,0.000000,0,0,0,0.000000,0,0,0,0.000000
test/images/8ac431f568fc5228_jpg.rf.39470df1b83842958c0763b0dfc140fa.jpg,soul,8976a4edcc8a2c7cbabf99a4bebe638f514356c485c6efff9eec25a8ab684805,768,1024,1,0.0193596,57.1,5,0.741757,1,0,0,0.099704,1,0,0,0.099704
test/images/903_jpg.rf.827d4aca2f761484c70a4731127e4f2e.jpg,dfire_yolov8n,4313f5e81875c801d14ea0b2158220ebfea6c61fdc40e4b62ac0980fdd69670a,570,428,1,0.2409985,53.9,2,0.845581,1,1,1,0.774331,1,1,1,0.774331
test/images/903_jpg.rf.827d4aca2f761484c70a4731127e4f2e.jpg,dfine,4313f5e81875c801d14ea0b2158220ebfea6c61fdc40e4b62ac0980fdd69670a,570,428,1,0.2409985,434.9,18,0.885703,1,1,1,0.893777,1,1,1,0.893777
test/images/903_jpg.rf.827d4aca2f761484c70a4731127e4f2e.jpg,yolo,4313f5e81875c801d14ea0b2158220ebfea6c61fdc40e4b62ac0980fdd69670a,570,428,1,0.2409985,685.9,3,0.704399,1,1,1,0.837539,1,1,1,0.837539
test/images/903_jpg.rf.827d4aca2f761484c70a4731127e4f2e.jpg,soul,4313f5e81875c801d14ea0b2158220ebfea6c61fdc40e4b62ac0980fdd69670a,570,428,1,0.2409985,52.3,1,0.839396,1,1,1,0.810050,1,1,1,0.810050
test/images/904_jpg.rf.cb4f02f3dae1746c0209c75fb5c19a09.jpg,dfire_yolov8n,114146db58361be803feb28c8f0bc5b1cb3ee4f840fd2742f1772159e8be8302,992,558,1,0.7986039,49.7,11,0.815869,1,1,1,0.583484,1,1,0,0.312326
test/images/904_jpg.rf.cb4f02f3dae1746c0209c75fb5c19a09.jpg,dfine,114146db58361be803feb28c8f0bc5b1cb3ee4f840fd2742f1772159e8be8302,992,558,1,0.7986039,414.7,160,0.726206,1,1,1,0.936247,1,1,1,0.804370
test/images/904_jpg.rf.cb4f02f3dae1746c0209c75fb5c19a09.jpg,yolo,114146db58361be803feb28c8f0bc5b1cb3ee4f840fd2742f1772159e8be8302,992,558,1,0.7986039,741.0,31,0.451310,1,0,0,0.190605,0,0,0,0.000000
test/images/904_jpg.rf.cb4f02f3dae1746c0209c75fb5c19a09.jpg,soul,114146db58361be803feb28c8f0bc5b1cb3ee4f840fd2742f1772159e8be8302,992,558,1,0.7986039,55.3,14,0.694454,1,0,0,0.093382,1,0,0,0.093382
test/images/9169470465df9d2b_jpg.rf.ff3e0f9c2cfd5c08cf4f3f12613e7ad8.jpg,dfire_yolov8n,fb25856e0861c43c26268f244b0f474af32fc0e2da1a1983a1f77fde6aab03e3,1024,682,1,0.0044847,60.7,0,0.000000,0,0,0,0.000000,0,0,0,0.000000
test/images/9169470465df9d2b_jpg.rf.ff3e0f9c2cfd5c08cf4f3f12613e7ad8.jpg,dfine,fb25856e0861c43c26268f244b0f474af32fc0e2da1a1983a1f77fde6aab03e3,1024,682,1,0.0044847,1332.5,1,0.055718,0,0,0,0.000000,0,0,0,0.000000
test/images/9169470465df9d2b_jpg.rf.ff3e0f9c2cfd5c08cf4f3f12613e7ad8.jpg,yolo,fb25856e0861c43c26268f244b0f474af32fc0e2da1a1983a1f77fde6aab03e3,1024,682,1,0.0044847,4567.8,0,0.000000,0,0,0,0.000000,0,0,0,0.000000
test/images/9169470465df9d2b_jpg.rf.ff3e0f9c2cfd5c08cf4f3f12613e7ad8.jpg,soul,fb25856e0861c43c26268f244b0f474af32fc0e2da1a1983a1f77fde6aab03e3,1024,682,1,0.0044847,697.1,3,0.508209,1,0,0,0.108557,1,0,0,0.108557
test/images/917_jpg.rf.d00f3020d379bbca9146223fd562d020.jpg,dfire_yolov8n,b9e41615c69a127a7b8a053653f693b82c2209051b5862811aa9c69bbd595324,960,720,1,0.0582682,1373.5,2,0.537351,1,1,1,0.858706,1,1,1,0.858706
test/images/917_jpg.rf.d00f3020d379bbca9146223fd562d020.jpg,dfine,b9e41615c69a127a7b8a053653f693b82c2209051b5862811aa9c69bbd595324,960,720,1,0.0582682,2885.2,77,0.753069,1,1,1,0.763738,1,1,0,0.447722
test/images/917_jpg.rf.d00f3020d379bbca9146223fd562d020.jpg,yolo,b9e41615c69a127a7b8a053653f693b82c2209051b5862811aa9c69bbd595324,960,720,1,0.0582682,4036.2,5,0.737385,1,1,0,0.409137,1,1,0,0.409137
test/images/917_jpg.rf.d00f3020d379bbca9146223fd562d020.jpg,soul,b9e41615c69a127a7b8a053653f693b82c2209051b5862811aa9c69bbd595324,960,720,1,0.0582682,569.6,3,0.648020,1,1,1,0.650047,1,1,1,0.650047
test/images/93---Copy_jpg.rf.c72b9475aaafdbc904bd6818f09f9561.jpg,dfire_yolov8n,cf30b9205a061c7ed2e8507ae2e56f2b61becc5b29e766f2d786aba1c69274aa,948,606,2,0.3908228,948.1,2,0.571687,1,1,0,0.396698,1,1,0,0.396698
test/images/93---Copy_jpg.rf.c72b9475aaafdbc904bd6818f09f9561.jpg,dfine,cf30b9205a061c7ed2e8507ae2e56f2b61becc5b29e766f2d786aba1c69274aa,948,606,2,0.3908228,2664.9,175,0.548413,1,1,1,0.710927,1,1,0,0.401267
test/images/93---Copy_jpg.rf.c72b9475aaafdbc904bd6818f09f9561.jpg,yolo,cf30b9205a061c7ed2e8507ae2e56f2b61becc5b29e766f2d786aba1c69274aa,948,606,2,0.3908228,1381.1,5,0.390493,1,1,1,0.712888,0,0,0,0.000000
test/images/93---Copy_jpg.rf.c72b9475aaafdbc904bd6818f09f9561.jpg,soul,cf30b9205a061c7ed2e8507ae2e56f2b61becc5b29e766f2d786aba1c69274aa,948,606,2,0.3908228,42.0,2,0.718886,1,1,1,0.580766,1,1,1,0.580766
test/images/930_jpg.rf.3f70431fcc1129466241e212fc4db13a.jpg,dfire_yolov8n,8cf77b5d3b19b42b1494989e53e58ed9e9e97e4096cbb179a5e120f65ae1c689,1000,750,1,0.2211840,47.1,11,0.786181,1,0,0,0.199838,1,0,0,0.199838
test/images/930_jpg.rf.3f70431fcc1129466241e212fc4db13a.jpg,dfine,8cf77b5d3b19b42b1494989e53e58ed9e9e97e4096cbb179a5e120f65ae1c689,1000,750,1,0.2211840,364.8,89,0.823126,1,1,1,0.546128,1,0,0,0.260296
test/images/930_jpg.rf.3f70431fcc1129466241e212fc4db13a.jpg,yolo,8cf77b5d3b19b42b1494989e53e58ed9e9e97e4096cbb179a5e120f65ae1c689,1000,750,1,0.2211840,690.7,15,0.652526,1,0,0,0.283210,1,0,0,0.283210
test/images/930_jpg.rf.3f70431fcc1129466241e212fc4db13a.jpg,soul,8cf77b5d3b19b42b1494989e53e58ed9e9e97e4096cbb179a5e120f65ae1c689,1000,750,1,0.2211840,55.3,6,0.634494,1,0,0,0.198296,1,0,0,0.035771
test/images/931_jpg.rf.f833cf0d147357e5cd2fa85761317950.jpg,dfire_yolov8n,6ec843265f5a73b8853e2068bf123d9c856f79dc516b95484c0f49b26d6c07b7,899,550,1,0.5170755,47.0,14,0.619376,1,0,0,0.245865,1,0,0,0.245865
test/images/931_jpg.rf.f833cf0d147357e5cd2fa85761317950.jpg,dfine,6ec843265f5a73b8853e2068bf123d9c856f79dc516b95484c0f49b26d6c07b7,899,550,1,0.5170755,396.3,151,0.659481,1,0,0,0.264014,1,0,0,0.264014
test/images/931_jpg.rf.f833cf0d147357e5cd2fa85761317950.jpg,yolo,6ec843265f5a73b8853e2068bf123d9c856f79dc516b95484c0f49b26d6c07b7,899,550,1,0.5170755,723.9,29,0.590668,1,0,0,0.234837,1,0,0,0.234837
test/images/931_jpg.rf.f833cf0d147357e5cd2fa85761317950.jpg,soul,6ec843265f5a73b8853e2068bf123d9c856f79dc516b95484c0f49b26d6c07b7,899,550,1,0.5170755,71.4,10,0.761503,1,0,0,0.128781,1,0,0,0.128781
test/images/937_jpg.rf.840fe73f53708b4bcf462a2ef5262227.jpg,dfire_yolov8n,f6928083c052b549917863b967e5f6605c4feb7f92dd05de7a224078b4fe210a,690,590,1,0.1259985,50.4,3,0.129243,0,0,0,0.000000,0,0,0,0.000000
test/images/937_jpg.rf.840fe73f53708b4bcf462a2ef5262227.jpg,dfine,f6928083c052b549917863b967e5f6605c4feb7f92dd05de7a224078b4fe210a,690,590,1,0.1259985,348.6,83,0.646062,1,1,1,0.818580,1,1,1,0.704176
test/images/937_jpg.rf.840fe73f53708b4bcf462a2ef5262227.jpg,yolo,f6928083c052b549917863b967e5f6605c4feb7f92dd05de7a224078b4fe210a,690,590,1,0.1259985,565.1,5,0.575091,1,1,1,0.719324,1,1,1,0.719324
test/images/937_jpg.rf.840fe73f53708b4bcf462a2ef5262227.jpg,soul,f6928083c052b549917863b967e5f6605c4feb7f92dd05de7a224078b4fe210a,690,590,1,0.1259985,39.7,8,0.833482,1,1,1,0.647619,1,1,1,0.647619
test/images/940_jpg.rf.9ab2a9071e1f3bb3b751f46d77cb677f.jpg,dfire_yolov8n,8d2a3cc4c6dd1b70dfbec6f43cb9784c67ec01ba25386de3812d2c8bcca7cf81,1024,575,1,0.0514623,45.5,4,0.312144,1,0,0,0.116894,0,0,0,0.000000
test/images/940_jpg.rf.9ab2a9071e1f3bb3b751f46d77cb677f.jpg,dfine,8d2a3cc4c6dd1b70dfbec6f43cb9784c67ec01ba25386de3812d2c8bcca7cf81,1024,575,1,0.0514623,391.3,28,0.611332,1,0,0,0.130359,1,0,0,0.050724
test/images/940_jpg.rf.9ab2a9071e1f3bb3b751f46d77cb677f.jpg,yolo,8d2a3cc4c6dd1b70dfbec6f43cb9784c67ec01ba25386de3812d2c8bcca7cf81,1024,575,1,0.0514623,691.2,8,0.464999,1,0,0,0.124517,0,0,0,0.000000
test/images/940_jpg.rf.9ab2a9071e1f3bb3b751f46d77cb677f.jpg,soul,8d2a3cc4c6dd1b70dfbec6f43cb9784c67ec01ba25386de3812d2c8bcca7cf81,1024,575,1,0.0514623,51.8,3,0.373376,1,0,0,0.042507,0,0,0,0.000000
test/images/949_jpg.rf.c2fd9b87f7dda96d68b0f4ff0c6368d5.jpg,dfire_yolov8n,3b7843ecdf0af7a933a4a909e759131ce93dee5fd4d9a775aae3deb3afbaaa40,1024,650,1,0.0443450,52.8,3,0.425836,1,1,1,0.514975,0,0,0,0.000000
test/images/949_jpg.rf.c2fd9b87f7dda96d68b0f4ff0c6368d5.jpg,dfine,3b7843ecdf0af7a933a4a909e759131ce93dee5fd4d9a775aae3deb3afbaaa40,1024,650,1,0.0443450,429.3,38,0.607394,1,1,1,0.620511,1,1,0,0.344356
test/images/949_jpg.rf.c2fd9b87f7dda96d68b0f4ff0c6368d5.jpg,yolo,3b7843ecdf0af7a933a4a909e759131ce93dee5fd4d9a775aae3deb3afbaaa40,1024,650,1,0.0443450,743.8,2,0.553134,1,1,1,0.613023,1,1,1,0.613023
test/images/949_jpg.rf.c2fd9b87f7dda96d68b0f4ff0c6368d5.jpg,soul,3b7843ecdf0af7a933a4a909e759131ce93dee5fd4d9a775aae3deb3afbaaa40,1024,650,1,0.0443450,57.2,5,0.817358,1,1,0,0.482045,1,1,0,0.482045
test/images/95---Copy_jpg.rf.c51c18038492c28654fcc9b04ce16e1e.jpg,dfire_yolov8n,77d9568110036a85041bd8d0eb4103876017bf0f05de4f76a4bca4aa8b83ea15,701,468,1,0.1105563,61.0,1,0.703615,1,1,1,0.706329,1,1,1,0.706329
test/images/95---Copy_jpg.rf.c51c18038492c28654fcc9b04ce16e1e.jpg,dfine,77d9568110036a85041bd8d0eb4103876017bf0f05de4f76a4bca4aa8b83ea15,701,468,1,0.1105563,421.7,45,0.824614,1,1,1,0.687088,1,1,1,0.687088
test/images/95---Copy_jpg.rf.c51c18038492c28654fcc9b04ce16e1e.jpg,yolo,77d9568110036a85041bd8d0eb4103876017bf0f05de4f76a4bca4aa8b83ea15,701,468,1,0.1105563,694.3,1,0.849137,1,1,1,0.679782,1,1,1,0.679782
test/images/95---Copy_jpg.rf.c51c18038492c28654fcc9b04ce16e1e.jpg,soul,77d9568110036a85041bd8d0eb4103876017bf0f05de4f76a4bca4aa8b83ea15,701,468,1,0.1105563,57.9,2,0.881969,1,1,1,0.724299,1,1,1,0.724299
test/images/951_jpg.rf.de9d4806408a021e2551347baf78aca7.jpg,dfire_yolov8n,dc66be6f02928166f4ab23e327919a5abd606ad8e3cf5d3d797defac770f5bc5,900,566,1,0.1174715,65.0,7,0.441750,1,0,0,0.266628,0,0,0,0.000000
test/images/951_jpg.rf.de9d4806408a021e2551347baf78aca7.jpg,dfine,dc66be6f02928166f4ab23e327919a5abd606ad8e3cf5d3d797defac770f5bc5,900,566,1,0.1174715,2596.6,101,0.576604,1,1,1,0.781984,1,0,0,0.122727
test/images/951_jpg.rf.de9d4806408a021e2551347baf78aca7.jpg,yolo,dc66be6f02928166f4ab23e327919a5abd606ad8e3cf5d3d797defac770f5bc5,900,566,1,0.1174715,4291.0,7,0.560283,1,0,0,0.228222,1,0,0,0.026939
test/images/951_jpg.rf.de9d4806408a021e2551347baf78aca7.jpg,soul,dc66be6f02928166f4ab23e327919a5abd606ad8e3cf5d3d797defac770f5bc5,900,566,1,0.1174715,552.2,5,0.796010,1,0,0,0.230048,1,0,0,0.020053
test/images/953_jpg.rf.8ad1062a28a34e9895e3da0945d4c82e.jpg,dfire_yolov8n,910bcec30d4398b8395288412066fe84e54ef1e504e5768421b057ee0b89121b,1204,675,1,0.1678947,1105.6,2,0.808559,1,1,0,0.336670,1,1,0,0.336670
test/images/953_jpg.rf.8ad1062a28a34e9895e3da0945d4c82e.jpg,dfine,910bcec30d4398b8395288412066fe84e54ef1e504e5768421b057ee0b89121b,1204,675,1,0.1678947,3952.3,61,0.763217,1,1,1,0.874333,1,1,0,0.321133
test/images/953_jpg.rf.8ad1062a28a34e9895e3da0945d4c82e.jpg,yolo,910bcec30d4398b8395288412066fe84e54ef1e504e5768421b057ee0b89121b,1204,675,1,0.1678947,2362.8,3,0.774943,1,1,0,0.349364,1,1,0,0.349364
test/images/953_jpg.rf.8ad1062a28a34e9895e3da0945d4c82e.jpg,soul,910bcec30d4398b8395288412066fe84e54ef1e504e5768421b057ee0b89121b,1204,675,1,0.1678947,45.1,4,0.877316,1,1,0,0.331064,1,1,0,0.331064
test/images/981_jpg.rf.a6cbb25adcf8b9b788fc01e3457d8a01.jpg,dfire_yolov8n,8afecef15598b7bad0323c2ec62da3d60c8fec62c997d644a18b15e723d12279,1200,675,1,0.0886704,45.6,3,0.380027,1,0,0,0.259638,0,0,0,0.000000
test/images/981_jpg.rf.a6cbb25adcf8b9b788fc01e3457d8a01.jpg,dfine,8afecef15598b7bad0323c2ec62da3d60c8fec62c997d644a18b15e723d12279,1200,675,1,0.0886704,347.0,67,0.684504,1,0,0,0.251744,1,0,0,0.251744
test/images/981_jpg.rf.a6cbb25adcf8b9b788fc01e3457d8a01.jpg,yolo,8afecef15598b7bad0323c2ec62da3d60c8fec62c997d644a18b15e723d12279,1200,675,1,0.0886704,679.2,14,0.633791,1,0,0,0.103616,1,0,0,0.103616
test/images/981_jpg.rf.a6cbb25adcf8b9b788fc01e3457d8a01.jpg,soul,8afecef15598b7bad0323c2ec62da3d60c8fec62c997d644a18b15e723d12279,1200,675,1,0.0886704,53.6,8,0.785514,1,0,0,0.102753,1,0,0,0.102753
test/images/982_jpg.rf.7be3e97e77d772a3dc5597bc427380b1.jpg,dfire_yolov8n,7695e3652575a0e90aaf1a8713080353b64b530e89e91c9b837de666aa60cf6c,684,454,2,0.2658629,59.8,8,0.645920,1,1,1,0.680822,1,1,1,0.680822
test/images/982_jpg.rf.7be3e97e77d772a3dc5597bc427380b1.jpg,dfine,7695e3652575a0e90aaf1a8713080353b64b530e89e91c9b837de666aa60cf6c,684,454,2,0.2658629,412.1,119,0.797126,1,1,1,0.776938,1,1,1,0.608291
test/images/982_jpg.rf.7be3e97e77d772a3dc5597bc427380b1.jpg,yolo,7695e3652575a0e90aaf1a8713080353b64b530e89e91c9b837de666aa60cf6c,684,454,2,0.2658629,690.0,6,0.627528,1,1,1,0.792317,1,1,1,0.792317
test/images/982_jpg.rf.7be3e97e77d772a3dc5597bc427380b1.jpg,soul,7695e3652575a0e90aaf1a8713080353b64b530e89e91c9b837de666aa60cf6c,684,454,2,0.2658629,56.4,7,0.792076,1,1,0,0.342091,1,1,0,0.342091
test/images/984_jpg.rf.e5aa6f8aff2186db287d4fe06c1216e6.jpg,dfire_yolov8n,4d657e15ce80821e766c80f2d6e6b1dc8dcebaa5ebc07b028365f289910975a1,960,720,1,0.0372396,48.8,2,0.594441,1,1,1,0.849128,1,1,1,0.849128
test/images/984_jpg.rf.e5aa6f8aff2186db287d4fe06c1216e6.jpg,dfine,4d657e15ce80821e766c80f2d6e6b1dc8dcebaa5ebc07b028365f289910975a1,960,720,1,0.0372396,417.6,22,0.834683,1,1,1,0.766732,1,1,1,0.766732
test/images/984_jpg.rf.e5aa6f8aff2186db287d4fe06c1216e6.jpg,yolo,4d657e15ce80821e766c80f2d6e6b1dc8dcebaa5ebc07b028365f289910975a1,960,720,1,0.0372396,686.3,4,0.475218,1,1,0,0.385082,0,0,0,0.000000
test/images/984_jpg.rf.e5aa6f8aff2186db287d4fe06c1216e6.jpg,soul,4d657e15ce80821e766c80f2d6e6b1dc8dcebaa5ebc07b028365f289910975a1,960,720,1,0.0372396,55.5,1,0.845909,1,1,1,0.687918,1,1,1,0.687918
test/images/BowFire_MirrorWEBSmoke2607_jpg.rf.af992ca530f1eba10e9f84592d800455.jpg,dfire_yolov8n,91a27e4183b52527cd36e67d8c183771eb68b9242ea86914f2e094fafc80f962,1024,680,1,0.1662813,57.5,4,0.704603,1,1,1,0.831144,1,1,1,0.831144
test/images/BowFire_MirrorWEBSmoke2607_jpg.rf.af992ca530f1eba10e9f84592d800455.jpg,dfine,91a27e4183b52527cd36e67d8c183771eb68b9242ea86914f2e094fafc80f962,1024,680,1,0.1662813,445.3,88,0.754942,1,1,1,0.871682,1,1,1,0.871682
test/images/BowFire_MirrorWEBSmoke2607_jpg.rf.af992ca530f1eba10e9f84592d800455.jpg,yolo,91a27e4183b52527cd36e67d8c183771eb68b9242ea86914f2e094fafc80f962,1024,680,1,0.1662813,705.2,4,0.828989,1,1,1,0.672122,1,1,1,0.672122
test/images/BowFire_MirrorWEBSmoke2607_jpg.rf.af992ca530f1eba10e9f84592d800455.jpg,soul,91a27e4183b52527cd36e67d8c183771eb68b9242ea86914f2e094fafc80f962,1024,680,1,0.1662813,52.0,5,0.842086,1,1,1,0.653816,1,1,1,0.653816
test/images/BowFire_WEBSmoke2607_jpg.rf.89ea2aef588590b2d19f65aedcb4e9c5.jpg,dfire_yolov8n,6fd74438207404c6e17d74b4b3805765f2e8bf9b1776928aa877d21fd97ebaef,1024,680,1,0.1662813,60.7,3,0.608878,1,1,1,0.813625,1,1,1,0.813625
test/images/BowFire_WEBSmoke2607_jpg.rf.89ea2aef588590b2d19f65aedcb4e9c5.jpg,dfine,6fd74438207404c6e17d74b4b3805765f2e8bf9b1776928aa877d21fd97ebaef,1024,680,1,0.1662813,401.9,93,0.741518,1,1,1,0.866723,1,1,1,0.866723
test/images/BowFire_WEBSmoke2607_jpg.rf.89ea2aef588590b2d19f65aedcb4e9c5.jpg,yolo,6fd74438207404c6e17d74b4b3805765f2e8bf9b1776928aa877d21fd97ebaef,1024,680,1,0.1662813,685.4,4,0.799793,1,1,1,0.688771,1,1,1,0.688771
test/images/BowFire_WEBSmoke2607_jpg.rf.89ea2aef588590b2d19f65aedcb4e9c5.jpg,soul,6fd74438207404c6e17d74b4b3805765f2e8bf9b1776928aa877d21fd97ebaef,1024,680,1,0.1662813,53.3,5,0.869983,1,1,1,0.675779,1,1,1,0.675779
test/images/FireDetectionImage_MirrorWEBFire1027_jpg.rf.ea1eb4df814fa3c2a182d2a4c31d83fe.jpg,dfire_yolov8n,91c2f8a8160e1aba4666e77a8989c1eae9a59738a885f6544670d8d2240ffaea,1280,720,5,0.0753787,51.2,8,0.478642,1,1,1,0.789673,0,0,0,0.000000
test/images/FireDetectionImage_MirrorWEBFire1027_jpg.rf.ea1eb4df814fa3c2a182d2a4c31d83fe.jpg,dfine,91c2f8a8160e1aba4666e77a8989c1eae9a59738a885f6544670d8d2240ffaea,1280,720,5,0.0753787,397.9,103,0.801308,1,1,1,0.862313,1,1,1,0.862313
test/images/FireDetectionImage_MirrorWEBFire1027_jpg.rf.ea1eb4df814fa3c2a182d2a4c31d83fe.jpg,yolo,91c2f8a8160e1aba4666e77a8989c1eae9a59738a885f6544670d8d2240ffaea,1280,720,5,0.0753787,677.4,12,0.565372,1,1,1,0.868618,1,1,1,0.868618
test/images/FireDetectionImage_MirrorWEBFire1027_jpg.rf.ea1eb4df814fa3c2a182d2a4c31d83fe.jpg,soul,91c2f8a8160e1aba4666e77a8989c1eae9a59738a885f6544670d8d2240ffaea,1280,720,5,0.0753787,56.7,3,0.881860,1,1,1,0.823237,1,1,1,0.767252
test/images/FireDetectionImage_MirrorWEBFire1049_jpg.rf.73af54ed34042769b348891fd9d3270e.jpg,dfire_yolov8n,b3e81ed961ac1dc44409f313fd335727db04a58c2f3ee818f55eaaf4f14b4c62,1280,720,3,0.0540093,55.1,2,0.759910,1,1,1,0.731652,1,1,1,0.731652
test/images/FireDetectionImage_MirrorWEBFire1049_jpg.rf.73af54ed34042769b348891fd9d3270e.jpg,dfine,b3e81ed961ac1dc44409f313fd335727db04a58c2f3ee818f55eaaf4f14b4c62,1280,720,3,0.0540093,403.6,28,0.846621,1,1,1,0.701791,1,1,1,0.701791
test/images/FireDetectionImage_MirrorWEBFire1049_jpg.rf.73af54ed34042769b348891fd9d3270e.jpg,yolo,b3e81ed961ac1dc44409f313fd335727db04a58c2f3ee818f55eaaf4f14b4c62,1280,720,3,0.0540093,713.9,3,0.662925,1,1,1,0.780004,1,1,1,0.780004
test/images/FireDetectionImage_MirrorWEBFire1049_jpg.rf.73af54ed34042769b348891fd9d3270e.jpg,soul,b3e81ed961ac1dc44409f313fd335727db04a58c2f3ee818f55eaaf4f14b4c62,1280,720,3,0.0540093,59.3,1,0.808490,1,1,1,0.656726,1,1,1,0.656726
test/images/FireDetectionImage_MirrorWEBFire1137_jpg.rf.ebc9187043b61ae32c374b5049693792.jpg,dfire_yolov8n,785ad6ffae89436729e952f3187aa76019be83391584c65a2fecff84b9f54343,1045,783,2,0.0699897,58.2,3,0.737701,1,1,1,0.883915,1,1,1,0.883915
test/images/FireDetectionImage_MirrorWEBFire1137_jpg.rf.ebc9187043b61ae32c374b5049693792.jpg,dfine,785ad6ffae89436729e952f3187aa76019be83391584c65a2fecff84b9f54343,1045,783,2,0.0699897,417.8,19,0.830334,1,1,1,0.733862,1,1,1,0.522938
test/images/FireDetectionImage_MirrorWEBFire1137_jpg.rf.ebc9187043b61ae32c374b5049693792.jpg,yolo,785ad6ffae89436729e952f3187aa76019be83391584c65a2fecff84b9f54343,1045,783,2,0.0699897,730.0,1,0.611293,1,1,1,0.577054,1,1,1,0.577054
test/images/FireDetectionImage_MirrorWEBFire1137_jpg.rf.ebc9187043b61ae32c374b5049693792.jpg,soul,785ad6ffae89436729e952f3187aa76019be83391584c65a2fecff84b9f54343,1045,783,2,0.0699897,49.3,3,0.825122,1,1,1,0.939262,1,1,1,0.939262
test/images/FireDetectionImage_MirrorWEBFire1346_jpg.rf.57bd0988de41bd3ddfda54cfc4b5ffc6.jpg,dfire_yolov8n,13d5c14a04aca06f0b317d0f7bd172e6f06a80e304aa652cff6eb85c6dfc593f,1080,675,1,0.0191674,61.1,1,0.752984,1,1,1,0.853553,1,1,1,0.853553
test/images/FireDetectionImage_MirrorWEBFire1346_jpg.rf.57bd0988de41bd3ddfda54cfc4b5ffc6.jpg,dfine,13d5c14a04aca06f0b317d0f7bd172e6f06a80e304aa652cff6eb85c6dfc593f,1080,675,1,0.0191674,407.9,2,0.773163,1,1,1,0.851887,1,1,1,0.851887
test/images/FireDetectionImage_MirrorWEBFire1346_jpg.rf.57bd0988de41bd3ddfda54cfc4b5ffc6.jpg,yolo,13d5c14a04aca06f0b317d0f7bd172e6f06a80e304aa652cff6eb85c6dfc593f,1080,675,1,0.0191674,717.1,1,0.822086,1,1,1,0.845058,1,1,1,0.845058
test/images/FireDetectionImage_MirrorWEBFire1346_jpg.rf.57bd0988de41bd3ddfda54cfc4b5ffc6.jpg,soul,13d5c14a04aca06f0b317d0f7bd172e6f06a80e304aa652cff6eb85c6dfc593f,1080,675,1,0.0191674,65.3,1,0.881153,1,1,1,0.720962,1,1,1,0.720962
test/images/FireDetectionImage_MirrorWEBFire136_jpg.rf.081424f2d44c1b9b6dd6526fa8efa717.jpg,dfire_yolov8n,b6ec135792a5f381ee5e4fc66631945b28c94b950f19969608b6bd49bc09a45a,768,512,4,0.0296605,57.4,6,0.584673,1,1,1,0.628571,1,1,1,0.628571
test/images/FireDetectionImage_MirrorWEBFire136_jpg.rf.081424f2d44c1b9b6dd6526fa8efa717.jpg,dfine,b6ec135792a5f381ee5e4fc66631945b28c94b950f19969608b6bd49bc09a45a,768,512,4,0.0296605,1569.9,42,0.690199,1,1,1,0.697674,1,1,1,0.671024
test/images/FireDetectionImage_MirrorWEBFire136_jpg.rf.081424f2d44c1b9b6dd6526fa8efa717.jpg,yolo,b6ec135792a5f381ee5e4fc66631945b28c94b950f19969608b6bd49bc09a45a,768,512,4,0.0296605,5863.3,5,0.622136,1,1,1,0.710280,1,1,1,0.628831
test/images/FireDetectionImage_MirrorWEBFire136_jpg.rf.081424f2d44c1b9b6dd6526fa8efa717.jpg,soul,b6ec135792a5f381ee5e4fc66631945b28c94b950f19969608b6bd49bc09a45a,768,512,4,0.0296605,573.9,2,0.672098,1,1,1,0.553166,1,1,1,0.553166
test/images/FireDetectionImage_NoiseWEBFire1137_jpg.rf.ab3ad3afdf9345439165b4762d5a022a.jpg,dfire_yolov8n,2d5f92ebcb87f0a55bc1d9576bf4894cc1bca27b8eda812f9011f1a0ee94aa91,1045,783,2,0.0699897,837.0,2,0.811234,1,1,1,0.897098,1,1,1,0.897098
test/images/FireDetectionImage_NoiseWEBFire1137_jpg.rf.ab3ad3afdf9345439165b4762d5a022a.jpg,dfine,2d5f92ebcb87f0a55bc1d9576bf4894cc1bca27b8eda812f9011f1a0ee94aa91,1045,783,2,0.0699897,2694.5,24,0.810887,1,1,1,0.729167,1,1,1,0.539552
test/images/FireDetectionImage_NoiseWEBFire1137_jpg.rf.ab3ad3afdf9345439165b4762d5a022a.jpg,yolo,2d5f92ebcb87f0a55bc1d9576bf4894cc1bca27b8eda812f9011f1a0ee94aa91,1045,783,2,0.0699897,5961.7,3,0.545785,1,1,1,0.570478,1,1,1,0.570478
test/images/FireDetectionImage_NoiseWEBFire1137_jpg.rf.ab3ad3afdf9345439165b4762d5a022a.jpg,soul,2d5f92ebcb87f0a55bc1d9576bf4894cc1bca27b8eda812f9011f1a0ee94aa91,1045,783,2,0.0699897,707.6,3,0.866157,1,1,1,0.896874,1,1,1,0.896874
test/images/FireDetectionImage_WEBFire089_jpg.rf.88a689b981d90bde042672c524f6b262.jpg,dfire_yolov8n,3c3b311fc03842bfc090e42baefad4c3c9457a775fc44153a871ed75c5c1d215,774,581,1,0.2295850,1132.5,10,0.611636,1,1,1,0.772004,1,1,1,0.772004
test/images/FireDetectionImage_WEBFire089_jpg.rf.88a689b981d90bde042672c524f6b262.jpg,dfine,3c3b311fc03842bfc090e42baefad4c3c9457a775fc44153a871ed75c5c1d215,774,581,1,0.2295850,3661.0,110,0.648689,1,1,1,0.764959,1,1,1,0.764959
test/images/FireDetectionImage_WEBFire089_jpg.rf.88a689b981d90bde042672c524f6b262.jpg,yolo,3c3b311fc03842bfc090e42baefad4c3c9457a775fc44153a871ed75c5c1d215,774,581,1,0.2295850,6010.9,10,0.573974,1,1,1,0.820576,1,0,0,0.020631
test/images/FireDetectionImage_WEBFire089_jpg.rf.88a689b981d90bde042672c524f6b262.jpg,soul,3c3b311fc03842bfc090e42baefad4c3c9457a775fc44153a871ed75c5c1d215,774,581,1,0.2295850,56.9,2,0.778516,1,1,1,0.638142,1,1,1,0.638142
test/images/FireDetectionImage_WEBFire1104_jpg.rf.3acd5d692cc68763438f2a7b28549482.jpg,dfire_yolov8n,d4ebe7a9a40a32fa0de35f938f8a0cd0a3613e39638c092cc76166ce5d1b7be2,614,614,2,0.0998207,55.8,5,0.537873,1,1,0,0.491147,1,0,0,0.239295
test/images/FireDetectionImage_WEBFire1104_jpg.rf.3acd5d692cc68763438f2a7b28549482.jpg,dfine,d4ebe7a9a40a32fa0de35f938f8a0cd0a3613e39638c092cc76166ce5d1b7be2,614,614,2,0.0998207,658.3,120,0.744641,1,1,1,0.795159,1,1,0,0.465575
test/images/FireDetectionImage_WEBFire1104_jpg.rf.3acd5d692cc68763438f2a7b28549482.jpg,yolo,d4ebe7a9a40a32fa0de35f938f8a0cd0a3613e39638c092cc76166ce5d1b7be2,614,614,2,0.0998207,731.8,8,0.562623,1,1,1,0.825826,1,0,0,0.264843
test/images/FireDetectionImage_WEBFire1104_jpg.rf.3acd5d692cc68763438f2a7b28549482.jpg,soul,d4ebe7a9a40a32fa0de35f938f8a0cd0a3613e39638c092cc76166ce5d1b7be2,614,614,2,0.0998207,55.4,8,0.788870,1,1,0,0.381506,1,1,0,0.381506
test/images/FireDetectionImage_WEBFire1137_jpg.rf.e12221899e6c5596b34a213e5b425f6b.jpg,dfire_yolov8n,f0c85b879b5baf32c65ca1a676b8119c4f6409860b9dab9855df3ad8822ee06b,1045,783,2,0.0699897,55.2,2,0.819181,1,1,1,0.911274,1,1,1,0.911274
test/images/FireDetectionImage_WEBFire1137_jpg.rf.e12221899e6c5596b34a213e5b425f6b.jpg,dfine,f0c85b879b5baf32c65ca1a676b8119c4f6409860b9dab9855df3ad8822ee06b,1045,783,2,0.0699897,518.2,22,0.827767,1,1,1,0.729559,1,1,1,0.539775
test/images/FireDetectionImage_WEBFire1137_jpg.rf.e12221899e6c5596b34a213e5b425f6b.jpg,yolo,f0c85b879b5baf32c65ca1a676b8119c4f6409860b9dab9855df3ad8822ee06b,1045,783,2,0.0699897,696.1,3,0.670918,1,1,1,0.576137,1,1,1,0.576137
test/images/FireDetectionImage_WEBFire1137_jpg.rf.e12221899e6c5596b34a213e5b425f6b.jpg,soul,f0c85b879b5baf32c65ca1a676b8119c4f6409860b9dab9855df3ad8822ee06b,1045,783,2,0.0699897,50.3,4,0.800438,1,1,1,0.896874,1,1,1,0.896874
test/images/FireDetectionImage_WEBFire1346_jpg.rf.f72d3448cf6f111900c4c285e8cece1f.jpg,dfire_yolov8n,b0a491ad8776dd059cc83379a51126c5ec12a69909b267f512b5ed39717c1755,1080,675,1,0.0191674,63.0,1,0.790631,1,1,1,0.877240,1,1,1,0.877240
test/images/FireDetectionImage_WEBFire1346_jpg.rf.f72d3448cf6f111900c4c285e8cece1f.jpg,dfine,b0a491ad8776dd059cc83379a51126c5ec12a69909b267f512b5ed39717c1755,1080,675,1,0.0191674,480.1,1,0.817268,1,1,1,0.855026,1,1,1,0.855026
test/images/FireDetectionImage_WEBFire1346_jpg.rf.f72d3448cf6f111900c4c285e8cece1f.jpg,yolo,b0a491ad8776dd059cc83379a51126c5ec12a69909b267f512b5ed39717c1755,1080,675,1,0.0191674,685.6,1,0.775618,1,1,1,0.856795,1,1,1,0.856795
test/images/FireDetectionImage_WEBFire1346_jpg.rf.f72d3448cf6f111900c4c285e8cece1f.jpg,soul,b0a491ad8776dd059cc83379a51126c5ec12a69909b267f512b5ed39717c1755,1080,675,1,0.0191674,55.2,4,0.881284,1,1,1,0.706291,1,1,1,0.706291
test/images/NoiseWEBFire807_jpg.rf.ed38b73ca58574ca6057a7421de6b9f4.jpg,dfire_yolov8n,c894ac437791e0974bfa0c4a19c5dd0235d125109fc90746bd791bb54d8c9196,960,640,2,0.0679834,56.7,2,0.514997,1,1,1,0.750794,1,1,1,0.750794
test/images/NoiseWEBFire807_jpg.rf.ed38b73ca58574ca6057a7421de6b9f4.jpg,dfine,c894ac437791e0974bfa0c4a19c5dd0235d125109fc90746bd791bb54d8c9196,960,640,2,0.0679834,424.3,53,0.813897,1,1,1,0.704172,1,1,1,0.704172
test/images/NoiseWEBFire807_jpg.rf.ed38b73ca58574ca6057a7421de6b9f4.jpg,yolo,c894ac437791e0974bfa0c4a19c5dd0235d125109fc90746bd791bb54d8c9196,960,640,2,0.0679834,735.7,5,0.624056,1,1,1,0.669482,1,1,1,0.669482
test/images/NoiseWEBFire807_jpg.rf.ed38b73ca58574ca6057a7421de6b9f4.jpg,soul,c894ac437791e0974bfa0c4a19c5dd0235d125109fc90746bd791bb54d8c9196,960,640,2,0.0679834,56.1,2,0.581637,1,1,1,0.784845,1,1,1,0.784845
test/images/NoiseWEBFire878_jpg.rf.a5e2f823515ad6625251c0055b40cf71.jpg,dfire_yolov8n,ebd8813757b4d246772edaab90de60bb9e209a8a46be437c74f79a6a00006488,1280,720,6,0.0081662,65.6,14,0.797938,1,1,1,0.850377,1,1,1,0.850377
test/images/NoiseWEBFire878_jpg.rf.a5e2f823515ad6625251c0055b40cf71.jpg,dfine,ebd8813757b4d246772edaab90de60bb9e209a8a46be437c74f79a6a00006488,1280,720,6,0.0081662,503.2,73,0.764064,1,1,1,0.716336,1,1,1,0.716336
test/images/NoiseWEBFire878_jpg.rf.a5e2f823515ad6625251c0055b40cf71.jpg,yolo,ebd8813757b4d246772edaab90de60bb9e209a8a46be437c74f79a6a00006488,1280,720,6,0.0081662,727.2,10,0.803160,1,1,1,0.753123,1,1,1,0.748320
test/images/NoiseWEBFire878_jpg.rf.a5e2f823515ad6625251c0055b40cf71.jpg,soul,ebd8813757b4d246772edaab90de60bb9e209a8a46be437c74f79a6a00006488,1280,720,6,0.0081662,51.3,0,0.000000,0,0,0,0.000000,0,0,0,0.000000
test/images/NoiseWEBFire879_jpg.rf.8369375a8d42878ef7932b0af1a10960.jpg,dfire_yolov8n,976d4d9633cdb51e5e3bda3952ab7b3b291313019618c1077e0005a2d66c1340,1280,720,5,0.0085341,60.1,15,0.764027,1,1,1,0.807906,1,1,1,0.807906
test/images/NoiseWEBFire879_jpg.rf.8369375a8d42878ef7932b0af1a10960.jpg,dfine,976d4d9633cdb51e5e3bda3952ab7b3b291313019618c1077e0005a2d66c1340,1280,720,5,0.0085341,421.1,72,0.745617,1,1,1,0.872536,1,1,1,0.872536
test/images/NoiseWEBFire879_jpg.rf.8369375a8d42878ef7932b0af1a10960.jpg,yolo,976d4d9633cdb51e5e3bda3952ab7b3b291313019618c1077e0005a2d66c1340,1280,720,5,0.0085341,702.5,11,0.761806,1,1,1,0.798548,1,1,1,0.791441
test/images/NoiseWEBFire879_jpg.rf.8369375a8d42878ef7932b0af1a10960.jpg,soul,976d4d9633cdb51e5e3bda3952ab7b3b291313019618c1077e0005a2d66c1340,1280,720,5,0.0085341,65.9,1,0.107749,0,0,0,0.000000,0,0,0,0.000000
test/images/NoiseWEBFire880_jpg.rf.aba6eceadd4e1171b74f138dd9522c31.jpg,dfire_yolov8n,ae6233398e5643fea5b4ca3011cf832f2bb7153e2a7ac8eb398807153c8d40c2,1280,720,7,0.0081901,59.5,13,0.764363,1,1,1,0.842728,1,1,1,0.842728
test/images/NoiseWEBFire880_jpg.rf.aba6eceadd4e1171b74f138dd9522c31.jpg,dfine,ae6233398e5643fea5b4ca3011cf832f2bb7153e2a7ac8eb398807153c8d40c2,1280,720,7,0.0081901,409.4,72,0.627446,1,1,1,0.893487,1,1,1,0.893487
test/images/NoiseWEBFire880_jpg.rf.aba6eceadd4e1171b74f138dd9522c31.jpg,yolo,ae6233398e5643fea5b4ca3011cf832f2bb7153e2a7ac8eb398807153c8d40c2,1280,720,7,0.0081901,724.5,9,0.756614,1,1,1,0.820522,1,1,1,0.820522
test/images/NoiseWEBFire880_jpg.rf.aba6eceadd4e1171b74f138dd9522c31.jpg,soul,ae6233398e5643fea5b4ca3011cf832f2bb7153e2a7ac8eb398807153c8d40c2,1280,720,7,0.0081901,60.2,0,0.000000,0,0,0,0.000000,0,0,0,0.000000
test/images/NoiseWEBSmoke1113_jpg.rf.7964137fbaae9e88da3c45f1fa85efa4.jpg,dfire_yolov8n,47c9f548940f004e75c222e80a1e92d223c985af8099e55794826c432f513981,1365,651,1,0.0045036,64.0,1,0.184057,0,0,0,0.000000,0,0,0,0.000000
test/images/NoiseWEBSmoke1113_jpg.rf.7964137fbaae9e88da3c45f1fa85efa4.jpg,dfine,47c9f548940f004e75c222e80a1e92d223c985af8099e55794826c432f513981,1365,651,1,0.0045036,472.8,31,0.664457,1,1,1,0.702254,1,1,1,0.702254
test/images/NoiseWEBSmoke1113_jpg.rf.7964137fbaae9e88da3c45f1fa85efa4.jpg,yolo,47c9f548940f004e75c222e80a1e92d223c985af8099e55794826c432f513981,1365,651,1,0.0045036,814.2,1,0.054858,0,0,0,0.000000,0,0,0,0.000000
test/images/NoiseWEBSmoke1113_jpg.rf.7964137fbaae9e88da3c45f1fa85efa4.jpg,soul,47c9f548940f004e75c222e80a1e92d223c985af8099e55794826c432f513981,1365,651,1,0.0045036,53.8,1,0.381352,1,0,0,0.000000,0,0,0,0.000000
test/images/NoiseWEBSmoke1203_jpg.rf.b6fff2ac885ae6af532c707cfe40c41e.jpg,dfire_yolov8n,15dccd6c13ac17b0a3e826074eb633d578685b6f7e431fc38a31c6307bd74f5e,1000,666,4,0.0967928,42.9,9,0.720289,1,1,1,0.884504,1,1,1,0.884504
test/images/NoiseWEBSmoke1203_jpg.rf.b6fff2ac885ae6af532c707cfe40c41e.jpg,dfine,15dccd6c13ac17b0a3e826074eb633d578685b6f7e431fc38a31c6307bd74f5e,1000,666,4,0.0967928,379.9,90,0.776585,1,1,1,0.733154,1,1,1,0.733154
test/images/NoiseWEBSmoke1203_jpg.rf.b6fff2ac885ae6af532c707cfe40c41e.jpg,yolo,15dccd6c13ac17b0a3e826074eb633d578685b6f7e431fc38a31c6307bd74f5e,1000,666,4,0.0967928,600.5,9,0.761195,1,1,1,0.777581,1,1,1,0.777581
test/images/NoiseWEBSmoke1203_jpg.rf.b6fff2ac885ae6af532c707cfe40c41e.jpg,soul,15dccd6c13ac17b0a3e826074eb633d578685b6f7e431fc38a31c6307bd74f5e,1000,666,4,0.0967928,52.7,6,0.740820,1,1,0,0.350268,1,1,0,0.350268
test/images/NoiseWEBSmoke1899_jpg.rf.8702a61a87d2021fb952041f82f10850.jpg,dfire_yolov8n,ab3c45f60723a5de19eaa65edb9eb72ad7641a4e083fa17239ec7c773f955770,1280,720,3,0.0111957,54.6,10,0.326846,1,1,0,0.477387,0,0,0,0.000000
test/images/NoiseWEBSmoke1899_jpg.rf.8702a61a87d2021fb952041f82f10850.jpg,dfine,ab3c45f60723a5de19eaa65edb9eb72ad7641a4e083fa17239ec7c773f955770,1280,720,3,0.0111957,504.2,72,0.692813,1,1,1,0.828761,1,1,1,0.828761
test/images/NoiseWEBSmoke1899_jpg.rf.8702a61a87d2021fb952041f82f10850.jpg,yolo,ab3c45f60723a5de19eaa65edb9eb72ad7641a4e083fa17239ec7c773f955770,1280,720,3,0.0111957,780.4,5,0.571994,1,1,1,0.877683,1,1,1,0.877683
test/images/NoiseWEBSmoke1899_jpg.rf.8702a61a87d2021fb952041f82f10850.jpg,soul,ab3c45f60723a5de19eaa65edb9eb72ad7641a4e083fa17239ec7c773f955770,1280,720,3,0.0111957,61.6,3,0.410881,1,0,0,0.116656,0,0,0,0.000000
test/images/NoiseWEBSmoke1938_jpg.rf.400f594f48b7ef0fdd6bf1a4e7dd2e0e.jpg,dfire_yolov8n,a563f2581ac523123251bc7837c81f7c847d232c410055b348e68c8c95c2ce19,1280,720,5,0.0516667,61.0,5,0.832677,1,1,1,0.921079,1,1,1,0.921079
test/images/NoiseWEBSmoke1938_jpg.rf.400f594f48b7ef0fdd6bf1a4e7dd2e0e.jpg,dfine,a563f2581ac523123251bc7837c81f7c847d232c410055b348e68c8c95c2ce19,1280,720,5,0.0516667,601.5,60,0.882582,1,1,1,0.937691,1,1,1,0.937691
test/images/NoiseWEBSmoke1938_jpg.rf.400f594f48b7ef0fdd6bf1a4e7dd2e0e.jpg,yolo,a563f2581ac523123251bc7837c81f7c847d232c410055b348e68c8c95c2ce19,1280,720,5,0.0516667,603.5,5,0.728346,1,1,1,0.809278,1,1,1,0.809278
test/images/NoiseWEBSmoke1938_jpg.rf.400f594f48b7ef0fdd6bf1a4e7dd2e0e.jpg,soul,a563f2581ac523123251bc7837c81f7c847d232c410055b348e68c8c95c2ce19,1280,720,5,0.0516667,51.1,2,0.844340,1,1,1,0.879836,1,1,1,0.879836
test/images/NoiseWEBSmoke1941_jpg.rf.11cfbab554e8f7ea1c72c8bb481d67f3.jpg,dfire_yolov8n,d31405be56367876f1da28c9d2ffcdf770295d488acf6c5e497100ee552ddf76,1280,720,1,0.0007639,44.4,2,0.483128,1,1,1,0.685912,0,0,0,0.000000
test/images/NoiseWEBSmoke1941_jpg.rf.11cfbab554e8f7ea1c72c8bb481d67f3.jpg,dfine,d31405be56367876f1da28c9d2ffcdf770295d488acf6c5e497100ee552ddf76,1280,720,1,0.0007639,382.1,34,0.586223,1,1,1,0.754902,1,1,1,0.754902
test/images/NoiseWEBSmoke1941_jpg.rf.11cfbab554e8f7ea1c72c8bb481d67f3.jpg,yolo,d31405be56367876f1da28c9d2ffcdf770295d488acf6c5e497100ee552ddf76,1280,720,1,0.0007639,703.6,1,0.412617,1,1,1,0.729858,0,0,0,0.000000
test/images/NoiseWEBSmoke1941_jpg.rf.11cfbab554e8f7ea1c72c8bb481d67f3.jpg,soul,d31405be56367876f1da28c9d2ffcdf770295d488acf6c5e497100ee552ddf76,1280,720,1,0.0007639,60.1,3,0.457831,1,0,0,0.000000,0,0,0,0.000000
test/images/NoiseWEBSmoke1971_jpg.rf.00829450932defb0ba61a0806f9c2d94.jpg,dfire_yolov8n,5c047ee5f443f67ae6ee255ed7ff023467d572c8198570a6908283cb0b823add,1920,1080,2,0.0002508,57.3,2,0.564593,1,1,1,0.776119,1,1,1,0.776119
test/images/NoiseWEBSmoke1971_jpg.rf.00829450932defb0ba61a0806f9c2d94.jpg,dfine,5c047ee5f443f67ae6ee255ed7ff023467d572c8198570a6908283cb0b823add,1920,1080,2,0.0002508,461.8,16,0.633818,1,1,1,0.628188,1,1,1,0.628188
test/images/NoiseWEBSmoke1971_jpg.rf.00829450932defb0ba61a0806f9c2d94.jpg,yolo,5c047ee5f443f67ae6ee255ed7ff023467d572c8198570a6908283cb0b823add,1920,1080,2,0.0002508,697.7,2,0.475135,1,1,1,0.663462,0,0,0,0.000000
test/images/NoiseWEBSmoke1971_jpg.rf.00829450932defb0ba61a0806f9c2d94.jpg,soul,5c047ee5f443f67ae6ee255ed7ff023467d572c8198570a6908283cb0b823add,1920,1080,2,0.0002508,66.2,2,0.091327,0,0,0,0.000000,0,0,0,0.000000
test/images/NoiseWEBSmoke2081_jpg.rf.757a0ca47b2b714a1ba50b20451469a1.jpg,dfire_yolov8n,3a5a99ffb2f47dfe725ce203df494ea0f457ccf0f72c9547b10ad2af093a79bd,1280,720,8,0.0040484,57.2,14,0.694225,1,1,1,0.815603,1,1,1,0.734715
test/images/NoiseWEBSmoke2081_jpg.rf.757a0ca47b2b714a1ba50b20451469a1.jpg,dfine,3a5a99ffb2f47dfe725ce203df494ea0f457ccf0f72c9547b10ad2af093a79bd,1280,720,8,0.0040484,1436.7,57,0.778476,1,1,1,0.884615,1,1,1,0.884615
test/images/NoiseWEBSmoke2081_jpg.rf.757a0ca47b2b714a1ba50b20451469a1.jpg,yolo,3a5a99ffb2f47dfe725ce203df494ea0f457ccf0f72c9547b10ad2af093a79bd,1280,720,8,0.0040484,5323.6,18,0.715361,1,1,1,0.835351,1,1,1,0.683003
test/images/NoiseWEBSmoke2081_jpg.rf.757a0ca47b2b714a1ba50b20451469a1.jpg,soul,3a5a99ffb2f47dfe725ce203df494ea0f457ccf0f72c9547b10ad2af093a79bd,1280,720,8,0.0040484,693.7,12,0.439217,1,1,1,0.882033,0,0,0,0.000000
test/images/NoiseWEBSmoke2084_jpg.rf.869e95fe9edee113cf9957ae71b7ab9d.jpg,dfire_yolov8n,c45d17fe19b122f73abbe814866e74698dd5b58b5a40823307c367e60d348a25,1280,720,6,0.0044434,811.1,15,0.627348,1,1,1,0.820799,1,1,1,0.820799
test/images/NoiseWEBSmoke2084_jpg.rf.869e95fe9edee113cf9957ae71b7ab9d.jpg,dfine,c45d17fe19b122f73abbe814866e74698dd5b58b5a40823307c367e60d348a25,1280,720,6,0.0044434,3125.3,64,0.755506,1,1,1,0.721757,1,1,1,0.721757
test/images/NoiseWEBSmoke2084_jpg.rf.869e95fe9edee113cf9957ae71b7ab9d.jpg,yolo,c45d17fe19b122f73abbe814866e74698dd5b58b5a40823307c367e60d348a25,1280,720,6,0.0044434,6283.4,10,0.732153,1,1,1,0.702593,1,1,1,0.641447
test/images/NoiseWEBSmoke2084_jpg.rf.869e95fe9edee113cf9957ae71b7ab9d.jpg,soul,c45d17fe19b122f73abbe814866e74698dd5b58b5a40823307c367e60d348a25,1280,720,6,0.0044434,714.0,6,0.343544,1,1,1,0.603448,0,0,0,0.000000
test/images/NoiseWEBSmoke2091_jpg.rf.64c0e453a58ec6cae2577b87ea022c7d.jpg,dfire_yolov8n,fcf969bfaffbb516dbda7477a86218a13287c3b0969f2e9bd8fe6407288101d0,1280,720,9,0.0059212,935.9,20,0.772308,1,1,1,0.848567,1,1,1,0.848567
test/images/NoiseWEBSmoke2091_jpg.rf.64c0e453a58ec6cae2577b87ea022c7d.jpg,dfine,fcf969bfaffbb516dbda7477a86218a13287c3b0969f2e9bd8fe6407288101d0,1280,720,9,0.0059212,3353.7,89,0.726653,1,1,1,0.948718,1,1,1,0.948718
test/images/NoiseWEBSmoke2091_jpg.rf.64c0e453a58ec6cae2577b87ea022c7d.jpg,yolo,fcf969bfaffbb516dbda7477a86218a13287c3b0969f2e9bd8fe6407288101d0,1280,720,9,0.0059212,5835.6,13,0.679116,1,1,1,0.900000,1,1,1,0.720857
test/images/NoiseWEBSmoke2091_jpg.rf.64c0e453a58ec6cae2577b87ea022c7d.jpg,soul,fcf969bfaffbb516dbda7477a86218a13287c3b0969f2e9bd8fe6407288101d0,1280,720,9,0.0059212,890.6,5,0.660344,1,0,0,0.066214,1,0,0,0.066214
test/images/NoiseWEBSmoke2102_jpg.rf.cdfec72f1be10b9767d3cbb218cc7fde.jpg,dfire_yolov8n,0e8b2a4e88c7e019067c94cceea589b98b5e3bfff96dc1a7e5e00cb2b488fb33,1280,720,9,0.0042263,824.0,21,0.615716,1,1,1,0.912912,1,1,1,0.912912
test/images/NoiseWEBSmoke2102_jpg.rf.cdfec72f1be10b9767d3cbb218cc7fde.jpg,dfine,0e8b2a4e88c7e019067c94cceea589b98b5e3bfff96dc1a7e5e00cb2b488fb33,1280,720,9,0.0042263,3141.8,65,0.807646,1,1,1,0.956090,1,1,1,0.956090
test/images/NoiseWEBSmoke2102_jpg.rf.cdfec72f1be10b9767d3cbb218cc7fde.jpg,yolo,0e8b2a4e88c7e019067c94cceea589b98b5e3bfff96dc1a7e5e00cb2b488fb33,1280,720,9,0.0042263,4958.0,18,0.728342,1,1,1,0.922112,1,1,1,0.922112
test/images/NoiseWEBSmoke2102_jpg.rf.cdfec72f1be10b9767d3cbb218cc7fde.jpg,soul,0e8b2a4e88c7e019067c94cceea589b98b5e3bfff96dc1a7e5e00cb2b488fb33,1280,720,9,0.0042263,563.4,8,0.413961,1,1,1,0.862605,0,0,0,0.000000
test/images/NoiseWEBSmoke2103_jpg.rf.582869eb12d3db831b0aa92cd83d0126.jpg,dfire_yolov8n,94b6c6f87fc2564b7efb4ba46f2deb894e02fa64df26293a487f9480f50dc6d1,1280,720,1,0.0001476,837.4,1,0.147913,0,0,0,0.000000,0,0,0,0.000000
test/images/NoiseWEBSmoke2103_jpg.rf.582869eb12d3db831b0aa92cd83d0126.jpg,dfine,94b6c6f87fc2564b7efb4ba46f2deb894e02fa64df26293a487f9480f50dc6d1,1280,720,1,0.0001476,2923.7,14,0.465158,1,1,1,0.530973,0,0,0,0.000000
test/images/NoiseWEBSmoke2103_jpg.rf.582869eb12d3db831b0aa92cd83d0126.jpg,yolo,94b6c6f87fc2564b7efb4ba46f2deb894e02fa64df26293a487f9480f50dc6d1,1280,720,1,0.0001476,5146.4,1,0.288425,1,1,1,0.517413,0,0,0,0.000000
test/images/NoiseWEBSmoke2103_jpg.rf.582869eb12d3db831b0aa92cd83d0126.jpg,soul,94b6c6f87fc2564b7efb4ba46f2deb894e02fa64df26293a487f9480f50dc6d1,1280,720,1,0.0001476,970.3,13,0.612613,1,0,0,0.000000,1,0,0,0.000000
test/images/NoiseWEBSmoke2141_jpg.rf.1104b2f9adf4977ca308e953b753fe86.jpg,dfire_yolov8n,361c6843baacd60b865a5f3b7be1386bef2b7341daae9ff6b23761242fd38eb2,1280,720,2,0.0070974,929.0,4,0.660557,1,1,1,0.785714,1,1,1,0.785714
test/images/NoiseWEBSmoke2141_jpg.rf.1104b2f9adf4977ca308e953b753fe86.jpg,dfine,361c6843baacd60b865a5f3b7be1386bef2b7341daae9ff6b23761242fd38eb2,1280,720,2,0.0070974,3410.4,43,0.648237,1,1,1,0.890384,1,1,1,0.790831
test/images/NoiseWEBSmoke2141_jpg.rf.1104b2f9adf4977ca308e953b753fe86.jpg,yolo,361c6843baacd60b865a5f3b7be1386bef2b7341daae9ff6b23761242fd38eb2,1280,720,2,0.0070974,6319.3,4,0.449384,1,1,1,0.786885,0,0,0,0.000000
test/images/NoiseWEBSmoke2141_jpg.rf.1104b2f9adf4977ca308e953b753fe86.jpg,soul,361c6843baacd60b865a5f3b7be1386bef2b7341daae9ff6b23761242fd38eb2,1280,720,2,0.0070974,797.4,8,0.808210,1,0,0,0.113211,1,0,0,0.000000
test/images/NoiseWEBSmoke2146_jpg.rf.e2c4bb13ed6d5fa07ca1e357ef37f76c.jpg,dfire_yolov8n,0a2522ed8db1605c746b47aec27f85bb18474dce9e04f69ff86a915922ae8457,1280,720,1,0.0006207,864.5,3,0.125502,0,0,0,0.000000,0,0,0,0.000000
test/images/NoiseWEBSmoke2146_jpg.rf.e2c4bb13ed6d5fa07ca1e357ef37f76c.jpg,dfine,0a2522ed8db1605c746b47aec27f85bb18474dce9e04f69ff86a915922ae8457,1280,720,1,0.0006207,2963.3,30,0.603935,1,1,0,0.448276,1,1,0,0.448276
test/images/NoiseWEBSmoke2146_jpg.rf.e2c4bb13ed6d5fa07ca1e357ef37f76c.jpg,yolo,0a2522ed8db1605c746b47aec27f85bb18474dce9e04f69ff86a915922ae8457,1280,720,1,0.0006207,4982.0,1,0.470129,1,1,1,0.648649,0,0,0,0.000000
test/images/NoiseWEBSmoke2146_jpg.rf.e2c4bb13ed6d5fa07ca1e357ef37f76c.jpg,soul,0a2522ed8db1605c746b47aec27f85bb18474dce9e04f69ff86a915922ae8457,1280,720,1,0.0006207,606.1,10,0.756823,1,0,0,0.000000,1,0,0,0.000000
test/images/NoiseWEBSmoke2154_jpg.rf.1cf883852ba8d2cd84bf699e1bcd9d14.jpg,dfire_yolov8n,2de193619ea0667b4e5ffff5cf723170cc722ad0feb042d554a066d80e44eba2,1280,720,2,0.0037760,881.0,6,0.477580,1,1,1,0.945946,0,0,0,0.000000
test/images/NoiseWEBSmoke2154_jpg.rf.1cf883852ba8d2cd84bf699e1bcd9d14.jpg,dfine,2de193619ea0667b4e5ffff5cf723170cc722ad0feb042d554a066d80e44eba2,1280,720,2,0.0037760,3178.1,44,0.668957,1,1,1,0.860998,1,1,1,0.791855
test/images/NoiseWEBSmoke2154_jpg.rf.1cf883852ba8d2cd84bf699e1bcd9d14.jpg,yolo,2de193619ea0667b4e5ffff5cf723170cc722ad0feb042d554a066d80e44eba2,1280,720,2,0.0037760,4448.4,6,0.531330,1,1,1,0.906012,1,1,1,0.906012
test/images/NoiseWEBSmoke2154_jpg.rf.1cf883852ba8d2cd84bf699e1bcd9d14.jpg,soul,2de193619ea0667b4e5ffff5cf723170cc722ad0feb042d554a066d80e44eba2,1280,720,2,0.0037760,654.4,8,0.774525,1,0,0,0.297118,1,0,0,0.180692
test/images/NoiseWEBSmoke2156_jpg.rf.c8d007475cfbd716bc073abc205d4e21.jpg,dfire_yolov8n,e93e05c9951d86309ac2ca4e7b255df2071c26881689ca6d7608dd134dc6f214,1280,720,3,0.0009494,841.4,10,0.482652,1,1,1,0.756757,0,0,0,0.000000
test/images/NoiseWEBSmoke2156_jpg.rf.c8d007475cfbd716bc073abc205d4e21.jpg,dfine,e93e05c9951d86309ac2ca4e7b255df2071c26881689ca6d7608dd134dc6f214,1280,720,3,0.0009494,2982.0,26,0.705665,1,1,1,0.660317,1,1,1,0.660317
test/images/NoiseWEBSmoke2156_jpg.rf.c8d007475cfbd716bc073abc205d4e21.jpg,yolo,e93e05c9951d86309ac2ca4e7b255df2071c26881689ca6d7608dd134dc6f214,1280,720,3,0.0009494,5164.0,5,0.515787,1,1,1,0.783133,1,1,1,0.783133
test/images/NoiseWEBSmoke2156_jpg.rf.c8d007475cfbd716bc073abc205d4e21.jpg,soul,e93e05c9951d86309ac2ca4e7b255df2071c26881689ca6d7608dd134dc6f214,1280,720,3,0.0009494,883.5,3,0.219741,0,0,0,0.000000,0,0,0,0.000000
test/images/NoiseWEBSmoke2159_jpg.rf.71da470e9eb8f7692741382223d18aec.jpg,dfire_yolov8n,d90e85d537195b3f83a4bc1fcdeb43a656e1023098ad100cae7701e430fc73ee,1280,720,7,0.0023242,855.0,9,0.656324,1,1,1,0.822622,1,1,1,0.822622
test/images/NoiseWEBSmoke2159_jpg.rf.71da470e9eb8f7692741382223d18aec.jpg,dfine,d90e85d537195b3f83a4bc1fcdeb43a656e1023098ad100cae7701e430fc73ee,1280,720,7,0.0023242,3343.4,46,0.688624,1,1,1,0.877932,1,1,1,0.788382
test/images/NoiseWEBSmoke2159_jpg.rf.71da470e9eb8f7692741382223d18aec.jpg,yolo,d90e85d537195b3f83a4bc1fcdeb43a656e1023098ad100cae7701e430fc73ee,1280,720,7,0.0023242,4386.6,9,0.460848,1,1,1,0.591398,0,0,0,0.000000
test/images/NoiseWEBSmoke2159_jpg.rf.71da470e9eb8f7692741382223d18aec.jpg,soul,d90e85d537195b3f83a4bc1fcdeb43a656e1023098ad100cae7701e430fc73ee,1280,720,7,0.0023242,651.5,6,0.532232,1,0,0,0.275000,1,0,0,0.209795
test/images/NoiseWEBSmoke2160_jpg.rf.7805b28f7e2979b324db9647cde47e8e.jpg,dfire_yolov8n,10098cd850e53ddfb20bcbe00783bb036a5e289645e485e4f2b4d49eb0501863,1280,720,6,0.0048958,1021.0,13,0.660359,1,1,1,0.825903,1,1,1,0.825903
test/images/NoiseWEBSmoke2160_jpg.rf.7805b28f7e2979b324db9647cde47e8e.jpg,dfine,10098cd850e53ddfb20bcbe00783bb036a5e289645e485e4f2b4d49eb0501863,1280,720,6,0.0048958,3009.6,73,0.771235,1,1,1,0.821429,1,1,1,0.799368
test/images/NoiseWEBSmoke2160_jpg.rf.7805b28f7e2979b324db9647cde47e8e.jpg,yolo,10098cd850e53ddfb20bcbe00783bb036a5e289645e485e4f2b4d49eb0501863,1280,720,6,0.0048958,4384.2,11,0.538773,1,1,1,0.774633,1,1,1,0.583120
test/images/NoiseWEBSmoke2160_jpg.rf.7805b28f7e2979b324db9647cde47e8e.jpg,soul,10098cd850e53ddfb20bcbe00783bb036a5e289645e485e4f2b4d49eb0501863,1280,720,6,0.0048958,577.7,7,0.522871,1,1,1,0.796707,1,1,1,0.796707
test/images/NoiseWEBSmoke2200_jpg.rf.1e2989681d687079df4fe532c900bc33.jpg,dfire_yolov8n,e749d8262d45af1125293336cbf3ace803dfe8ae4adc07d995d7310d251de869,1280,720,7,0.0003906,952.6,8,0.415846,1,1,1,0.737864,0,0,0,0.000000
test/images/NoiseWEBSmoke2200_jpg.rf.1e2989681d687079df4fe532c900bc33.jpg,dfine,e749d8262d45af1125293336cbf3ace803dfe8ae4adc07d995d7310d251de869,1280,720,7,0.0003906,3482.2,26,0.637078,1,1,1,0.757282,1,1,1,0.733333
test/images/NoiseWEBSmoke2200_jpg.rf.1e2989681d687079df4fe532c900bc33.jpg,yolo,e749d8262d45af1125293336cbf3ace803dfe8ae4adc07d995d7310d251de869,1280,720,7,0.0003906,6379.0,7,0.563078,1,1,1,0.923077,1,1,1,0.845638
test/images/NoiseWEBSmoke2200_jpg.rf.1e2989681d687079df4fe532c900bc33.jpg,soul,e749d8262d45af1125293336cbf3ace803dfe8ae4adc07d995d7310d251de869,1280,720,7,0.0003906,831.1,1,0.146021,0,0,0,0.000000,0,0,0,0.000000
test/images/NoiseWEBSmoke2262_jpg.rf.c1d060659a7b51f87e7ea5a19ba55f88.jpg,dfire_yolov8n,98927aa8f109ab3be5af53c6518aa316c96fe22e6373c521379b6c1f0d3b4477,1280,720,3,0.0211806,977.6,4,0.698322,1,1,1,0.875000,1,1,1,0.779453
test/images/NoiseWEBSmoke2262_jpg.rf.c1d060659a7b51f87e7ea5a19ba55f88.jpg,dfine,98927aa8f109ab3be5af53c6518aa316c96fe22e6373c521379b6c1f0d3b4477,1280,720,3,0.0211806,3001.5,45,0.687649,1,1,1,0.804713,1,1,1,0.804713
test/images/NoiseWEBSmoke2262_jpg.rf.c1d060659a7b51f87e7ea5a19ba55f88.jpg,yolo,98927aa8f109ab3be5af53c6518aa316c96fe22e6373c521379b6c1f0d3b4477,1280,720,3,0.0211806,4590.1,6,0.570392,1,1,1,0.966667,1,1,1,0.829872
test/images/NoiseWEBSmoke2262_jpg.rf.c1d060659a7b51f87e7ea5a19ba55f88.jpg,soul,98927aa8f109ab3be5af53c6518aa316c96fe22e6373c521379b6c1f0d3b4477,1280,720,3,0.0211806,708.4,4,0.694943,1,1,1,0.763393,1,0,0,0.000000
test/images/NoiseWEBSmoke2478_jpg.rf.b48574434ba4684dfb5a99db5821e7ec.jpg,dfire_yolov8n,c361fc249b92d7e70c0648d404d12a5c0b7ad12e435260e15b06546133bf8d69,800,534,1,0.0059691,1113.9,3,0.559201,1,1,1,0.758357,1,1,1,0.758357
test/images/NoiseWEBSmoke2478_jpg.rf.b48574434ba4684dfb5a99db5821e7ec.jpg,dfine,c361fc249b92d7e70c0648d404d12a5c0b7ad12e435260e15b06546133bf8d69,800,534,1,0.0059691,3315.2,4,0.754864,1,1,1,0.732496,1,1,1,0.732496
test/images/NoiseWEBSmoke2478_jpg.rf.b48574434ba4684dfb5a99db5821e7ec.jpg,yolo,c361fc249b92d7e70c0648d404d12a5c0b7ad12e435260e15b06546133bf8d69,800,534,1,0.0059691,3714.1,1,0.444280,1,1,1,0.933025,0,0,0,0.000000
test/images/NoiseWEBSmoke2478_jpg.rf.b48574434ba4684dfb5a99db5821e7ec.jpg,soul,c361fc249b92d7e70c0648d404d12a5c0b7ad12e435260e15b06546133bf8d69,800,534,1,0.0059691,251.9,2,0.102001,0,0,0,0.000000,0,0,0,0.000000
test/images/NoiseWEBSmoke2491_jpg.rf.df6bd9aef25c1bc985aeb3292834d05e.jpg,dfire_yolov8n,436f88106b790b149dfea77b524bb7389a618fb64b2f0544d2b7edc60362c1d7,1200,800,10,0.0065000,352.0,12,0.608644,1,1,1,0.975610,1,1,1,0.975610
test/images/NoiseWEBSmoke2491_jpg.rf.df6bd9aef25c1bc985aeb3292834d05e.jpg,dfine,436f88106b790b149dfea77b524bb7389a618fb64b2f0544d2b7edc60362c1d7,1200,800,10,0.0065000,3290.7,50,0.812074,1,1,1,0.845058,1,1,1,0.820600
test/images/NoiseWEBSmoke2491_jpg.rf.df6bd9aef25c1bc985aeb3292834d05e.jpg,yolo,436f88106b790b149dfea77b524bb7389a618fb64b2f0544d2b7edc60362c1d7,1200,800,10,0.0065000,1600.5,15,0.775172,1,1,1,0.835520,1,1,1,0.835520
test/images/NoiseWEBSmoke2491_jpg.rf.df6bd9aef25c1bc985aeb3292834d05e.jpg,soul,436f88106b790b149dfea77b524bb7389a618fb64b2f0544d2b7edc60362c1d7,1200,800,10,0.0065000,218.5,9,0.166977,0,0,0,0.000000,0,0,0,0.000000
test/images/NoiseWEBSmoke2990_jpg.rf.994675a240c4f9e67952e3a59120828c.jpg,dfire_yolov8n,563fcf8f44b4325e56d0eb36a5aa0dc74d45717085c13dff520801edd9693524,800,533,1,0.0008537,377.0,1,0.395132,1,1,1,0.674074,0,0,0,0.000000
test/images/NoiseWEBSmoke2990_jpg.rf.994675a240c4f9e67952e3a59120828c.jpg,dfine,563fcf8f44b4325e56d0eb36a5aa0dc74d45717085c13dff520801edd9693524,800,533,1,0.0008537,3116.4,1,0.679792,1,1,1,0.823529,1,1,1,0.823529
test/images/NoiseWEBSmoke2990_jpg.rf.994675a240c4f9e67952e3a59120828c.jpg,yolo,563fcf8f44b4325e56d0eb36a5aa0dc74d45717085c13dff520801edd9693524,800,533,1,0.0008537,5223.5,1,0.663568,1,1,1,0.736842,1,1,1,0.736842
test/images/NoiseWEBSmoke2990_jpg.rf.994675a240c4f9e67952e3a59120828c.jpg,soul,563fcf8f44b4325e56d0eb36a5aa0dc74d45717085c13dff520801edd9693524,800,533,1,0.0008537,571.7,0,0.000000,0,0,0,0.000000,0,0,0,0.000000
test/images/NoiseWEBSmoke3017_jpg.rf.47dcce395d7408b28ae2915b4c6aaf89.jpg,dfire_yolov8n,18477683113a6b49836721bccce833354d57c155ee352c0692aba05481604d70,980,552,1,0.0010980,852.0,2,0.215106,0,0,0,0.000000,0,0,0,0.000000
test/images/NoiseWEBSmoke3017_jpg.rf.47dcce395d7408b28ae2915b4c6aaf89.jpg,dfine,18477683113a6b49836721bccce833354d57c155ee352c0692aba05481604d70,980,552,1,0.0010980,2919.7,7,0.821000,1,1,1,0.808081,1,1,1,0.808081
test/images/NoiseWEBSmoke3017_jpg.rf.47dcce395d7408b28ae2915b4c6aaf89.jpg,yolo,18477683113a6b49836721bccce833354d57c155ee352c0692aba05481604d70,980,552,1,0.0010980,4406.6,1,0.642375,1,1,1,0.841751,1,1,1,0.841751
test/images/NoiseWEBSmoke3017_jpg.rf.47dcce395d7408b28ae2915b4c6aaf89.jpg,soul,18477683113a6b49836721bccce833354d57c155ee352c0692aba05481604d70,980,552,1,0.0010980,574.1,0,0.000000,0,0,0,0.000000,0,0,0,0.000000
test/images/NoiseWEBSmoke3355_jpg.rf.c1e66aff126316955545a7c2cd9e80ed.jpg,dfire_yolov8n,9914254ac00cf4c30daa275cc6cf15c82bed1c39a78ea25ebe3ec5176c06cf31,1000,562,1,0.0005765,881.9,0,0.000000,0,0,0,0.000000,0,0,0,0.000000
test/images/NoiseWEBSmoke3355_jpg.rf.c1e66aff126316955545a7c2cd9e80ed.jpg,dfine,9914254ac00cf4c30daa275cc6cf15c82bed1c39a78ea25ebe3ec5176c06cf31,1000,562,1,0.0005765,2908.6,11,0.363080,1,1,0,0.460800,0,0,0,0.000000
test/images/NoiseWEBSmoke3355_jpg.rf.c1e66aff126316955545a7c2cd9e80ed.jpg,yolo,9914254ac00cf4c30daa275cc6cf15c82bed1c39a78ea25ebe3ec5176c06cf31,1000,562,1,0.0005765,4063.3,1,0.052443,0,0,0,0.000000,0,0,0,0.000000
test/images/NoiseWEBSmoke3355_jpg.rf.c1e66aff126316955545a7c2cd9e80ed.jpg,soul,9914254ac00cf4c30daa275cc6cf15c82bed1c39a78ea25ebe3ec5176c06cf31,1000,562,1,0.0005765,568.2,1,0.215155,0,0,0,0.000000,0,0,0,0.000000
test/images/NoiseWEBSmoke3490_jpg.rf.d70d4e8354109c4539924e5200405412.jpg,dfire_yolov8n,91571817e88f459a6597c3a6b6b2d98322d460460c27c47ca03d4fdcf7a0d9ad,800,532,1,0.0025893,1045.3,2,0.352320,1,1,1,0.722535,0,0,0,0.000000
test/images/NoiseWEBSmoke3490_jpg.rf.d70d4e8354109c4539924e5200405412.jpg,dfine,91571817e88f459a6597c3a6b6b2d98322d460460c27c47ca03d4fdcf7a0d9ad,800,532,1,0.0025893,3045.3,82,0.570495,1,1,1,0.828016,1,0,0,0.000000
test/images/NoiseWEBSmoke3490_jpg.rf.d70d4e8354109c4539924e5200405412.jpg,yolo,91571817e88f459a6597c3a6b6b2d98322d460460c27c47ca03d4fdcf7a0d9ad,800,532,1,0.0025893,5208.3,6,0.290346,1,0,0,0.063773,0,0,0,0.000000
test/images/NoiseWEBSmoke3490_jpg.rf.d70d4e8354109c4539924e5200405412.jpg,soul,91571817e88f459a6597c3a6b6b2d98322d460460c27c47ca03d4fdcf7a0d9ad,800,532,1,0.0025893,766.1,2,0.803835,1,0,0,0.000000,1,0,0,0.000000
test/images/NoiseWEBSmoke3641_jpg.rf.a9ce5a6f19b8c964719a4dc5c85e519f.jpg,dfire_yolov8n,8d0f026b8bdba04b2ba16731b4b5ea5eb4e4a06d4d473cbbe06c53eb33df9bb0,1216,684,4,0.0005194,862.1,9,0.466162,1,1,1,0.687719,0,0,0,0.000000
test/images/NoiseWEBSmoke3641_jpg.rf.a9ce5a6f19b8c964719a4dc5c85e519f.jpg,dfine,8d0f026b8bdba04b2ba16731b4b5ea5eb4e4a06d4d473cbbe06c53eb33df9bb0,1216,684,4,0.0005194,2791.2,54,0.616636,1,1,1,0.768627,1,1,1,0.768627
test/images/NoiseWEBSmoke3641_jpg.rf.a9ce5a6f19b8c964719a4dc5c85e519f.jpg,yolo,8d0f026b8bdba04b2ba16731b4b5ea5eb4e4a06d4d473cbbe06c53eb33df9bb0,1216,684,4,0.0005194,4360.4,6,0.488537,1,1,1,0.765182,0,0,0,0.000000
test/images/NoiseWEBSmoke3641_jpg.rf.a9ce5a6f19b8c964719a4dc5c85e519f.jpg,soul,8d0f026b8bdba04b2ba16731b4b5ea5eb4e4a06d4d473cbbe06c53eb33df9bb0,1216,684,4,0.0005194,604.6,1,0.486475,1,0,0,0.001316,0,0,0,0.000000
test/images/WEBFP1272_jpg.rf.dc3bf25d566f648e490ec3b1fe8f8534.jpg,dfire_yolov8n,631f4f643d2185ecdf07e5b7f06cf99d7b7b9580a3ccbc92cdea350ba47ff073,1920,1080,1,0.0012601,811.9,2,0.159495,0,0,0,0.000000,0,0,0,0.000000
test/images/WEBFP1272_jpg.rf.dc3bf25d566f648e490ec3b1fe8f8534.jpg,dfine,631f4f643d2185ecdf07e5b7f06cf99d7b7b9580a3ccbc92cdea350ba47ff073,1920,1080,1,0.0012601,2833.3,1,0.181208,0,0,0,0.000000,0,0,0,0.000000
test/images/WEBFP1272_jpg.rf.dc3bf25d566f648e490ec3b1fe8f8534.jpg,yolo,631f4f643d2185ecdf07e5b7f06cf99d7b7b9580a3ccbc92cdea350ba47ff073,1920,1080,1,0.0012601,6044.1,1,0.062053,0,0,0,0.000000,0,0,0,0.000000
test/images/WEBFP1272_jpg.rf.dc3bf25d566f648e490ec3b1fe8f8534.jpg,soul,631f4f643d2185ecdf07e5b7f06cf99d7b7b9580a3ccbc92cdea350ba47ff073,1920,1080,1,0.0012601,808.4,6,0.203676,0,0,0,0.000000,0,0,0,0.000000
test/images/WEBFP1274_jpg.rf.a813db99e99ecd61d3bc1dcc47a2ac84.jpg,dfire_yolov8n,5c76d677dd176d64257d8df8cbe773b53506a826acf6be883a0078e2c9a445d4,1920,1080,1,0.0005932,956.6,2,0.170356,0,0,0,0.000000,0,0,0,0.000000
test/images/WEBFP1274_jpg.rf.a813db99e99ecd61d3bc1dcc47a2ac84.jpg,dfine,5c76d677dd176d64257d8df8cbe773b53506a826acf6be883a0078e2c9a445d4,1920,1080,1,0.0005932,3479.6,0,0.000000,0,0,0,0.000000,0,0,0,0.000000
test/images/WEBFP1274_jpg.rf.a813db99e99ecd61d3bc1dcc47a2ac84.jpg,yolo,5c76d677dd176d64257d8df8cbe773b53506a826acf6be883a0078e2c9a445d4,1920,1080,1,0.0005932,5662.0,0,0.000000,0,0,0,0.000000,0,0,0,0.000000
test/images/WEBFP1274_jpg.rf.a813db99e99ecd61d3bc1dcc47a2ac84.jpg,soul,5c76d677dd176d64257d8df8cbe773b53506a826acf6be883a0078e2c9a445d4,1920,1080,1,0.0005932,645.7,4,0.270116,1,0,0,0.000000,0,0,0,0.000000
test/images/WEBFP1720_jpg.rf.9341c032c20ad712c423893ad34fac08.jpg,dfire_yolov8n,0f5e01bf5dd25ad7c104ed99548cd5e1660465cfe6886f0fdb51afc7de77ce02,1366,768,1,0.0051845,972.4,0,0.000000,0,0,0,0.000000,0,0,0,0.000000
test/images/WEBFP1720_jpg.rf.9341c032c20ad712c423893ad34fac08.jpg,dfine,0f5e01bf5dd25ad7c104ed99548cd5e1660465cfe6886f0fdb51afc7de77ce02,1366,768,1,0.0051845,2831.3,0,0.000000,0,0,0,0.000000,0,0,0,0.000000
test/images/WEBFP1720_jpg.rf.9341c032c20ad712c423893ad34fac08.jpg,yolo,0f5e01bf5dd25ad7c104ed99548cd5e1660465cfe6886f0fdb51afc7de77ce02,1366,768,1,0.0051845,4595.3,0,0.000000,0,0,0,0.000000,0,0,0,0.000000
test/images/WEBFP1720_jpg.rf.9341c032c20ad712c423893ad34fac08.jpg,soul,0f5e01bf5dd25ad7c104ed99548cd5e1660465cfe6886f0fdb51afc7de77ce02,1366,768,1,0.0051845,608.7,2,0.201821,0,0,0,0.000000,0,0,0,0.000000
test/images/WEBFire028_jpg.rf.ecc437843c1085ac4b5139e3c5199f96.jpg,dfire_yolov8n,56ed95fbe28cc8070b3582d54cfbee57f812297d584abf4f5479ead63150a726,601,600,2,0.1454271,851.3,4,0.800432,1,1,1,0.920349,1,1,1,0.920349
test/images/WEBFire028_jpg.rf.ecc437843c1085ac4b5139e3c5199f96.jpg,dfine,56ed95fbe28cc8070b3582d54cfbee57f812297d584abf4f5479ead63150a726,601,600,2,0.1454271,3397.5,74,0.842658,1,1,1,0.878406,1,1,1,0.878406
test/images/WEBFire028_jpg.rf.ecc437843c1085ac4b5139e3c5199f96.jpg,yolo,56ed95fbe28cc8070b3582d54cfbee57f812297d584abf4f5479ead63150a726,601,600,2,0.1454271,3143.8,6,0.592253,1,1,1,0.909420,1,1,1,0.909420
test/images/WEBFire028_jpg.rf.ecc437843c1085ac4b5139e3c5199f96.jpg,soul,56ed95fbe28cc8070b3582d54cfbee57f812297d584abf4f5479ead63150a726,601,600,2,0.1454271,59.1,3,0.766210,1,1,1,0.904682,1,1,1,0.904682
test/images/WEBFire1000_jpg.rf.0cb8d4491b79bc3651866e8a64589e91.jpg,dfire_yolov8n,f7f7f33cfdd6f8c29398f0a01d60f196d4489de1f0bdd75cfcb71d24569fb8fe,1280,720,5,0.0027344,62.6,11,0.691241,1,1,1,0.826722,1,1,1,0.826722
test/images/WEBFire1000_jpg.rf.0cb8d4491b79bc3651866e8a64589e91.jpg,dfine,f7f7f33cfdd6f8c29398f0a01d60f196d4489de1f0bdd75cfcb71d24569fb8fe,1280,720,5,0.0027344,664.6,47,0.754227,1,1,1,0.829327,1,1,1,0.829327
test/images/WEBFire1000_jpg.rf.0cb8d4491b79bc3651866e8a64589e91.jpg,yolo,f7f7f33cfdd6f8c29398f0a01d60f196d4489de1f0bdd75cfcb71d24569fb8fe,1280,720,5,0.0027344,926.5,7,0.731141,1,1,1,0.803789,1,1,1,0.803789
test/images/WEBFire1000_jpg.rf.0cb8d4491b79bc3651866e8a64589e91.jpg,soul,f7f7f33cfdd6f8c29398f0a01d60f196d4489de1f0bdd75cfcb71d24569fb8fe,1280,720,5,0.0027344,53.9,2,0.601202,1,1,1,0.742345,1,1,1,0.742345
test/images/WEBFire1011_jpg.rf.6bd41a88950f7a0c669f845c6170831e.jpg,dfire_yolov8n,6b34f62ab295718280f2a7ac301d1004dfa12a5986f4800c8929661eda125d74,1280,720,1,0.0082031,60.6,2,0.503228,1,1,1,0.793161,1,1,1,0.793161
test/images/WEBFire1011_jpg.rf.6bd41a88950f7a0c669f845c6170831e.jpg,dfine,6b34f62ab295718280f2a7ac301d1004dfa12a5986f4800c8929661eda125d74,1280,720,1,0.0082031,656.5,20,0.601311,1,1,1,0.897701,1,1,1,0.897701
test/images/WEBFire1011_jpg.rf.6bd41a88950f7a0c669f845c6170831e.jpg,yolo,6b34f62ab295718280f2a7ac301d1004dfa12a5986f4800c8929661eda125d74,1280,720,1,0.0082031,742.5,4,0.539478,1,1,1,0.675290,1,1,1,0.675290
test/images/WEBFire1011_jpg.rf.6bd41a88950f7a0c669f845c6170831e.jpg,soul,6b34f62ab295718280f2a7ac301d1004dfa12a5986f4800c8929661eda125d74,1280,720,1,0.0082031,54.7,1,0.898022,1,0,0,0.182499,1,0,0,0.182499
test/images/WEBFire1037_jpg.rf.dbce8a22d013b462f273a462737631e7.jpg,dfire_yolov8n,3404cab2e7f6e5819207a216b44b54842ca576d5e10d5a2072ee369cda4e8e1e,960,1280,1,0.0030306,66.2,1,0.708685,1,1,1,0.743390,1,1,1,0.743390
test/images/WEBFire1037_jpg.rf.dbce8a22d013b462f273a462737631e7.jpg,dfine,3404cab2e7f6e5819207a216b44b54842ca576d5e10d5a2072ee369cda4e8e1e,960,1280,1,0.0030306,509.6,8,0.586088,1,1,1,0.802198,1,1,1,0.802198
test/images/WEBFire1037_jpg.rf.dbce8a22d013b462f273a462737631e7.jpg,yolo,3404cab2e7f6e5819207a216b44b54842ca576d5e10d5a2072ee369cda4e8e1e,960,1280,1,0.0030306,724.3,1,0.522165,1,1,1,0.711195,1,1,1,0.711195
test/images/WEBFire1037_jpg.rf.dbce8a22d013b462f273a462737631e7.jpg,soul,3404cab2e7f6e5819207a216b44b54842ca576d5e10d5a2072ee369cda4e8e1e,960,1280,1,0.0030306,63.3,1,0.869359,1,1,1,0.693950,1,1,1,0.693950
test/images/WEBFire103_jpg.rf.2c790c084fb418f984af8291d0a87233.jpg,dfire_yolov8n,4bf918eeea80ce88cb77ba0dfcc8ae3d21b7992c5a29a8725625c7744bd43e42,984,616,6,0.0286285,53.7,14,0.559161,1,1,1,0.923913,1,1,1,0.923913
test/images/WEBFire103_jpg.rf.2c790c084fb418f984af8291d0a87233.jpg,dfine,4bf918eeea80ce88cb77ba0dfcc8ae3d21b7992c5a29a8725625c7744bd43e42,984,616,6,0.0286285,420.4,89,0.726754,1,1,1,0.797812,1,1,1,0.797812
test/images/WEBFire103_jpg.rf.2c790c084fb418f984af8291d0a87233.jpg,yolo,4bf918eeea80ce88cb77ba0dfcc8ae3d21b7992c5a29a8725625c7744bd43e42,984,616,6,0.0286285,733.8,10,0.672076,1,1,1,0.856227,1,1,0,0.474210
test/images/WEBFire103_jpg.rf.2c790c084fb418f984af8291d0a87233.jpg,soul,4bf918eeea80ce88cb77ba0dfcc8ae3d21b7992c5a29a8725625c7744bd43e42,984,616,6,0.0286285,59.0,5,0.471692,1,1,1,0.647290,0,0,0,0.000000
test/images/WEBFire1050_jpg.rf.be7a7d33a62cffd3842b5242db478f0f.jpg,dfire_yolov8n,a1aa0a6940228cb4f7d25ef6ee7604842306d68b2100195b23c7ed53ad3e3c9b,1280,720,3,0.1460156,51.8,5,0.843799,1,1,1,0.971030,1,1,1,0.971030
test/images/WEBFire1050_jpg.rf.be7a7d33a62cffd3842b5242db478f0f.jpg,dfine,a1aa0a6940228cb4f7d25ef6ee7604842306d68b2100195b23c7ed53ad3e3c9b,1280,720,3,0.1460156,503.0,88,0.882759,1,1,1,0.957782,1,1,1,0.957782
test/images/WEBFire1050_jpg.rf.be7a7d33a62cffd3842b5242db478f0f.jpg,yolo,a1aa0a6940228cb4f7d25ef6ee7604842306d68b2100195b23c7ed53ad3e3c9b,1280,720,3,0.1460156,715.4,8,0.870727,1,1,1,0.973091,1,1,1,0.973091
test/images/WEBFire1050_jpg.rf.be7a7d33a62cffd3842b5242db478f0f.jpg,soul,a1aa0a6940228cb4f7d25ef6ee7604842306d68b2100195b23c7ed53ad3e3c9b,1280,720,3,0.1460156,61.3,5,0.791032,1,1,1,0.718165,1,1,1,0.718165
test/images/WEBFire1068_jpg.rf.9c78b6b940cd4926d7f6f720d0c2cf79.jpg,dfire_yolov8n,07decbbe88cf2d4ee4e23cf9e41ff2484c41f908638b3cb77a581c5847d46f4a,1280,720,2,0.0295237,57.3,3,0.754099,1,1,1,0.919132,1,1,1,0.919132
test/images/WEBFire1068_jpg.rf.9c78b6b940cd4926d7f6f720d0c2cf79.jpg,dfine,07decbbe88cf2d4ee4e23cf9e41ff2484c41f908638b3cb77a581c5847d46f4a,1280,720,2,0.0295237,471.5,34,0.544387,1,1,1,0.877324,1,1,1,0.877324
test/images/WEBFire1068_jpg.rf.9c78b6b940cd4926d7f6f720d0c2cf79.jpg,yolo,07decbbe88cf2d4ee4e23cf9e41ff2484c41f908638b3cb77a581c5847d46f4a,1280,720,2,0.0295237,699.7,3,0.603989,1,1,1,0.885363,1,1,1,0.885363
test/images/WEBFire1068_jpg.rf.9c78b6b940cd4926d7f6f720d0c2cf79.jpg,soul,07decbbe88cf2d4ee4e23cf9e41ff2484c41f908638b3cb77a581c5847d46f4a,1280,720,2,0.0295237,53.4,3,0.569994,1,1,1,0.516005,1,1,1,0.514122
test/images/WEBFire1087_jpg.rf.0316b28f9d3365b0e4adbdf8f7c330d0.jpg,dfire_yolov8n,7c592ea8176cc9761ed84e3f6f996eb8cad5395b03015292297a530a83db0d77,1280,720,3,0.0840039,53.6,5,0.799174,1,1,1,0.908587,1,1,1,0.908587
test/images/WEBFire1087_jpg.rf.0316b28f9d3365b0e4adbdf8f7c330d0.jpg,dfine,7c592ea8176cc9761ed84e3f6f996eb8cad5395b03015292297a530a83db0d77,1280,720,3,0.0840039,479.5,61,0.766697,1,1,1,0.862103,1,1,1,0.862103
test/images/WEBFire1087_jpg.rf.0316b28f9d3365b0e4adbdf8f7c330d0.jpg,yolo,7c592ea8176cc9761ed84e3f6f996eb8cad5395b03015292297a530a83db0d77,1280,720,3,0.0840039,720.9,8,0.782617,1,1,1,0.861678,1,1,1,0.861678
test/images/WEBFire1087_jpg.rf.0316b28f9d3365b0e4adbdf8f7c330d0.jpg,soul,7c592ea8176cc9761ed84e3f6f996eb8cad5395b03015292297a530a83db0d77,1280,720,3,0.0840039,53.6,4,0.746446,1,1,1,0.732426,1,1,1,0.732426
test/images/WEBFire1092_jpg.rf.0a01144a4bbdd90be4e6a79a3ece6f7e.jpg,dfire_yolov8n,0a28a95b81198d2019b6754576e2d255c6fcf2b8f4e274e4cf99cc919824ca90,1280,720,2,0.1152919,58.1,5,0.791072,1,1,1,0.837378,1,1,1,0.837378
test/images/WEBFire1092_jpg.rf.0a01144a4bbdd90be4e6a79a3ece6f7e.jpg,dfine,0a28a95b81198d2019b6754576e2d255c6fcf2b8f4e274e4cf99cc919824ca90,1280,720,2,0.1152919,518.9,59,0.677460,1,1,1,0.902138,1,1,1,0.679803
test/images/WEBFire1092_jpg.rf.0a01144a4bbdd90be4e6a79a3ece6f7e.jpg,yolo,0a28a95b81198d2019b6754576e2d255c6fcf2b8f4e274e4cf99cc919824ca90,1280,720,2,0.1152919,766.4,3,0.733373,1,1,1,0.858056,1,1,1,0.858056
test/images/WEBFire1092_jpg.rf.0a01144a4bbdd90be4e6a79a3ece6f7e.jpg,soul,0a28a95b81198d2019b6754576e2d255c6fcf2b8f4e274e4cf99cc919824ca90,1280,720,2,0.1152919,53.9,5,0.640326,1,1,1,0.577526,1,1,1,0.577526
test/images/WEBFire1095_jpg.rf.61d555e3e850d869ec2b6fad2ca0f15a.jpg,dfire_yolov8n,14cdd8a118e3166d6a8d5b0b1cad63ebbb0bba945192d401d5c0127fe9d518b8,1280,720,2,0.2860004,68.8,3,0.768777,1,1,1,0.919426,1,1,1,0.919426
test/images/WEBFire1095_jpg.rf.61d555e3e850d869ec2b6fad2ca0f15a.jpg,dfine,14cdd8a118e3166d6a8d5b0b1cad63ebbb0bba945192d401d5c0127fe9d518b8,1280,720,2,0.2860004,619.0,86,0.725185,1,1,1,0.871722,1,1,1,0.871722
test/images/WEBFire1095_jpg.rf.61d555e3e850d869ec2b6fad2ca0f15a.jpg,yolo,14cdd8a118e3166d6a8d5b0b1cad63ebbb0bba945192d401d5c0127fe9d518b8,1280,720,2,0.2860004,733.2,7,0.561969,1,1,0,0.448947,1,1,0,0.448947
test/images/WEBFire1095_jpg.rf.61d555e3e850d869ec2b6fad2ca0f15a.jpg,soul,14cdd8a118e3166d6a8d5b0b1cad63ebbb0bba945192d401d5c0127fe9d518b8,1280,720,2,0.2860004,60.7,3,0.640902,1,1,0,0.481588,1,1,0,0.481588
test/images/WEBFire1098_jpg.rf.09fc5056624e0dc521d7a8ea696ab553.jpg,dfire_yolov8n,a7cf7afc56f42f1d916526f6bff7211e2e2c1cdc7aacf81c2bfa6101d92d4d7d,1280,720,1,0.0168294,55.9,1,0.827297,1,1,1,0.927513,1,1,1,0.927513
test/images/WEBFire1098_jpg.rf.09fc5056624e0dc521d7a8ea696ab553.jpg,dfine,a7cf7afc56f42f1d916526f6bff7211e2e2c1cdc7aacf81c2bfa6101d92d4d7d,1280,720,1,0.0168294,477.5,83,0.868177,1,1,1,0.931867,1,1,1,0.931867
test/images/WEBFire1098_jpg.rf.09fc5056624e0dc521d7a8ea696ab553.jpg,yolo,a7cf7afc56f42f1d916526f6bff7211e2e2c1cdc7aacf81c2bfa6101d92d4d7d,1280,720,1,0.0168294,711.7,4,0.834807,1,1,1,0.946346,1,1,1,0.946346
test/images/WEBFire1098_jpg.rf.09fc5056624e0dc521d7a8ea696ab553.jpg,soul,a7cf7afc56f42f1d916526f6bff7211e2e2c1cdc7aacf81c2bfa6101d92d4d7d,1280,720,1,0.0168294,57.9,1,0.861143,1,1,1,0.905156,1,1,1,0.905156
test/images/WEBFire1109_jpg.rf.03f8562f13229fd3ce49eb557dc4dfb3.jpg,dfire_yolov8n,36e3564cd19a76700ab60a979c2b48f30a48848154d73d4c28a609be6943ee28,1280,720,6,0.0585503,50.9,12,0.623652,1,1,1,0.902324,1,1,1,0.902324
test/images/WEBFire1109_jpg.rf.03f8562f13229fd3ce49eb557dc4dfb3.jpg,dfine,36e3564cd19a76700ab60a979c2b48f30a48848154d73d4c28a609be6943ee28,1280,720,6,0.0585503,509.0,111,0.655551,1,1,1,0.879342,1,1,1,0.879342
test/images/WEBFire1109_jpg.rf.03f8562f13229fd3ce49eb557dc4dfb3.jpg,yolo,36e3564cd19a76700ab60a979c2b48f30a48848154d73d4c28a609be6943ee28,1280,720,6,0.0585503,718.6,12,0.590279,1,1,1,0.894444,1,1,1,0.894444
test/images/WEBFire1109_jpg.rf.03f8562f13229fd3ce49eb557dc4dfb3.jpg,soul,36e3564cd19a76700ab60a979c2b48f30a48848154d73d4c28a609be6943ee28,1280,720,6,0.0585503,62.5,2,0.682554,1,0,0,0.163360,1,0,0,0.163360
test/images/WEBFire1169_jpg.rf.38b99b2dac058c71b46bcdda73c84e99.jpg,dfire_yolov8n,ea1b8d693322dfe9cb70923365d74e021d4e1a410a93220ffa9300e77e916b12,1420,800,2,0.2043952,59.1,3,0.757027,1,1,1,0.713497,1,1,1,0.580063
test/images/WEBFire1169_jpg.rf.38b99b2dac058c71b46bcdda73c84e99.jpg,dfine,ea1b8d693322dfe9cb70923365d74e021d4e1a410a93220ffa9300e77e916b12,1420,800,2,0.2043952,445.2,106,0.790051,1,1,1,0.669616,1,1,1,0.669616
test/images/WEBFire1169_jpg.rf.38b99b2dac058c71b46bcdda73c84e99.jpg,yolo,ea1b8d693322dfe9cb70923365d74e021d4e1a410a93220ffa9300e77e916b12,1420,800,2,0.2043952,731.1,9,0.827913,1,1,1,0.662587,1,1,1,0.662587
test/images/WEBFire1169_jpg.rf.38b99b2dac058c71b46bcdda73c84e99.jpg,soul,ea1b8d693322dfe9cb70923365d74e021d4e1a410a93220ffa9300e77e916b12,1420,800,2,0.2043952,61.2,2,0.800116,1,1,1,0.644912,1,1,1,0.644912
test/images/WEBFire1191_jpg.rf.55d3f0beacca05bbfd3a8ef7c9d61e1a.jpg,dfire_yolov8n,e9fe9f8e456e9082b51cc9c2824d7d95003e75df16593063205f41d268f0d195,1280,720,1,0.0331098,53.3,1,0.784385,1,1,1,0.731327,1,1,1,0.731327
test/images/WEBFire1191_jpg.rf.55d3f0beacca05bbfd3a8ef7c9d61e1a.jpg,dfine,e9fe9f8e456e9082b51cc9c2824d7d95003e75df16593063205f41d268f0d195,1280,720,1,0.0331098,418.7,17,0.836918,1,1,1,0.776532,1,1,1,0.776532
test/images/WEBFire1191_jpg.rf.55d3f0beacca05bbfd3a8ef7c9d61e1a.jpg,yolo,e9fe9f8e456e9082b51cc9c2824d7d95003e75df16593063205f41d268f0d195,1280,720,1,0.0331098,705.5,1,0.675132,1,1,1,0.804387,1,1,1,0.804387
test/images/WEBFire1191_jpg.rf.55d3f0beacca05bbfd3a8ef7c9d61e1a.jpg,soul,e9fe9f8e456e9082b51cc9c2824d7d95003e75df16593063205f41d268f0d195,1280,720,1,0.0331098,53.8,2,0.529792,1,1,0,0.358541,1,1,0,0.358541
test/images/WEBFire1209_jpg.rf.9b1cca751557d97934680ce500220ea7.jpg,dfire_yolov8n,c354674903a6421899938574362dd180f905f2af9df02827ddf6a39d7f6c1133,1280,720,1,0.0206250,67.1,2,0.625163,1,1,1,0.556503,1,1,1,0.556503
test/images/WEBFire1209_jpg.rf.9b1cca751557d97934680ce500220ea7.jpg,dfine,c354674903a6421899938574362dd180f905f2af9df02827ddf6a39d7f6c1133,1280,720,1,0.0206250,430.7,19,0.701769,1,1,1,0.921919,1,1,1,0.921919
test/images/WEBFire1209_jpg.rf.9b1cca751557d97934680ce500220ea7.jpg,yolo,c354674903a6421899938574362dd180f905f2af9df02827ddf6a39d7f6c1133,1280,720,1,0.0206250,714.7,4,0.325517,1,1,1,0.935396,0,0,0,0.000000
test/images/WEBFire1209_jpg.rf.9b1cca751557d97934680ce500220ea7.jpg,soul,c354674903a6421899938574362dd180f905f2af9df02827ddf6a39d7f6c1133,1280,720,1,0.0206250,55.6,1,0.460892,1,1,1,0.709657,0,0,0,0.000000
test/images/WEBFire1223_jpg.rf.14ac40fd9939c5377ceb36b409988533.jpg,dfire_yolov8n,0e02715174071f1c6f3500c948131107982c49649f46a619cc8d6eed8c15e621,1280,720,1,0.1263748,59.3,1,0.825130,1,1,1,0.867453,1,1,1,0.867453
test/images/WEBFire1223_jpg.rf.14ac40fd9939c5377ceb36b409988533.jpg,dfine,0e02715174071f1c6f3500c948131107982c49649f46a619cc8d6eed8c15e621,1280,720,1,0.1263748,442.6,17,0.871949,1,1,1,0.894501,1,1,1,0.894501
test/images/WEBFire1223_jpg.rf.14ac40fd9939c5377ceb36b409988533.jpg,yolo,0e02715174071f1c6f3500c948131107982c49649f46a619cc8d6eed8c15e621,1280,720,1,0.1263748,700.3,1,0.705735,1,1,1,0.888364,1,1,1,0.888364
test/images/WEBFire1223_jpg.rf.14ac40fd9939c5377ceb36b409988533.jpg,soul,0e02715174071f1c6f3500c948131107982c49649f46a619cc8d6eed8c15e621,1280,720,1,0.1263748,56.1,1,0.879243,1,1,1,0.825436,1,1,1,0.825436
test/images/WEBFire1410_jpg.rf.6d9e122854aecb435d585806c1ef9cef.jpg,dfire_yolov8n,6c98eea8297f31afdacbf33e077c32ec5f16c53eb0f90113df133ec880c69244,1000,516,1,0.0739360,53.7,7,0.439108,1,1,0,0.377448,0,0,0,0.000000
test/images/WEBFire1410_jpg.rf.6d9e122854aecb435d585806c1ef9cef.jpg,dfine,6c98eea8297f31afdacbf33e077c32ec5f16c53eb0f90113df133ec880c69244,1000,516,1,0.0739360,616.6,89,0.712216,1,1,0,0.470604,1,1,0,0.470604
test/images/WEBFire1410_jpg.rf.6d9e122854aecb435d585806c1ef9cef.jpg,yolo,6c98eea8297f31afdacbf33e077c32ec5f16c53eb0f90113df133ec880c69244,1000,516,1,0.0739360,1991.6,5,0.442022,1,1,0,0.464260,0,0,0,0.000000
test/images/WEBFire1410_jpg.rf.6d9e122854aecb435d585806c1ef9cef.jpg,soul,6c98eea8297f31afdacbf33e077c32ec5f16c53eb0f90113df133ec880c69244,1000,516,1,0.0739360,155.6,5,0.797761,1,0,0,0.000000,1,0,0,0.000000
test/images/WEBFire1437_jpg.rf.68283feb0f6b0bb5fac18a5d49ba7f43.jpg,dfire_yolov8n,20c413b5bd6549fff0dabbf3cf39856684bbf522df11a74d095b61122cb29f71,1278,720,3,0.1591267,162.3,8,0.255341,1,0,0,0.023337,0,0,0,0.000000
test/images/WEBFire1437_jpg.rf.68283feb0f6b0bb5fac18a5d49ba7f43.jpg,dfine,20c413b5bd6549fff0dabbf3cf39856684bbf522df11a74d095b61122cb29f71,1278,720,3,0.1591267,1003.7,37,0.694663,1,1,1,0.958333,1,1,1,0.729458
test/images/WEBFire1437_jpg.rf.68283feb0f6b0bb5fac18a5d49ba7f43.jpg,yolo,20c413b5bd6549fff0dabbf3cf39856684bbf522df11a74d095b61122cb29f71,1278,720,3,0.1591267,1733.5,7,0.573859,1,1,1,0.636007,1,1,1,0.636007
test/images/WEBFire1437_jpg.rf.68283feb0f6b0bb5fac18a5d49ba7f43.jpg,soul,20c413b5bd6549fff0dabbf3cf39856684bbf522df11a74d095b61122cb29f71,1278,720,3,0.1591267,124.2,1,0.282560,1,1,1,0.646181,0,0,0,0.000000
test/images/WEBFire1464_jpg.rf.751a8d42262e738647afdc2298111210.jpg,dfire_yolov8n,42e10d4ca9da17570d4f51735a5372279661d99356fa215f47ff21bd7d36c524,1280,720,3,0.0638281,179.2,5,0.772031,1,1,1,0.915866,1,1,1,0.915866
test/images/WEBFire1464_jpg.rf.751a8d42262e738647afdc2298111210.jpg,dfine,42e10d4ca9da17570d4f51735a5372279661d99356fa215f47ff21bd7d36c524,1280,720,3,0.0638281,950.2,71,0.735711,1,1,1,0.933367,1,1,1,0.933367
test/images/WEBFire1464_jpg.rf.751a8d42262e738647afdc2298111210.jpg,yolo,42e10d4ca9da17570d4f51735a5372279661d99356fa215f47ff21bd7d36c524,1280,720,3,0.0638281,1515.2,9,0.485214,1,1,1,0.841806,0,0,0,0.000000
test/images/WEBFire1464_jpg.rf.751a8d42262e738647afdc2298111210.jpg,soul,42e10d4ca9da17570d4f51735a5372279661d99356fa215f47ff21bd7d36c524,1280,720,3,0.0638281,35.7,4,0.712596,1,1,1,0.871616,1,1,1,0.871616
test/images/WEBFire1480_jpg.rf.af94fdfeb174e41c4fd6ddc9fac1c65e.jpg,dfire_yolov8n,ff0a39973da278e902f251ced8217d3a77ae949982c05a7977a7725758a95187,1280,720,1,0.1036784,48.6,2,0.825552,1,1,1,0.929796,1,1,1,0.929796
test/images/WEBFire1480_jpg.rf.af94fdfeb174e41c4fd6ddc9fac1c65e.jpg,dfine,ff0a39973da278e902f251ced8217d3a77ae949982c05a7977a7725758a95187,1280,720,1,0.1036784,442.3,20,0.886730,1,1,1,0.881107,1,1,1,0.881107
test/images/WEBFire1480_jpg.rf.af94fdfeb174e41c4fd6ddc9fac1c65e.jpg,yolo,ff0a39973da278e902f251ced8217d3a77ae949982c05a7977a7725758a95187,1280,720,1,0.1036784,529.3,3,0.784161,1,1,1,0.878179,1,1,1,0.878179
test/images/WEBFire1480_jpg.rf.af94fdfeb174e41c4fd6ddc9fac1c65e.jpg,soul,ff0a39973da278e902f251ced8217d3a77ae949982c05a7977a7725758a95187,1280,720,1,0.1036784,39.1,1,0.891190,1,1,1,0.806726,1,1,1,0.806726
test/images/WEBFire1485_jpg.rf.6110933c9216b62d537bf5ad3a30e579.jpg,dfire_yolov8n,0af97a0e4f2c8e71e6b24d4a015d3c79aeaeb5a6c6fe04f72b6529daf59ade9d,1280,720,4,0.0251302,33.7,15,0.667597,1,1,1,0.764048,1,1,1,0.579442
test/images/WEBFire1485_jpg.rf.6110933c9216b62d537bf5ad3a30e579.jpg,dfine,0af97a0e4f2c8e71e6b24d4a015d3c79aeaeb5a6c6fe04f72b6529daf59ade9d,1280,720,4,0.0251302,656.1,99,0.812007,1,1,1,0.740463,1,1,1,0.702176
test/images/WEBFire1485_jpg.rf.6110933c9216b62d537bf5ad3a30e579.jpg,yolo,0af97a0e4f2c8e71e6b24d4a015d3c79aeaeb5a6c6fe04f72b6529daf59ade9d,1280,720,4,0.0251302,1802.7,21,0.649912,1,1,1,0.717711,1,1,1,0.717711
test/images/WEBFire1485_jpg.rf.6110933c9216b62d537bf5ad3a30e579.jpg,soul,0af97a0e4f2c8e71e6b24d4a015d3c79aeaeb5a6c6fe04f72b6529daf59ade9d,1280,720,4,0.0251302,60.8,5,0.574797,1,1,0,0.354813,1,0,0,0.074578
test/images/WEBFire1504_jpg.rf.70e6b1299ec007ca445e413f8e939223.jpg,dfire_yolov8n,b32ba043498d9adef97c626df049fe3db9f3fb8fa4fe5514f1ee1c93a9b9104e,1280,720,3,0.0390820,65.9,7,0.729782,1,1,1,0.738158,1,1,1,0.736758
test/images/WEBFire1504_jpg.rf.70e6b1299ec007ca445e413f8e939223.jpg,dfine,b32ba043498d9adef97c626df049fe3db9f3fb8fa4fe5514f1ee1c93a9b9104e,1280,720,3,0.0390820,439.1,51,0.799874,1,1,1,0.779859,1,1,1,0.779859
test/images/WEBFire1504_jpg.rf.70e6b1299ec007ca445e413f8e939223.jpg,yolo,b32ba043498d9adef97c626df049fe3db9f3fb8fa4fe5514f1ee1c93a9b9104e,1280,720,3,0.0390820,741.7,7,0.540042,1,1,1,0.791169,1,1,1,0.791169
test/images/WEBFire1504_jpg.rf.70e6b1299ec007ca445e413f8e939223.jpg,soul,b32ba043498d9adef97c626df049fe3db9f3fb8fa4fe5514f1ee1c93a9b9104e,1280,720,3,0.0390820,57.8,4,0.391814,1,1,1,0.615915,0,0,0,0.000000
test/images/WEBFire1520_jpg.rf.27ac2651527f597c945647bbf1811de6.jpg,dfire_yolov8n,3d70014afa438631bd1b47ee70ab289cce51af40ade2377e6832dc784c5fd243,1280,720,4,0.0063477,63.2,6,0.400952,1,1,0,0.331427,0,0,0,0.000000
test/images/WEBFire1520_jpg.rf.27ac2651527f597c945647bbf1811de6.jpg,dfine,3d70014afa438631bd1b47ee70ab289cce51af40ade2377e6832dc784c5fd243,1280,720,4,0.0063477,456.7,64,0.719732,1,1,1,0.813463,1,1,0,0.398788
test/images/WEBFire1520_jpg.rf.27ac2651527f597c945647bbf1811de6.jpg,yolo,3d70014afa438631bd1b47ee70ab289cce51af40ade2377e6832dc784c5fd243,1280,720,4,0.0063477,1359.9,6,0.508214,1,1,0,0.376133,1,1,0,0.376133
test/images/WEBFire1520_jpg.rf.27ac2651527f597c945647bbf1811de6.jpg,soul,3d70014afa438631bd1b47ee70ab289cce51af40ade2377e6832dc784c5fd243,1280,720,4,0.0063477,587.5,4,0.830237,1,0,0,0.065686,1,0,0,0.065686
test/images/WEBFire1528_jpg.rf.a761fb69e95c22f02b1c0d5684543d19.jpg,dfire_yolov8n,2d764cf4346642a78c5fad3497523b6d6924e7c3f1c39a036d6ed4ea3d0a8d6a,1280,720,1,0.0347266,810.2,1,0.614928,1,1,1,0.678095,1,1,1,0.678095
test/images/WEBFire1528_jpg.rf.a761fb69e95c22f02b1c0d5684543d19.jpg,dfine,2d764cf4346642a78c5fad3497523b6d6924e7c3f1c39a036d6ed4ea3d0a8d6a,1280,720,1,0.0347266,3377.0,6,0.930860,1,1,1,0.919906,1,1,1,0.919906
test/images/WEBFire1528_jpg.rf.a761fb69e95c22f02b1c0d5684543d19.jpg,yolo,2d764cf4346642a78c5fad3497523b6d6924e7c3f1c39a036d6ed4ea3d0a8d6a,1280,720,1,0.0347266,5603.1,2,0.731385,1,1,1,0.890872,1,1,1,0.890872
test/images/WEBFire1528_jpg.rf.a761fb69e95c22f02b1c0d5684543d19.jpg,soul,2d764cf4346642a78c5fad3497523b6d6924e7c3f1c39a036d6ed4ea3d0a8d6a,1280,720,1,0.0347266,668.7,2,0.719823,1,1,1,0.841124,1,1,1,0.841124
test/images/WEBFire1534_jpg.rf.3c48c6ab1403472641decd9b830952bc.jpg,dfire_yolov8n,2897e14546c2e08d695b7abcd6be09047ff4735baffe37c4ecfd16dd54c8b192,1280,720,3,0.0095215,963.3,3,0.611788,1,1,1,0.858275,1,1,1,0.858275
test/images/WEBFire1534_jpg.rf.3c48c6ab1403472641decd9b830952bc.jpg,dfine,2897e14546c2e08d695b7abcd6be09047ff4735baffe37c4ecfd16dd54c8b192,1280,720,3,0.0095215,1066.5,37,0.804847,1,1,1,0.745996,1,1,1,0.743169
test/images/WEBFire1534_jpg.rf.3c48c6ab1403472641decd9b830952bc.jpg,yolo,2897e14546c2e08d695b7abcd6be09047ff4735baffe37c4ecfd16dd54c8b192,1280,720,3,0.0095215,766.8,5,0.695118,1,1,1,0.739372,1,1,1,0.563693
test/images/WEBFire1534_jpg.rf.3c48c6ab1403472641decd9b830952bc.jpg,soul,2897e14546c2e08d695b7abcd6be09047ff4735baffe37c4ecfd16dd54c8b192,1280,720,3,0.0095215,56.4,3,0.826354,1,1,1,0.601156,1,1,1,0.601156
test/images/WEBFire155_jpg.rf.592831a6e046701aa102204bdda76245.jpg,dfire_yolov8n,c22b4b39356bb544f099747fbc064e37ab0ce774b11230aa47d6c0caaf42899a,1024,768,1,0.0008189,52.7,1,0.246479,0,0,0,0.000000,0,0,0,0.000000
test/images/WEBFire155_jpg.rf.592831a6e046701aa102204bdda76245.jpg,dfine,c22b4b39356bb544f099747fbc064e37ab0ce774b11230aa47d6c0caaf42899a,1024,768,1,0.0008189,511.7,73,0.653512,1,1,0,0.467860,1,1,0,0.467860
test/images/WEBFire155_jpg.rf.592831a6e046701aa102204bdda76245.jpg,yolo,c22b4b39356bb544f099747fbc064e37ab0ce774b11230aa47d6c0caaf42899a,1024,768,1,0.0008189,743.4,11,0.439124,1,1,0,0.471136,0,0,0,0.000000
test/images/WEBFire155_jpg.rf.592831a6e046701aa102204bdda76245.jpg,soul,c22b4b39356bb544f099747fbc064e37ab0ce774b11230aa47d6c0caaf42899a,1024,768,1,0.0008189,53.5,6,0.774858,1,0,0,0.050885,1,0,0,0.050885
test/images/WEBFire1603_jpg.rf.29cde6fa008f96012f8f22dc2edfefda.jpg,dfire_yolov8n,339796feeb50c87ee75e15d3cddc583ac40e0eed0287825e17fa226d218df237,960,600,4,0.0223542,58.5,9,0.702396,1,1,1,0.874613,1,1,1,0.874613
test/images/WEBFire1603_jpg.rf.29cde6fa008f96012f8f22dc2edfefda.jpg,dfine,339796feeb50c87ee75e15d3cddc583ac40e0eed0287825e17fa226d218df237,960,600,4,0.0223542,582.8,98,0.768488,1,1,1,0.735625,1,1,1,0.735625
test/images/WEBFire1603_jpg.rf.29cde6fa008f96012f8f22dc2edfefda.jpg,yolo,339796feeb50c87ee75e15d3cddc583ac40e0eed0287825e17fa226d218df237,960,600,4,0.0223542,676.7,3,0.596244,1,1,1,0.808307,1,1,1,0.808307
test/images/WEBFire1603_jpg.rf.29cde6fa008f96012f8f22dc2edfefda.jpg,soul,339796feeb50c87ee75e15d3cddc583ac40e0eed0287825e17fa226d218df237,960,600,4,0.0223542,62.8,3,0.706083,1,1,1,0.540396,1,0,0,0.069820
test/images/WEBFire1676_jpg.rf.559ba00d5a362469db3c40b6a6da22c0.jpg,dfire_yolov8n,f658041409990c8561a0617c3f003ba2848619a710a4995670cbb51605cce216,765,695,1,0.0038012,63.2,1,0.504019,1,1,1,0.762642,1,1,1,0.762642
test/images/WEBFire1676_jpg.rf.559ba00d5a362469db3c40b6a6da22c0.jpg,dfine,f658041409990c8561a0617c3f003ba2848619a710a4995670cbb51605cce216,765,695,1,0.0038012,535.9,7,0.639070,1,1,1,0.647756,1,1,1,0.647756
test/images/WEBFire1676_jpg.rf.559ba00d5a362469db3c40b6a6da22c0.jpg,yolo,f658041409990c8561a0617c3f003ba2848619a710a4995670cbb51605cce216,765,695,1,0.0038012,1009.5,1,0.231597,0,0,0,0.000000,0,0,0,0.000000
test/images/WEBFire1676_jpg.rf.559ba00d5a362469db3c40b6a6da22c0.jpg,soul,f658041409990c8561a0617c3f003ba2848619a710a4995670cbb51605cce216,765,695,1,0.0038012,165.3,0,0.000000,0,0,0,0.000000,0,0,0,0.000000
test/images/WEBFire1677_jpg.rf.2e6a1551e65b0ab12779ba6ef19ff363.jpg,dfire_yolov8n,b7a3b54e7810cb30ebfb178867518e6e9b0a06d57991e44d1dc04ba4af7fed37,761,691,2,0.0216316,114.6,4,0.499161,1,1,1,0.850989,0,0,0,0.000000
test/images/WEBFire1677_jpg.rf.2e6a1551e65b0ab12779ba6ef19ff363.jpg,dfine,b7a3b54e7810cb30ebfb178867518e6e9b0a06d57991e44d1dc04ba4af7fed37,761,691,2,0.0216316,959.4,33,0.662532,1,1,1,0.897978,1,1,1,0.584454
test/images/WEBFire1677_jpg.rf.2e6a1551e65b0ab12779ba6ef19ff363.jpg,yolo,b7a3b54e7810cb30ebfb178867518e6e9b0a06d57991e44d1dc04ba4af7fed37,761,691,2,0.0216316,1966.3,4,0.636126,1,1,1,0.932658,1,1,1,0.932658
test/images/WEBFire1677_jpg.rf.2e6a1551e65b0ab12779ba6ef19ff363.jpg,soul,b7a3b54e7810cb30ebfb178867518e6e9b0a06d57991e44d1dc04ba4af7fed37,761,691,2,0.0216316,128.1,1,0.051661,0,0,0,0.000000,0,0,0,0.000000
test/images/WEBFire1695_jpg.rf.ea1249bacca8fa1b88701401d8d8f940.jpg,dfire_yolov8n,74f98887fbd002622c55ba2f195fb5d623cd2fe493176706c754e5e57dfb14d3,1300,975,1,0.0147085,150.9,2,0.403212,1,1,1,0.859576,0,0,0,0.000000
test/images/WEBFire1695_jpg.rf.ea1249bacca8fa1b88701401d8d8f940.jpg,dfine,74f98887fbd002622c55ba2f195fb5d623cd2fe493176706c754e5e57dfb14d3,1300,975,1,0.0147085,990.7,30,0.730861,1,1,1,0.893094,1,1,1,0.893094
test/images/WEBFire1695_jpg.rf.ea1249bacca8fa1b88701401d8d8f940.jpg,yolo,74f98887fbd002622c55ba2f195fb5d623cd2fe493176706c754e5e57dfb14d3,1300,975,1,0.0147085,1968.7,1,0.398960,1,1,0,0.496242,0,0,0,0.000000
test/images/WEBFire1695_jpg.rf.ea1249bacca8fa1b88701401d8d8f940.jpg,soul,74f98887fbd002622c55ba2f195fb5d623cd2fe493176706c754e5e57dfb14d3,1300,975,1,0.0147085,165.1,2,0.078947,0,0,0,0.000000,0,0,0,0.000000
test/images/WEBFire1723_jpg.rf.e0f0ecd5c2e04ac4342379d32b8b1999.jpg,dfire_yolov8n,d0cab88b4935b2c177e9f1031b09ca8617a5573d8b484a5096edf110e2ec322e,1076,606,4,0.0099378,136.4,5,0.530218,1,1,1,0.838095,1,1,1,0.838095
test/images/WEBFire1723_jpg.rf.e0f0ecd5c2e04ac4342379d32b8b1999.jpg,dfine,d0cab88b4935b2c177e9f1031b09ca8617a5573d8b484a5096edf110e2ec322e,1076,606,4,0.0099378,909.7,85,0.717112,1,1,1,0.770554,1,1,1,0.770554
test/images/WEBFire1723_jpg.rf.e0f0ecd5c2e04ac4342379d32b8b1999.jpg,yolo,d0cab88b4935b2c177e9f1031b09ca8617a5573d8b484a5096edf110e2ec322e,1076,606,4,0.0099378,2021.6,10,0.488965,1,1,1,0.701897,0,0,0,0.000000
test/images/WEBFire1723_jpg.rf.e0f0ecd5c2e04ac4342379d32b8b1999.jpg,soul,d0cab88b4935b2c177e9f1031b09ca8617a5573d8b484a5096edf110e2ec322e,1076,606,4,0.0099378,161.6,6,0.446425,1,1,1,0.784837,0,0,0,0.000000
test/images/WEBFire1733_jpg.rf.f5d3b42991ba40688b38c4860dca3c04.jpg,dfire_yolov8n,621626058eecc81745cf342d83050f93905c49068d0b5eb110889c7af3efd73a,1075,708,2,0.1298384,149.5,4,0.752160,1,1,1,0.860383,1,1,1,0.860383
test/images/WEBFire1733_jpg.rf.f5d3b42991ba40688b38c4860dca3c04.jpg,dfine,621626058eecc81745cf342d83050f93905c49068d0b5eb110889c7af3efd73a,1075,708,2,0.1298384,934.7,91,0.757766,1,1,1,0.965490,1,1,1,0.965490
test/images/WEBFire1733_jpg.rf.f5d3b42991ba40688b38c4860dca3c04.jpg,yolo,621626058eecc81745cf342d83050f93905c49068d0b5eb110889c7af3efd73a,1075,708,2,0.1298384,1931.5,5,0.739289,1,1,1,0.927126,1,1,1,0.927126
test/images/WEBFire1733_jpg.rf.f5d3b42991ba40688b38c4860dca3c04.jpg,soul,621626058eecc81745cf342d83050f93905c49068d0b5eb110889c7af3efd73a,1075,708,2,0.1298384,166.1,4,0.677412,1,0,0,0.174480,1,0,0,0.174480
test/images/WEBFire1734_jpg.rf.6cb2191837a0af8e70c4d350d7644312.jpg,dfire_yolov8n,4cb41c0410d2ef0fe0599d74e29e240057e134d6cffdffa8143f8d2677d3e75b,775,584,1,0.0096774,161.6,2,0.495895,1,1,0,0.357527,0,0,0,0.000000
test/images/WEBFire1734_jpg.rf.6cb2191837a0af8e70c4d350d7644312.jpg,dfine,4cb41c0410d2ef0fe0599d74e29e240057e134d6cffdffa8143f8d2677d3e75b,775,584,1,0.0096774,969.8,32,0.619962,1,1,1,0.829243,1,1,1,0.829243
test/images/WEBFire1734_jpg.rf.6cb2191837a0af8e70c4d350d7644312.jpg,yolo,4cb41c0410d2ef0fe0599d74e29e240057e134d6cffdffa8143f8d2677d3e75b,775,584,1,0.0096774,1775.2,3,0.510451,1,1,1,0.854735,1,1,0,0.371700
test/images/WEBFire1734_jpg.rf.6cb2191837a0af8e70c4d350d7644312.jpg,soul,4cb41c0410d2ef0fe0599d74e29e240057e134d6cffdffa8143f8d2677d3e75b,775,584,1,0.0096774,110.3,2,0.790419,1,1,0,0.370130,1,1,0,0.370130
test/images/WEBFire1745_jpg.rf.6ec10458106234f75656a63bfdbd1a38.jpg,dfire_yolov8n,b590561911dd85e6ff49b77d5df9e1256f3bb1ae81d050030f3eaaef74a4dfdf,1071,634,6,0.0026421,117.6,3,0.472825,1,1,1,0.501285,0,0,0,0.000000
test/images/WEBFire1745_jpg.rf.6ec10458106234f75656a63bfdbd1a38.jpg,dfine,b590561911dd85e6ff49b77d5df9e1256f3bb1ae81d050030f3eaaef74a4dfdf,1071,634,6,0.0026421,919.6,45,0.250898,1,1,0,0.466926,0,0,0,0.000000
test/images/WEBFire1745_jpg.rf.6ec10458106234f75656a63bfdbd1a38.jpg,yolo,b590561911dd85e6ff49b77d5df9e1256f3bb1ae81d050030f3eaaef74a4dfdf,1071,634,6,0.0026421,1823.5,5,0.163469,0,0,0,0.000000,0,0,0,0.000000
test/images/WEBFire1745_jpg.rf.6ec10458106234f75656a63bfdbd1a38.jpg,soul,b590561911dd85e6ff49b77d5df9e1256f3bb1ae81d050030f3eaaef74a4dfdf,1071,634,6,0.0026421,121.8,3,0.328806,1,0,0,0.025898,0,0,0,0.000000
test/images/WEBFire1757_jpg.rf.831fb170205f17af7693b92ff461ecd8.jpg,dfire_yolov8n,151b80cacc201cca7fcd9394f5c2a6fa8b1975fb42d59c0f4bacacdc8c455bca,757,524,1,0.0097563,134.8,8,0.526587,1,1,1,0.864813,1,1,0,0.451226
test/images/WEBFire1757_jpg.rf.831fb170205f17af7693b92ff461ecd8.jpg,dfine,151b80cacc201cca7fcd9394f5c2a6fa8b1975fb42d59c0f4bacacdc8c455bca,757,524,1,0.0097563,836.3,64,0.652832,1,1,1,0.904358,1,1,1,0.904358
test/images/WEBFire1757_jpg.rf.831fb170205f17af7693b92ff461ecd8.jpg,yolo,151b80cacc201cca7fcd9394f5c2a6fa8b1975fb42d59c0f4bacacdc8c455bca,757,524,1,0.0097563,1590.0,6,0.362563,1,1,1,0.788279,0,0,0,0.000000
test/images/WEBFire1757_jpg.rf.831fb170205f17af7693b92ff461ecd8.jpg,soul,151b80cacc201cca7fcd9394f5c2a6fa8b1975fb42d59c0f4bacacdc8c455bca,757,524,1,0.0097563,115.2,6,0.572075,1,1,0,0.409212,1,1,0,0.409212
test/images/WEBFire1761_jpg.rf.6ed417525848bc0638d7c76b744f6e04.jpg,dfire_yolov8n,f0c8b6717aba7ca7d34114d06812242e6d4a43c2835ad966509b55ab184128d0,1007,658,4,0.0030878,121.4,7,0.562015,1,1,1,0.875000,1,1,1,0.848214
test/images/WEBFire1761_jpg.rf.6ed417525848bc0638d7c76b744f6e04.jpg,dfine,f0c8b6717aba7ca7d34114d06812242e6d4a43c2835ad966509b55ab184128d0,1007,658,4,0.0030878,931.8,41,0.768143,1,1,1,0.900256,1,1,1,0.900256
test/images/WEBFire1761_jpg.rf.6ed417525848bc0638d7c76b744f6e04.jpg,yolo,f0c8b6717aba7ca7d34114d06812242e6d4a43c2835ad966509b55ab184128d0,1007,658,4,0.0030878,1740.2,2,0.207396,0,0,0,0.000000,0,0,0,0.000000
test/images/WEBFire1761_jpg.rf.6ed417525848bc0638d7c76b744f6e04.jpg,soul,f0c8b6717aba7ca7d34114d06812242e6d4a43c2835ad966509b55ab184128d0,1007,658,4,0.0030878,132.4,2,0.368807,1,1,1,0.682471,0,0,0,0.000000
test/images/WEBFire1770_jpg.rf.e2ee13c9c5b0716202a945401ac06438.jpg,dfire_yolov8n,5595ed040b8131b8c553935464d98c20eb2ee5d61eb66b21ac26d367bae0bed9,803,531,1,0.0078801,151.6,4,0.273678,1,0,0,0.288958,0,0,0,0.000000
test/images/WEBFire1770_jpg.rf.e2ee13c9c5b0716202a945401ac06438.jpg,dfine,5595ed040b8131b8c553935464d98c20eb2ee5d61eb66b21ac26d367bae0bed9,803,531,1,0.0078801,921.4,102,0.565681,1,1,1,0.672158,1,1,1,0.531309
test/images/WEBFire1770_jpg.rf.e2ee13c9c5b0716202a945401ac06438.jpg,yolo,5595ed040b8131b8c553935464d98c20eb2ee5d61eb66b21ac26d367bae0bed9,803,531,1,0.0078801,1894.9,10,0.224125,0,0,0,0.000000,0,0,0,0.000000
test/images/WEBFire1770_jpg.rf.e2ee13c9c5b0716202a945401ac06438.jpg,soul,5595ed040b8131b8c553935464d98c20eb2ee5d61eb66b21ac26d367bae0bed9,803,531,1,0.0078801,116.8,2,0.834995,1,0,0,0.089816,1,0,0,0.089816
test/images/WEBFire1771_jpg.rf.ee33acf31e1be20254e160ac4146911f.jpg,dfire_yolov8n,efe1a12ca3e05353e509c74b70c2abb3114b6bcc2f65c4ebaeba22b7588c9e1f,813,550,5,0.0106295,138.8,9,0.668116,1,1,1,0.710916,1,1,1,0.710916
test/images/WEBFire1771_jpg.rf.ee33acf31e1be20254e160ac4146911f.jpg,dfine,efe1a12ca3e05353e509c74b70c2abb3114b6bcc2f65c4ebaeba22b7588c9e1f,813,550,5,0.0106295,826.5,82,0.700136,1,1,1,0.801980,1,1,1,0.640884
test/images/WEBFire1771_jpg.rf.ee33acf31e1be20254e160ac4146911f.jpg,yolo,efe1a12ca3e05353e509c74b70c2abb3114b6bcc2f65c4ebaeba22b7588c9e1f,813,550,5,0.0106295,1179.5,10,0.558989,1,1,1,0.715120,1,1,1,0.513478
test/images/WEBFire1771_jpg.rf.ee33acf31e1be20254e160ac4146911f.jpg,soul,efe1a12ca3e05353e509c74b70c2abb3114b6bcc2f65c4ebaeba22b7588c9e1f,813,550,5,0.0106295,57.4,5,0.669475,1,1,1,0.732394,1,1,0,0.367970
test/images/WEBFire1773_jpg.rf.9f15474b44332409a7eaab31ea115f58.jpg,dfire_yolov8n,17e08cfa591dab51284df22f9fe4806f3e350070a32c208f448031ecbced1668,1082,599,2,0.0065883,57.8,7,0.425955,1,1,1,0.619672,0,0,0,0.000000
test/images/WEBFire1773_jpg.rf.9f15474b44332409a7eaab31ea115f58.jpg,dfine,17e08cfa591dab51284df22f9fe4806f3e350070a32c208f448031ecbced1668,1082,599,2,0.0065883,420.9,92,0.384004,1,1,1,0.750833,0,0,0,0.000000
test/images/WEBFire1773_jpg.rf.9f15474b44332409a7eaab31ea115f58.jpg,yolo,17e08cfa591dab51284df22f9fe4806f3e350070a32c208f448031ecbced1668,1082,599,2,0.0065883,786.3,1,0.063399,0,0,0,0.000000,0,0,0,0.000000
test/images/WEBFire1773_jpg.rf.9f15474b44332409a7eaab31ea115f58.jpg,soul,17e08cfa591dab51284df22f9fe4806f3e350070a32c208f448031ecbced1668,1082,599,2,0.0065883,672.0,7,0.253342,1,0,0,0.005236,0,0,0,0.000000
test/images/WEBFire1774_jpg.rf.06f050091b9dae1b1faece11f9a88719.jpg,dfire_yolov8n,f9cf5884e03e3e1c31b8530693527bccf32a3503acdbd0b86a67a7ef510622c8,1040,676,8,0.0097932,775.4,17,0.404493,1,1,1,0.606838,0,0,0,0.000000
test/images/WEBFire1774_jpg.rf.06f050091b9dae1b1faece11f9a88719.jpg,dfine,f9cf5884e03e3e1c31b8530693527bccf32a3503acdbd0b86a67a7ef510622c8,1040,676,8,0.0097932,2933.1,46,0.653892,1,1,1,0.916667,1,1,0,0.425235
test/images/WEBFire1774_jpg.rf.06f050091b9dae1b1faece11f9a88719.jpg,yolo,f9cf5884e03e3e1c31b8530693527bccf32a3503acdbd0b86a67a7ef510622c8,1040,676,8,0.0097932,4498.6,6,0.442373,1,1,0,0.467967,0,0,0,0.000000
test/images/WEBFire1774_jpg.rf.06f050091b9dae1b1faece11f9a88719.jpg,soul,f9cf5884e03e3e1c31b8530693527bccf32a3503acdbd0b86a67a7ef510622c8,1040,676,8,0.0097932,578.6,3,0.610092,1,1,1,0.774059,1,1,1,0.774059
test/images/WEBFire1798_jpg.rf.85d93f9b2d2db965ce4d7e053fb62d72.jpg,dfire_yolov8n,0fcf329766d51e1ca6713a1332cf203ddaf91038bb965787defadeb8fbae7859,1072,668,4,0.0154155,853.2,11,0.745698,1,1,1,0.864758,1,1,1,0.864758
test/images/WEBFire1798_jpg.rf.85d93f9b2d2db965ce4d7e053fb62d72.jpg,dfine,0fcf329766d51e1ca6713a1332cf203ddaf91038bb965787defadeb8fbae7859,1072,668,4,0.0154155,1112.8,53,0.687629,1,1,1,0.852941,1,1,1,0.852941
test/images/WEBFire1798_jpg.rf.85d93f9b2d2db965ce4d7e053fb62d72.jpg,yolo,0fcf329766d51e1ca6713a1332cf203ddaf91038bb965787defadeb8fbae7859,1072,668,4,0.0154155,683.7,4,0.549212,1,1,1,0.832714,1,1,1,0.807621
test/images/WEBFire1798_jpg.rf.85d93f9b2d2db965ce4d7e053fb62d72.jpg,soul,0fcf329766d51e1ca6713a1332cf203ddaf91038bb965787defadeb8fbae7859,1072,668,4,0.0154155,58.5,5,0.442083,1,1,0,0.485960,0,0,0,0.000000
test/images/WEBFire184_jpg.rf.789ec13fae3f5dd81fc556151f00ad79.jpg,dfire_yolov8n,4cb5017fa51a78a619c71ada90d6e73137615059ac8e17ffd719007cfb29852b,1032,576,5,0.0340207,57.1,16,0.801070,1,1,1,0.792837,1,1,1,0.792837
test/images/WEBFire184_jpg.rf.789ec13fae3f5dd81fc556151f00ad79.jpg,dfine,4cb5017fa51a78a619c71ada90d6e73137615059ac8e17ffd719007cfb29852b,1032,576,5,0.0340207,416.8,73,0.669487,1,1,1,0.901350,1,1,1,0.901350
test/images/WEBFire184_jpg.rf.789ec13fae3f5dd81fc556151f00ad79.jpg,yolo,4cb5017fa51a78a619c71ada90d6e73137615059ac8e17ffd719007cfb29852b,1032,576,5,0.0340207,721.0,21,0.618383,1,1,1,0.806324,1,0,0,0.160461
test/images/WEBFire184_jpg.rf.789ec13fae3f5dd81fc556151f00ad79.jpg,soul,4cb5017fa51a78a619c71ada90d6e73137615059ac8e17ffd719007cfb29852b,1032,576,5,0.0340207,57.1,4,0.570480,1,0,0,0.174949,1,0,0,0.174949
test/images/WEBFire1862_jpg.rf.53a26be4e521b88b10b1f1f2ead8e20e.jpg,dfire_yolov8n,80caadd23c525f0c9313807f0db7e1c1e3df23277bb9ed0e6eaad3ae0f35a3a9,1024,683,1,0.4203651,61.6,1,0.582291,1,1,1,0.938547,1,1,1,0.938547
test/images/WEBFire1862_jpg.rf.53a26be4e521b88b10b1f1f2ead8e20e.jpg,dfine,80caadd23c525f0c9313807f0db7e1c1e3df23277bb9ed0e6eaad3ae0f35a3a9,1024,683,1,0.4203651,596.3,35,0.891887,1,1,1,0.920176,1,1,1,0.920176
test/images/WEBFire1862_jpg.rf.53a26be4e521b88b10b1f1f2ead8e20e.jpg,yolo,80caadd23c525f0c9313807f0db7e1c1e3df23277bb9ed0e6eaad3ae0f35a3a9,1024,683,1,0.4203651,4969.7,1,0.737800,1,1,1,0.837758,1,1,1,0.837758
test/images/WEBFire1862_jpg.rf.53a26be4e521b88b10b1f1f2ead8e20e.jpg,soul,80caadd23c525f0c9313807f0db7e1c1e3df23277bb9ed0e6eaad3ae0f35a3a9,1024,683,1,0.4203651,573.2,0,0.000000,0,0,0,0.000000,0,0,0,0.000000
test/images/WEBFire1869_jpg.rf.c41ad3191ac9d229823e3df8c4bad0e8.jpg,dfire_yolov8n,9caa5be3898e812d8303cd567727e363bf3205ade40e58d5670f22c1c7fd3b15,1200,675,2,0.0046852,825.1,13,0.393871,1,1,1,0.693985,0,0,0,0.000000
test/images/WEBFire1869_jpg.rf.c41ad3191ac9d229823e3df8c4bad0e8.jpg,dfine,9caa5be3898e812d8303cd567727e363bf3205ade40e58d5670f22c1c7fd3b15,1200,675,2,0.0046852,1227.5,114,0.640112,1,1,1,0.761194,1,1,1,0.761194
test/images/WEBFire1869_jpg.rf.c41ad3191ac9d229823e3df8c4bad0e8.jpg,yolo,9caa5be3898e812d8303cd567727e363bf3205ade40e58d5670f22c1c7fd3b15,1200,675,2,0.0046852,772.9,16,0.578749,1,1,1,0.857092,1,0,0,0.000000
test/images/WEBFire1869_jpg.rf.c41ad3191ac9d229823e3df8c4bad0e8.jpg,soul,9caa5be3898e812d8303cd567727e363bf3205ade40e58d5670f22c1c7fd3b15,1200,675,2,0.0046852,61.9,4,0.745429,1,0,0,0.064673,1,0,0,0.064673
test/images/WEBFire1892_jpg.rf.97022190d9be211077918b6d50983158.jpg,dfire_yolov8n,6f6056820266db7869a42ea72c518989709243508c71f49e44100c93a2078295,1086,652,4,0.0357139,48.3,7,0.514895,1,1,1,0.889764,1,1,1,0.611842
test/images/WEBFire1892_jpg.rf.97022190d9be211077918b6d50983158.jpg,dfine,6f6056820266db7869a42ea72c518989709243508c71f49e44100c93a2078295,1086,652,4,0.0357139,433.6,58,0.677883,1,1,1,0.838235,1,1,1,0.838235
test/images/WEBFire1892_jpg.rf.97022190d9be211077918b6d50983158.jpg,yolo,6f6056820266db7869a42ea72c518989709243508c71f49e44100c93a2078295,1086,652,4,0.0357139,731.0,6,0.484782,1,1,1,0.565541,0,0,0,0.000000
test/images/WEBFire1892_jpg.rf.97022190d9be211077918b6d50983158.jpg,soul,6f6056820266db7869a42ea72c518989709243508c71f49e44100c93a2078295,1086,652,4,0.0357139,59.0,5,0.635028,1,1,1,0.724675,1,1,1,0.724675
test/images/WEBFire1907_jpg.rf.02c924b1a51cd88ae03743545cf667bc.jpg,dfire_yolov8n,f6955aeda126d0784b488358d805988f7469762cf66ef3f3c985d14f513941cf,1848,923,2,0.3254592,57.6,3,0.719592,1,1,1,0.964367,1,1,1,0.964367
test/images/WEBFire1907_jpg.rf.02c924b1a51cd88ae03743545cf667bc.jpg,dfine,f6955aeda126d0784b488358d805988f7469762cf66ef3f3c985d14f513941cf,1848,923,2,0.3254592,528.9,21,0.880279,1,1,1,0.954641,1,1,1,0.954641
test/images/WEBFire1907_jpg.rf.02c924b1a51cd88ae03743545cf667bc.jpg,yolo,f6955aeda126d0784b488358d805988f7469762cf66ef3f3c985d14f513941cf,1848,923,2,0.3254592,712.7,2,0.772215,1,1,1,0.936047,1,1,1,0.936047
test/images/WEBFire1907_jpg.rf.02c924b1a51cd88ae03743545cf667bc.jpg,soul,f6955aeda126d0784b488358d805988f7469762cf66ef3f3c985d14f513941cf,1848,923,2,0.3254592,63.4,4,0.790067,1,1,1,0.913518,1,1,1,0.913518
test/images/WEBFire1908_jpg.rf.35737fd31eb62b5d622106eaeca950f0.jpg,dfire_yolov8n,7e3b59cdfe673788a0edec5f092cfa9cfa67835c18d40e78559fd561f97a442e,1840,931,1,0.1629699,57.4,2,0.811806,1,1,1,0.951922,1,1,1,0.951922
test/images/WEBFire1908_jpg.rf.35737fd31eb62b5d622106eaeca950f0.jpg,dfine,7e3b59cdfe673788a0edec5f092cfa9cfa67835c18d40e78559fd561f97a442e,1840,931,1,0.1629699,505.3,12,0.902930,1,1,1,0.906945,1,1,1,0.906945
test/images/WEBFire1908_jpg.rf.35737fd31eb62b5d622106eaeca950f0.jpg,yolo,7e3b59cdfe673788a0edec5f092cfa9cfa67835c18d40e78559fd561f97a442e,1840,931,1,0.1629699,705.5,1,0.868301,1,1,1,0.915554,1,1,1,0.915554
test/images/WEBFire1908_jpg.rf.35737fd31eb62b5d622106eaeca950f0.jpg,soul,7e3b59cdfe673788a0edec5f092cfa9cfa67835c18d40e78559fd561f97a442e,1840,931,1,0.1629699,59.2,1,0.831778,1,1,1,0.786430,1,1,1,0.786430
test/images/WEBFire1910_jpg.rf.9c3c696b01189274bb071581fb87aabc.jpg,dfire_yolov8n,635b6baa407d32e5546e9f54ddd15160fa3b00decf9d3565fc9d080242129088,1846,922,1,0.2747948,63.7,6,0.677274,1,1,0,0.448779,1,0,0,0.279601
test/images/WEBFire1910_jpg.rf.9c3c696b01189274bb071581fb87aabc.jpg,dfine,635b6baa407d32e5546e9f54ddd15160fa3b00decf9d3565fc9d080242129088,1846,922,1,0.2747948,427.0,61,0.754411,1,1,1,0.891150,1,1,1,0.891150
test/images/WEBFire1910_jpg.rf.9c3c696b01189274bb071581fb87aabc.jpg,yolo,635b6baa407d32e5546e9f54ddd15160fa3b00decf9d3565fc9d080242129088,1846,922,1,0.2747948,711.2,6,0.541333,1,1,1,0.581963,1,1,1,0.581963
test/images/WEBFire1910_jpg.rf.9c3c696b01189274bb071581fb87aabc.jpg,soul,635b6baa407d32e5546e9f54ddd15160fa3b00decf9d3565fc9d080242129088,1846,922,1,0.2747948,56.7,5,0.795027,1,1,0,0.302581,1,1,0,0.302581
test/images/WEBFire1956_jpg.rf.8133eb52fecd9c4bb3d4ef330f1b94d5.jpg,dfire_yolov8n,70e9d1d914c9b0abaec0bcc6c2ae466d84284148a978d63f1099d723925e10c5,1140,641,14,0.0298711,52.0,22,0.782617,1,1,1,0.876979,1,1,1,0.876979
test/images/WEBFire1956_jpg.rf.8133eb52fecd9c4bb3d4ef330f1b94d5.jpg,dfine,70e9d1d914c9b0abaec0bcc6c2ae466d84284148a978d63f1099d723925e10c5,1140,641,14,0.0298711,512.1,110,0.815373,1,1,1,0.934909,1,1,1,0.934909
test/images/WEBFire1956_jpg.rf.8133eb52fecd9c4bb3d4ef330f1b94d5.jpg,yolo,70e9d1d914c9b0abaec0bcc6c2ae466d84284148a978d63f1099d723925e10c5,1140,641,14,0.0298711,738.0,22,0.590822,1,1,1,0.932764,1,1,1,0.932764
test/images/WEBFire1956_jpg.rf.8133eb52fecd9c4bb3d4ef330f1b94d5.jpg,soul,70e9d1d914c9b0abaec0bcc6c2ae466d84284148a978d63f1099d723925e10c5,1140,641,14,0.0298711,56.6,4,0.656354,1,1,0,0.396280,1,1,0,0.396280
test/images/WEBFire1985_jpg.rf.8b5b74d6e405d9a12c1bdf1bd7ff9007.jpg,dfire_yolov8n,981b15b2d13d43fd47a962d8679b2abc5558339803b4898b1a5ae7b5ca7e9926,800,556,7,0.0044964,57.0,11,0.774652,1,1,1,0.842105,1,1,1,0.842105
test/images/WEBFire1985_jpg.rf.8b5b74d6e405d9a12c1bdf1bd7ff9007.jpg,dfine,981b15b2d13d43fd47a962d8679b2abc5558339803b4898b1a5ae7b5ca7e9926,800,556,7,0.0044964,472.7,62,0.690875,1,1,1,0.925926,1,1,1,0.827586
test/images/WEBFire1985_jpg.rf.8b5b74d6e405d9a12c1bdf1bd7ff9007.jpg,yolo,981b15b2d13d43fd47a962d8679b2abc5558339803b4898b1a5ae7b5ca7e9926,800,556,7,0.0044964,520.5,12,0.556808,1,1,1,0.805153,1,1,0,0.495238
test/images/WEBFire1985_jpg.rf.8b5b74d6e405d9a12c1bdf1bd7ff9007.jpg,soul,981b15b2d13d43fd47a962d8679b2abc5558339803b4898b1a5ae7b5ca7e9926,800,556,7,0.0044964,33.8,13,0.772325,1,1,1,0.891429,1,1,1,0.891429
test/images/WEBFire2019_jpg.rf.d28c2d3a4e58375d7d4b8855026ef54d.jpg,dfire_yolov8n,7063ae61f2ee10e4f93f08b985f854aebd27ca4b31af727610670ce9676108a7,720,768,2,0.0184408,32.4,3,0.597697,1,1,1,0.871972,1,1,1,0.871972
test/images/WEBFire2019_jpg.rf.d28c2d3a4e58375d7d4b8855026ef54d.jpg,dfine,7063ae61f2ee10e4f93f08b985f854aebd27ca4b31af727610670ce9676108a7,720,768,2,0.0184408,300.9,71,0.626146,1,1,1,0.847308,1,1,1,0.847308
test/images/WEBFire2019_jpg.rf.d28c2d3a4e58375d7d4b8855026ef54d.jpg,yolo,7063ae61f2ee10e4f93f08b985f854aebd27ca4b31af727610670ce9676108a7,720,768,2,0.0184408,1017.5,3,0.528863,1,1,1,0.840830,1,1,1,0.691576
test/images/WEBFire2019_jpg.rf.d28c2d3a4e58375d7d4b8855026ef54d.jpg,soul,7063ae61f2ee10e4f93f08b985f854aebd27ca4b31af727610670ce9676108a7,720,768,2,0.0184408,46.1,4,0.640806,1,1,1,0.798536,1,1,1,0.728571
test/images/WEBFire2036_jpg.rf.8bfde332b2528aff2c84e7d5719161b1.jpg,dfire_yolov8n,fc29669968132119d647ad8981beb5b488b05fcf74d7db0de51b78685611465f,900,600,2,0.0035000,39.5,3,0.793062,1,1,1,0.902186,1,1,1,0.902186
test/images/WEBFire2036_jpg.rf.8bfde332b2528aff2c84e7d5719161b1.jpg,dfine,fc29669968132119d647ad8981beb5b488b05fcf74d7db0de51b78685611465f,900,600,2,0.0035000,378.1,28,0.659118,1,1,1,0.811594,1,1,1,0.811594
test/images/WEBFire2036_jpg.rf.8bfde332b2528aff2c84e7d5719161b1.jpg,yolo,fc29669968132119d647ad8981beb5b488b05fcf74d7db0de51b78685611465f,900,600,2,0.0035000,538.1,2,0.635956,1,1,1,0.869438,1,1,1,0.869438
test/images/WEBFire2036_jpg.rf.8bfde332b2528aff2c84e7d5719161b1.jpg,soul,fc29669968132119d647ad8981beb5b488b05fcf74d7db0de51b78685611465f,900,600,2,0.0035000,38.1,4,0.677414,1,1,1,0.869208,1,1,1,0.869208
test/images/WEBFire2044_jpg.rf.3f9ad6cf61318355b21aae35cd602d8f.jpg,dfire_yolov8n,8463ab85ce4161513c337ad457f5ad4624981f0a0623a15daae7784217b59fe2,700,933,4,0.0057755,36.8,3,0.608797,1,0,0,0.118326,1,0,0,0.118326
test/images/WEBFire2044_jpg.rf.3f9ad6cf61318355b21aae35cd602d8f.jpg,dfine,8463ab85ce4161513c337ad457f5ad4624981f0a0623a15daae7784217b59fe2,700,933,4,0.0057755,328.7,59,0.611846,1,1,1,0.769231,1,0,0,0.129236
test/images/WEBFire2044_jpg.rf.3f9ad6cf61318355b21aae35cd602d8f.jpg,yolo,8463ab85ce4161513c337ad457f5ad4624981f0a0623a15daae7784217b59fe2,700,933,4,0.0057755,797.8,4,0.493238,1,0,0,0.135333,0,0,0,0.000000
test/images/WEBFire2044_jpg.rf.3f9ad6cf61318355b21aae35cd602d8f.jpg,soul,8463ab85ce4161513c337ad457f5ad4624981f0a0623a15daae7784217b59fe2,700,933,4,0.0057755,125.0,1,0.736729,1,0,0,0.042821,1,0,0,0.042821
test/images/WEBFire204_jpg.rf.31f6a8700bf9410ea29c7b28960b80fd.jpg,dfire_yolov8n,00b4f4fe73d1abdb4ea1647ca550ab9b820e6de42c5a090c9c8a70482d99fec9,1280,720,7,0.0518652,120.6,11,0.818345,1,1,1,0.936904,1,1,1,0.929787
test/images/WEBFire204_jpg.rf.31f6a8700bf9410ea29c7b28960b80fd.jpg,dfine,00b4f4fe73d1abdb4ea1647ca550ab9b820e6de42c5a090c9c8a70482d99fec9,1280,720,7,0.0518652,863.4,118,0.794405,1,1,1,0.966618,1,1,1,0.966618
test/images/WEBFire204_jpg.rf.31f6a8700bf9410ea29c7b28960b80fd.jpg,yolo,00b4f4fe73d1abdb4ea1647ca550ab9b820e6de42c5a090c9c8a70482d99fec9,1280,720,7,0.0518652,1710.1,13,0.651852,1,1,1,0.992424,1,1,1,0.992424
test/images/WEBFire204_jpg.rf.31f6a8700bf9410ea29c7b28960b80fd.jpg,soul,00b4f4fe73d1abdb4ea1647ca550ab9b820e6de42c5a090c9c8a70482d99fec9,1280,720,7,0.0518652,138.3,6,0.846684,1,1,1,0.960538,1,1,1,0.960538
test/images/WEBFire2060_jpg.rf.14fbefabe641ad2ddeeec49039d92395.jpg,dfire_yolov8n,f9c62a0dd7d69c32e3da738970b5b20b60e09d675b464e7cafc905190859b9de,1200,630,2,0.0150212,136.6,4,0.379928,1,1,1,0.935294,0,0,0,0.000000
test/images/WEBFire2060_jpg.rf.14fbefabe641ad2ddeeec49039d92395.jpg,dfine,f9c62a0dd7d69c32e3da738970b5b20b60e09d675b464e7cafc905190859b9de,1200,630,2,0.0150212,900.0,138,0.622358,1,1,1,0.771961,1,1,0,0.314170
test/images/WEBFire2060_jpg.rf.14fbefabe641ad2ddeeec49039d92395.jpg,yolo,f9c62a0dd7d69c32e3da738970b5b20b60e09d675b464e7cafc905190859b9de,1200,630,2,0.0150212,1821.8,0,0.000000,0,0,0,0.000000,0,0,0,0.000000
test/images/WEBFire2060_jpg.rf.14fbefabe641ad2ddeeec49039d92395.jpg,soul,f9c62a0dd7d69c32e3da738970b5b20b60e09d675b464e7cafc905190859b9de,1200,630,2,0.0150212,143.7,10,0.631735,1,1,1,0.674027,1,1,1,0.674027
test/images/WEBFire2131_jpg.rf.dcad3d9387d31bb12a8b0a587dae0f67.jpg,dfire_yolov8n,9be7d32ca8b6c69bed9d5c663f3a808fb07cf20c4f74a2867e92f84642a2b667,772,600,1,0.0152677,135.6,4,0.779895,1,1,1,0.709470,1,1,1,0.709470
test/images/WEBFire2131_jpg.rf.dcad3d9387d31bb12a8b0a587dae0f67.jpg,dfine,9be7d32ca8b6c69bed9d5c663f3a808fb07cf20c4f74a2867e92f84642a2b667,772,600,1,0.0152677,914.5,23,0.813088,1,1,1,0.750492,1,1,1,0.750492
test/images/WEBFire2131_jpg.rf.dcad3d9387d31bb12a8b0a587dae0f67.jpg,yolo,9be7d32ca8b6c69bed9d5c663f3a808fb07cf20c4f74a2867e92f84642a2b667,772,600,1,0.0152677,1783.3,6,0.707026,1,1,1,0.746787,1,1,1,0.746787
test/images/WEBFire2131_jpg.rf.dcad3d9387d31bb12a8b0a587dae0f67.jpg,soul,9be7d32ca8b6c69bed9d5c663f3a808fb07cf20c4f74a2867e92f84642a2b667,772,600,1,0.0152677,122.7,3,0.874100,1,1,1,0.670252,1,1,1,0.670252
test/images/WEBFire2138_jpg.rf.7292d985e9a4322947803bd659b72e05.jpg,dfire_yolov8n,2caa960a5f2f7339fbff2a858a6fd739ba982c139a89f2533eb6df4866b271f6,1000,666,5,0.0009129,123.0,7,0.655192,1,0,0,0.290323,1,0,0,0.134188
test/images/WEBFire2138_jpg.rf.7292d985e9a4322947803bd659b72e05.jpg,dfine,2caa960a5f2f7339fbff2a858a6fd739ba982c139a89f2533eb6df4866b271f6,1000,666,5,0.0009129,852.9,49,0.700652,1,1,1,0.785915,1,0,0,0.258621
test/images/WEBFire2138_jpg.rf.7292d985e9a4322947803bd659b72e05.jpg,yolo,2caa960a5f2f7339fbff2a858a6fd739ba982c139a89f2533eb6df4866b271f6,1000,666,5,0.0009129,1674.0,10,0.602038,1,0,0,0.263672,1,0,0,0.000000
test/images/WEBFire2138_jpg.rf.7292d985e9a4322947803bd659b72e05.jpg,soul,2caa960a5f2f7339fbff2a858a6fd739ba982c139a89f2533eb6df4866b271f6,1000,666,5,0.0009129,121.4,3,0.503818,1,0,0,0.251638,1,0,0,0.251638
test/images/WEBFire2154_jpg.rf.fe25c31e13eca6f9cde0933c8686acd8.jpg,dfire_yolov8n,c122a89ecd51f7d5ee2b375993c962e392ff2c5860a1662122dba38ea4769016,984,616,10,0.0216186,105.2,7,0.766577,1,1,1,0.843080,1,1,1,0.843080
test/images/WEBFire2154_jpg.rf.fe25c31e13eca6f9cde0933c8686acd8.jpg,dfine,c122a89ecd51f7d5ee2b375993c962e392ff2c5860a1662122dba38ea4769016,984,616,10,0.0216186,865.6,78,0.841390,1,1,1,0.875000,1,1,1,0.849640
test/images/WEBFire2154_jpg.rf.fe25c31e13eca6f9cde0933c8686acd8.jpg,yolo,c122a89ecd51f7d5ee2b375993c962e392ff2c5860a1662122dba38ea4769016,984,616,10,0.0216186,1373.8,8,0.757142,1,1,1,0.805211,1,1,1,0.805211
test/images/WEBFire2154_jpg.rf.fe25c31e13eca6f9cde0933c8686acd8.jpg,soul,c122a89ecd51f7d5ee2b375993c962e392ff2c5860a1662122dba38ea4769016,984,616,10,0.0216186,36.8,3,0.563759,1,1,1,0.847991,1,0,0,0.048651
test/images/WEBFire2155_jpg.rf.0b6266d556c0a4e4bb56510b232cbea9.jpg,dfire_yolov8n,3c753a7b83e80eff51158d3e36f0ba19fb38bcfcdcb319c22491e41d9aa61e97,960,580,3,0.0023940,37.2,6,0.508624,1,1,1,0.656716,1,1,1,0.613615
test/images/WEBFire2155_jpg.rf.0b6266d556c0a4e4bb56510b232cbea9.jpg,dfine,3c753a7b83e80eff51158d3e36f0ba19fb38bcfcdcb319c22491e41d9aa61e97,960,580,3,0.0023940,276.1,138,0.572512,1,1,1,0.840782,1,1,1,0.840782
test/images/WEBFire2155_jpg.rf.0b6266d556c0a4e4bb56510b232cbea9.jpg,yolo,3c753a7b83e80eff51158d3e36f0ba19fb38bcfcdcb319c22491e41d9aa61e97,960,580,3,0.0023940,716.3,3,0.094907,0,0,0,0.000000,0,0,0,0.000000
test/images/WEBFire2155_jpg.rf.0b6266d556c0a4e4bb56510b232cbea9.jpg,soul,3c753a7b83e80eff51158d3e36f0ba19fb38bcfcdcb319c22491e41d9aa61e97,960,580,3,0.0023940,56.1,7,0.568744,1,0,0,0.089891,1,0,0,0.089891
test/images/WEBFire244_jpg.rf.a297e2a92df7425e8e35e829d29274f9.jpg,dfire_yolov8n,52ecada8fd3d79fb2ad91d85a2cd90088803512a9e3bc270bf8c28a8a762a53f,1280,720,8,0.0693381,59.5,16,0.809430,1,1,1,0.875540,1,1,1,0.875540
test/images/WEBFire244_jpg.rf.a297e2a92df7425e8e35e829d29274f9.jpg,dfine,52ecada8fd3d79fb2ad91d85a2cd90088803512a9e3bc270bf8c28a8a762a53f,1280,720,8,0.0693381,419.3,40,0.841754,1,1,1,0.877568,1,1,1,0.877568
test/images/WEBFire244_jpg.rf.a297e2a92df7425e8e35e829d29274f9.jpg,yolo,52ecada8fd3d79fb2ad91d85a2cd90088803512a9e3bc270bf8c28a8a762a53f,1280,720,8,0.0693381,728.5,11,0.749159,1,1,1,0.846715,1,1,1,0.846715
test/images/WEBFire244_jpg.rf.a297e2a92df7425e8e35e829d29274f9.jpg,soul,52ecada8fd3d79fb2ad91d85a2cd90088803512a9e3bc270bf8c28a8a762a53f,1280,720,8,0.0693381,64.9,1,0.849618,1,1,1,0.752978,1,1,1,0.752978
test/images/WEBFire250_jpg.rf.42106697f931c3aea946f0dde856c9a6.jpg,dfire_yolov8n,bd43924540357b2af2ee14bec7e36fae0c07b6b39d8c29cd515c0d792667708b,1280,720,6,0.0642405,62.4,9,0.795272,1,1,1,0.929172,1,1,1,0.929172
test/images/WEBFire250_jpg.rf.42106697f931c3aea946f0dde856c9a6.jpg,dfine,bd43924540357b2af2ee14bec7e36fae0c07b6b39d8c29cd515c0d792667708b,1280,720,6,0.0642405,447.1,42,0.827347,1,1,1,0.886741,1,1,1,0.886741
test/images/WEBFire250_jpg.rf.42106697f931c3aea946f0dde856c9a6.jpg,yolo,bd43924540357b2af2ee14bec7e36fae0c07b6b39d8c29cd515c0d792667708b,1280,720,6,0.0642405,717.7,8,0.691164,1,1,1,0.896899,1,1,1,0.896899
test/images/WEBFire250_jpg.rf.42106697f931c3aea946f0dde856c9a6.jpg,soul,bd43924540357b2af2ee14bec7e36fae0c07b6b39d8c29cd515c0d792667708b,1280,720,6,0.0642405,61.5,2,0.886732,1,1,1,0.774942,1,1,1,0.774942
test/images/WEBFire261_jpg.rf.4540178a85dfb1e93cabdccc0050f879.jpg,dfire_yolov8n,70a5469abe62e4604ee85023ce34c1ad2de93fd0b3f2702786bc2d7ee88175c8,1280,720,3,0.0128385,53.5,6,0.758723,1,1,1,0.866101,1,1,1,0.866101
test/images/WEBFire261_jpg.rf.4540178a85dfb1e93cabdccc0050f879.jpg,dfine,70a5469abe62e4604ee85023ce34c1ad2de93fd0b3f2702786bc2d7ee88175c8,1280,720,3,0.0128385,469.5,38,0.814264,1,1,1,0.866715,1,1,1,0.866715
test/images/WEBFire261_jpg.rf.4540178a85dfb1e93cabdccc0050f879.jpg,yolo,70a5469abe62e4604ee85023ce34c1ad2de93fd0b3f2702786bc2d7ee88175c8,1280,720,3,0.0128385,769.3,6,0.803583,1,1,1,0.898279,1,1,1,0.898279
test/images/WEBFire261_jpg.rf.4540178a85dfb1e93cabdccc0050f879.jpg,soul,70a5469abe62e4604ee85023ce34c1ad2de93fd0b3f2702786bc2d7ee88175c8,1280,720,3,0.0128385,65.3,6,0.765989,1,1,1,0.804801,1,1,1,0.804801
test/images/WEBFire270_jpg.rf.01ac6edb5cd26e0c879f58aca5a94550.jpg,dfire_yolov8n,28341acfc13b5c5eede240e6d06e3e97e94b2121a21190d80c5923158cf519dc,1280,720,7,0.0494705,79.5,11,0.767177,1,1,1,0.880993,1,1,1,0.880993
test/images/WEBFire270_jpg.rf.01ac6edb5cd26e0c879f58aca5a94550.jpg,dfine,28341acfc13b5c5eede240e6d06e3e97e94b2121a21190d80c5923158cf519dc,1280,720,7,0.0494705,494.2,125,0.783153,1,1,1,0.943662,1,1,1,0.943662
test/images/WEBFire270_jpg.rf.01ac6edb5cd26e0c879f58aca5a94550.jpg,yolo,28341acfc13b5c5eede240e6d06e3e97e94b2121a21190d80c5923158cf519dc,1280,720,7,0.0494705,733.8,14,0.720044,1,1,1,0.910263,1,1,1,0.910263
test/images/WEBFire270_jpg.rf.01ac6edb5cd26e0c879f58aca5a94550.jpg,soul,28341acfc13b5c5eede240e6d06e3e97e94b2121a21190d80c5923158cf519dc,1280,720,7,0.0494705,61.0,8,0.785307,1,1,1,0.745577,1,1,1,0.745577
test/images/WEBFire292_jpg.rf.f47ae6dd0bccc80448fcbe873a344445.jpg,dfire_yolov8n,56f10bda3aafaa893444b03107f22a80db51e9b90152f7f3ea7c652f3593dfbd,1280,720,4,0.0008181,62.8,14,0.441242,1,1,1,0.717622,0,0,0,0.000000
test/images/WEBFire292_jpg.rf.f47ae6dd0bccc80448fcbe873a344445.jpg,dfine,56f10bda3aafaa893444b03107f22a80db51e9b90152f7f3ea7c652f3593dfbd,1280,720,4,0.0008181,404.9,56,0.705162,1,1,1,0.714015,1,1,1,0.714015
test/images/WEBFire292_jpg.rf.f47ae6dd0bccc80448fcbe873a344445.jpg,yolo,56f10bda3aafaa893444b03107f22a80db51e9b90152f7f3ea7c652f3593dfbd,1280,720,4,0.0008181,2132.4,7,0.570247,1,1,1,0.715128,1,1,1,0.715128
test/images/WEBFire292_jpg.rf.f47ae6dd0bccc80448fcbe873a344445.jpg,soul,56f10bda3aafaa893444b03107f22a80db51e9b90152f7f3ea7c652f3593dfbd,1280,720,4,0.0008181,56.4,0,0.000000,0,0,0,0.000000,0,0,0,0.000000
test/images/WEBFire294_jpg.rf.85d93caa58fb14bd59f0c12e6cabfa94.jpg,dfire_yolov8n,e0f66d7f6ce80deac3ce4ec83c5625b83c33d3f53d3005c1c6cb56473bd5c07c,1280,720,3,0.0099609,51.4,10,0.521899,1,1,1,0.741413,1,0,0,0.248366
test/images/WEBFire294_jpg.rf.85d93caa58fb14bd59f0c12e6cabfa94.jpg,dfine,e0f66d7f6ce80deac3ce4ec83c5625b83c33d3f53d3005c1c6cb56473bd5c07c,1280,720,3,0.0099609,436.6,51,0.806668,1,1,1,0.885308,1,1,1,0.885308
test/images/WEBFire294_jpg.rf.85d93caa58fb14bd59f0c12e6cabfa94.jpg,yolo,e0f66d7f6ce80deac3ce4ec83c5625b83c33d3f53d3005c1c6cb56473bd5c07c,1280,720,3,0.0099609,701.5,8,0.730896,1,1,1,0.831453,1,1,1,0.831453
test/images/WEBFire294_jpg.rf.85d93caa58fb14bd59f0c12e6cabfa94.jpg,soul,e0f66d7f6ce80deac3ce4ec83c5625b83c33d3f53d3005c1c6cb56473bd5c07c,1280,720,3,0.0099609,58.8,5,0.452755,1,1,1,0.733542,0,0,0,0.000000
test/images/WEBFire297_jpg.rf.c0812eab18667c78688ba6f6b82833fc.jpg,dfire_yolov8n,1d1b071e372724abb48b3846ed5a5795b1b6bb1f7961acdf29e83eeec6d71021,1280,720,2,0.0006489,59.4,4,0.288656,1,1,1,0.612045,0,0,0,0.000000
test/images/WEBFire297_jpg.rf.c0812eab18667c78688ba6f6b82833fc.jpg,dfine,1d1b071e372724abb48b3846ed5a5795b1b6bb1f7961acdf29e83eeec6d71021,1280,720,2,0.0006489,431.2,36,0.601412,1,1,1,0.513514,1,1,1,0.513514
test/images/WEBFire297_jpg.rf.c0812eab18667c78688ba6f6b82833fc.jpg,yolo,1d1b071e372724abb48b3846ed5a5795b1b6bb1f7961acdf29e83eeec6d71021,1280,720,2,0.0006489,690.9,5,0.521300,1,1,1,0.550406,1,1,0,0.475358
test/images/WEBFire297_jpg.rf.c0812eab18667c78688ba6f6b82833fc.jpg,soul,1d1b071e372724abb48b3846ed5a5795b1b6bb1f7961acdf29e83eeec6d71021,1280,720,2,0.0006489,52.6,1,0.061798,0,0,0,0.000000,0,0,0,0.000000
test/images/WEBFire306_jpg.rf.bf83fab2111b40443812694c7bbe6a78.jpg,dfire_yolov8n,eebc26e7b0e9b42cef58661bacdb59259d327e297d5bf71abae001e7620dea82,1280,720,3,0.0123958,50.9,4,0.751182,1,1,1,0.846901,1,1,1,0.846901
test/images/WEBFire306_jpg.rf.bf83fab2111b40443812694c7bbe6a78.jpg,dfine,eebc26e7b0e9b42cef58661bacdb59259d327e297d5bf71abae001e7620dea82,1280,720,3,0.0123958,427.8,26,0.762233,1,1,1,0.915493,1,1,1,0.873046
test/images/WEBFire306_jpg.rf.bf83fab2111b40443812694c7bbe6a78.jpg,yolo,eebc26e7b0e9b42cef58661bacdb59259d327e297d5bf71abae001e7620dea82,1280,720,3,0.0123958,681.8,5,0.734277,1,1,1,0.931276,1,1,1,0.931276
test/images/WEBFire306_jpg.rf.bf83fab2111b40443812694c7bbe6a78.jpg,soul,eebc26e7b0e9b42cef58661bacdb59259d327e297d5bf71abae001e7620dea82,1280,720,3,0.0123958,51.7,2,0.108026,0,0,0,0.000000,0,0,0,0.000000
test/images/WEBFire330_jpg.rf.5ab2059d21be8624bec69b6879ad1ef7.jpg,dfire_yolov8n,3dde65210c7148da901af5d97288e7ae6377afef0e2ea926e40581c3ec910049,1280,720,2,0.0032585,63.9,2,0.761506,1,1,1,0.872243,1,1,1,0.872243
test/images/WEBFire330_jpg.rf.5ab2059d21be8624bec69b6879ad1ef7.jpg,dfine,3dde65210c7148da901af5d97288e7ae6377afef0e2ea926e40581c3ec910049,1280,720,2,0.0032585,408.3,12,0.736357,1,1,1,0.704433,1,1,1,0.704433
test/images/WEBFire330_jpg.rf.5ab2059d21be8624bec69b6879ad1ef7.jpg,yolo,3dde65210c7148da901af5d97288e7ae6377afef0e2ea926e40581c3ec910049,1280,720,2,0.0032585,691.0,2,0.591001,1,1,1,0.872965,1,1,1,0.872965
test/images/WEBFire330_jpg.rf.5ab2059d21be8624bec69b6879ad1ef7.jpg,soul,3dde65210c7148da901af5d97288e7ae6377afef0e2ea926e40581c3ec910049,1280,720,2,0.0032585,56.0,2,0.223986,0,0,0,0.000000,0,0,0,0.000000
test/images/WEBFire334_jpg.rf.71392f195409c417d802af951d71fb87.jpg,dfire_yolov8n,2471f961c10a56a0109a55d8c7701ff3d34add7cce2f5249e2d91c204dcec520,1280,720,3,0.0046875,49.4,3,0.761619,1,1,1,0.838937,1,1,1,0.838937
test/images/WEBFire334_jpg.rf.71392f195409c417d802af951d71fb87.jpg,dfine,2471f961c10a56a0109a55d8c7701ff3d34add7cce2f5249e2d91c204dcec520,1280,720,3,0.0046875,429.9,35,0.774127,1,1,1,0.780432,1,1,1,0.780432
test/images/WEBFire334_jpg.rf.71392f195409c417d802af951d71fb87.jpg,yolo,2471f961c10a56a0109a55d8c7701ff3d34add7cce2f5249e2d91c204dcec520,1280,720,3,0.0046875,676.4,4,0.723266,1,1,1,0.820015,1,1,1,0.820015
test/images/WEBFire334_jpg.rf.71392f195409c417d802af951d71fb87.jpg,soul,2471f961c10a56a0109a55d8c7701ff3d34add7cce2f5249e2d91c204dcec520,1280,720,3,0.0046875,66.9,3,0.188637,0,0,0,0.000000,0,0,0,0.000000
test/images/WEBFire344_jpg.rf.77e71b197a9e44be306118c8a7d2dafc.jpg,dfire_yolov8n,113cf774830c76f34ae45aee953cfd7316943742ac97824057060226fc80056c,1280,720,2,0.0389062,57.4,5,0.696498,1,1,1,0.868323,1,1,1,0.868323
test/images/WEBFire344_jpg.rf.77e71b197a9e44be306118c8a7d2dafc.jpg,dfine,113cf774830c76f34ae45aee953cfd7316943742ac97824057060226fc80056c,1280,720,2,0.0389062,404.3,22,0.841725,1,1,1,0.934568,1,1,1,0.934568
test/images/WEBFire344_jpg.rf.77e71b197a9e44be306118c8a7d2dafc.jpg,yolo,113cf774830c76f34ae45aee953cfd7316943742ac97824057060226fc80056c,1280,720,2,0.0389062,684.3,5,0.502962,1,1,1,0.829736,1,1,1,0.829736
test/images/WEBFire344_jpg.rf.77e71b197a9e44be306118c8a7d2dafc.jpg,soul,113cf774830c76f34ae45aee953cfd7316943742ac97824057060226fc80056c,1280,720,2,0.0389062,58.6,4,0.762961,1,1,0,0.371891,1,1,0,0.371891
test/images/WEBFire346_jpg.rf.b085437265ff6567b1bae26d224ae006.jpg,dfire_yolov8n,85c199ea5984d572bee7dda8b27235ca2117f3efd1dea0cb1105d08dfdf59cfa,1280,720,3,0.0336372,53.4,5,0.703906,1,1,1,0.841355,1,1,1,0.841355
test/images/WEBFire346_jpg.rf.b085437265ff6567b1bae26d224ae006.jpg,dfine,85c199ea5984d572bee7dda8b27235ca2117f3efd1dea0cb1105d08dfdf59cfa,1280,720,3,0.0336372,425.5,19,0.861749,1,1,1,0.924176,1,1,1,0.924176
test/images/WEBFire346_jpg.rf.b085437265ff6567b1bae26d224ae006.jpg,yolo,85c199ea5984d572bee7dda8b27235ca2117f3efd1dea0cb1105d08dfdf59cfa,1280,720,3,0.0336372,702.0,4,0.634213,1,1,1,0.887539,1,1,1,0.887539
test/images/WEBFire346_jpg.rf.b085437265ff6567b1bae26d224ae006.jpg,soul,85c199ea5984d572bee7dda8b27235ca2117f3efd1dea0cb1105d08dfdf59cfa,1280,720,3,0.0336372,57.0,3,0.744171,1,1,0,0.352033,1,1,0,0.352033
test/images/WEBFire347_jpg.rf.b0797ac912cf00cf4831e0520f75ca98.jpg,dfire_yolov8n,c939946c886e1cf216015522291d6878c383dcec38a7bb1eae8770f352d721b4,1280,720,2,0.0389572,63.8,4,0.683153,1,1,1,0.725763,1,1,1,0.725763
test/images/WEBFire347_jpg.rf.b0797ac912cf00cf4831e0520f75ca98.jpg,dfine,c939946c886e1cf216015522291d6878c383dcec38a7bb1eae8770f352d721b4,1280,720,2,0.0389572,422.9,25,0.829304,1,1,1,0.890596,1,1,1,0.890596
test/images/WEBFire347_jpg.rf.b0797ac912cf00cf4831e0520f75ca98.jpg,yolo,c939946c886e1cf216015522291d6878c383dcec38a7bb1eae8770f352d721b4,1280,720,2,0.0389572,669.2,4,0.506668,1,1,1,0.857473,1,1,1,0.857473
test/images/WEBFire347_jpg.rf.b0797ac912cf00cf4831e0520f75ca98.jpg,soul,c939946c886e1cf216015522291d6878c383dcec38a7bb1eae8770f352d721b4,1280,720,2,0.0389572,55.4,2,0.762980,1,1,0,0.346966,1,1,0,0.346966
test/images/WEBFire354_jpg.rf.e0a95f1e2f59b6dd878596a68f9678f4.jpg,dfire_yolov8n,ef72906649639370fd7939c3149fa8f70d757e197057545051aa0bba1d4fc91d,1280,720,4,0.0359549,64.4,7,0.841148,1,1,1,0.915165,1,1,1,0.877419
test/images/WEBFire354_jpg.rf.e0a95f1e2f59b6dd878596a68f9678f4.jpg,dfine,ef72906649639370fd7939c3149fa8f70d757e197057545051aa0bba1d4fc91d,1280,720,4,0.0359549,382.1,32,0.817423,1,1,1,0.861997,1,1,1,0.861997
test/images/WEBFire354_jpg.rf.e0a95f1e2f59b6dd878596a68f9678f4.jpg,yolo,ef72906649639370fd7939c3149fa8f70d757e197057545051aa0bba1d4fc91d,1280,720,4,0.0359549,685.1,6,0.811415,1,1,1,0.883520,1,1,1,0.883520
test/images/WEBFire354_jpg.rf.e0a95f1e2f59b6dd878596a68f9678f4.jpg,soul,ef72906649639370fd7939c3149fa8f70d757e197057545051aa0bba1d4fc91d,1280,720,4,0.0359549,60.1,3,0.566252,1,0,0,0.277996,1,0,0,0.277996
test/images/WEBFire357_jpg.rf.c17340edb4a0d0aaa6fb4b82c92a5cb8.jpg,dfire_yolov8n,b9e62d67812f955c15835b274adfd7aa4033d70a6f4e2cb692bfb79b6905906f,1280,720,4,0.0421875,59.0,6,0.842858,1,1,1,0.941711,1,1,1,0.941711
test/images/WEBFire357_jpg.rf.c17340edb4a0d0aaa6fb4b82c92a5cb8.jpg,dfine,b9e62d67812f955c15835b274adfd7aa4033d70a6f4e2cb692bfb79b6905906f,1280,720,4,0.0421875,448.7,33,0.862425,1,1,1,0.882848,1,1,1,0.882848
test/images/WEBFire357_jpg.rf.c17340edb4a0d0aaa6fb4b82c92a5cb8.jpg,yolo,b9e62d67812f955c15835b274adfd7aa4033d70a6f4e2cb692bfb79b6905906f,1280,720,4,0.0421875,737.7,6,0.829231,1,1,1,0.909451,1,1,1,0.909451
test/images/WEBFire357_jpg.rf.c17340edb4a0d0aaa6fb4b82c92a5cb8.jpg,soul,b9e62d67812f955c15835b274adfd7aa4033d70a6f4e2cb692bfb79b6905906f,1280,720,4,0.0421875,64.0,3,0.674381,1,1,1,0.852071,1,1,1,0.545664
test/images/WEBFire360_jpg.rf.f92d1af3346b8bee1f68f904aee3b753.jpg,dfire_yolov8n,c4e72a46eac5a4bf1ae6eb0d12f363c05d8208af3d6f7c044d168fcc04f1c55b,1280,720,4,0.0458453,64.5,6,0.836258,1,1,1,0.929247,1,1,1,0.929247
test/images/WEBFire360_jpg.rf.f92d1af3346b8bee1f68f904aee3b753.jpg,dfine,c4e72a46eac5a4bf1ae6eb0d12f363c05d8208af3d6f7c044d168fcc04f1c55b,1280,720,4,0.0458453,429.9,39,0.866693,1,1,1,0.910958,1,1,1,0.910958
test/images/WEBFire360_jpg.rf.f92d1af3346b8bee1f68f904aee3b753.jpg,yolo,c4e72a46eac5a4bf1ae6eb0d12f363c05d8208af3d6f7c044d168fcc04f1c55b,1280,720,4,0.0458453,701.5,7,0.863816,1,1,1,0.938174,1,1,1,0.923590
test/images/WEBFire360_jpg.rf.f92d1af3346b8bee1f68f904aee3b753.jpg,soul,c4e72a46eac5a4bf1ae6eb0d12f363c05d8208af3d6f7c044d168fcc04f1c55b,1280,720,4,0.0458453,66.0,4,0.708676,1,1,1,0.895784,1,1,1,0.895784
test/images/WEBFire368_jpg.rf.bd8a58d9507cc82c4e3a3025d85f71e4.jpg,dfire_yolov8n,ec33ef9fdd10811eeece5095afa3f9a6caf9e52e97763ffb1257cb204ec3b491,1280,720,7,0.0046875,64.5,8,0.577425,1,1,1,0.924431,1,1,1,0.924431
test/images/WEBFire368_jpg.rf.bd8a58d9507cc82c4e3a3025d85f71e4.jpg,dfine,ec33ef9fdd10811eeece5095afa3f9a6caf9e52e97763ffb1257cb204ec3b491,1280,720,7,0.0046875,433.7,65,0.656595,1,1,1,0.857445,1,1,1,0.783826
test/images/WEBFire368_jpg.rf.bd8a58d9507cc82c4e3a3025d85f71e4.jpg,yolo,ec33ef9fdd10811eeece5095afa3f9a6caf9e52e97763ffb1257cb204ec3b491,1280,720,7,0.0046875,687.3,9,0.651227,1,1,1,0.766667,1,1,0,0.416642
test/images/WEBFire368_jpg.rf.bd8a58d9507cc82c4e3a3025d85f71e4.jpg,soul,ec33ef9fdd10811eeece5095afa3f9a6caf9e52e97763ffb1257cb204ec3b491,1280,720,7,0.0046875,61.2,4,0.608131,1,0,0,0.274199,1,0,0,0.274199
test/images/WEBFire372_jpg.rf.16ae26b117e39327bea7b8a67c877194.jpg,dfire_yolov8n,bfa01f4bc711422dd66f77b293d05258451e37fc7cc9612ebe5207bc380fa0be,1280,720,5,0.0190408,58.0,5,0.782377,1,1,1,0.892907,1,1,1,0.892907
test/images/WEBFire372_jpg.rf.16ae26b117e39327bea7b8a67c877194.jpg,dfine,bfa01f4bc711422dd66f77b293d05258451e37fc7cc9612ebe5207bc380fa0be,1280,720,5,0.0190408,462.5,45,0.827528,1,1,1,0.928571,1,1,1,0.928571
test/images/WEBFire372_jpg.rf.16ae26b117e39327bea7b8a67c877194.jpg,yolo,bfa01f4bc711422dd66f77b293d05258451e37fc7cc9612ebe5207bc380fa0be,1280,720,5,0.0190408,691.6,6,0.724935,1,1,1,0.875879,1,1,1,0.875879
test/images/WEBFire372_jpg.rf.16ae26b117e39327bea7b8a67c877194.jpg,soul,bfa01f4bc711422dd66f77b293d05258451e37fc7cc9612ebe5207bc380fa0be,1280,720,5,0.0190408,57.0,5,0.691774,1,1,1,0.834105,1,1,1,0.834105
test/images/WEBFire386_jpg.rf.fba45e435485a72d6c0d4c8c2f1b9234.jpg,dfire_yolov8n,d0301cbc9a71e72a74065bf97e7d9861678d67ac971b4d671515da998f986cef,1280,720,1,0.0118490,62.6,4,0.644828,1,1,1,0.961341,1,1,1,0.961341
test/images/WEBFire386_jpg.rf.fba45e435485a72d6c0d4c8c2f1b9234.jpg,dfine,d0301cbc9a71e72a74065bf97e7d9861678d67ac971b4d671515da998f986cef,1280,720,1,0.0118490,416.0,48,0.752045,1,1,1,0.904964,1,1,1,0.904964
test/images/WEBFire386_jpg.rf.fba45e435485a72d6c0d4c8c2f1b9234.jpg,yolo,d0301cbc9a71e72a74065bf97e7d9861678d67ac971b4d671515da998f986cef,1280,720,1,0.0118490,688.9,4,0.633316,1,1,1,0.910000,1,1,1,0.910000
test/images/WEBFire386_jpg.rf.fba45e435485a72d6c0d4c8c2f1b9234.jpg,soul,d0301cbc9a71e72a74065bf97e7d9861678d67ac971b4d671515da998f986cef,1280,720,1,0.0118490,65.2,2,0.285612,1,1,1,0.894829,0,0,0,0.000000
test/images/WEBFire399_jpg.rf.15b5415464c62e28ee9b6b3f895d89d7.jpg,dfire_yolov8n,09fe9edf1b254af58db66d935bc329a2e3fbcdaae35f1c6058272a97564314e9,1280,720,4,0.0261751,61.8,4,0.838167,1,1,1,0.986942,1,1,1,0.986942
test/images/WEBFire399_jpg.rf.15b5415464c62e28ee9b6b3f895d89d7.jpg,dfine,09fe9edf1b254af58db66d935bc329a2e3fbcdaae35f1c6058272a97564314e9,1280,720,4,0.0261751,499.4,57,0.836697,1,1,1,0.939298,1,1,1,0.939298
test/images/WEBFire399_jpg.rf.15b5415464c62e28ee9b6b3f895d89d7.jpg,yolo,09fe9edf1b254af58db66d935bc329a2e3fbcdaae35f1c6058272a97564314e9,1280,720,4,0.0261751,721.4,3,0.771700,1,1,1,0.928247,1,1,1,0.928247
test/images/WEBFire399_jpg.rf.15b5415464c62e28ee9b6b3f895d89d7.jpg,soul,09fe9edf1b254af58db66d935bc329a2e3fbcdaae35f1c6058272a97564314e9,1280,720,4,0.0261751,63.7,4,0.536590,1,1,1,0.676285,1,1,1,0.676285
test/images/WEBFire401_jpg.rf.14745fb862c1f1a9544ded220bb95532.jpg,dfire_yolov8n,3f98ce6d6195d38727ae8bff4403ba876c6dad4b029f02869eafefe9601617d6,1280,720,2,0.0300456,50.8,7,0.684581,1,1,1,0.945000,1,1,1,0.945000
test/images/WEBFire401_jpg.rf.14745fb862c1f1a9544ded220bb95532.jpg,dfine,3f98ce6d6195d38727ae8bff4403ba876c6dad4b029f02869eafefe9601617d6,1280,720,2,0.0300456,1668.4,38,0.802922,1,1,1,0.939673,1,1,1,0.939673
test/images/WEBFire401_jpg.rf.14745fb862c1f1a9544ded220bb95532.jpg,yolo,3f98ce6d6195d38727ae8bff4403ba876c6dad4b029f02869eafefe9601617d6,1280,720,2,0.0300456,4083.7,7,0.744454,1,1,1,0.954407,1,1,1,0.954407
test/images/WEBFire401_jpg.rf.14745fb862c1f1a9544ded220bb95532.jpg,soul,3f98ce6d6195d38727ae8bff4403ba876c6dad4b029f02869eafefe9601617d6,1280,720,2,0.0300456,572.8,2,0.763493,1,1,1,0.820745,1,1,1,0.820745
test/images/WEBFire407_jpg.rf.3160e2a621c268ffab7ae470dbc8f695.jpg,dfire_yolov8n,723a063c76ec8a6e925416b0c3d6e4f507354e45601953e00ded187a82202898,1280,720,4,0.0264703,776.6,7,0.712621,1,1,1,0.922698,1,1,1,0.922698
test/images/WEBFire407_jpg.rf.3160e2a621c268ffab7ae470dbc8f695.jpg,dfine,723a063c76ec8a6e925416b0c3d6e4f507354e45601953e00ded187a82202898,1280,720,4,0.0264703,2750.3,51,0.747808,1,1,1,0.943136,1,1,1,0.894237
test/images/WEBFire407_jpg.rf.3160e2a621c268ffab7ae470dbc8f695.jpg,yolo,723a063c76ec8a6e925416b0c3d6e4f507354e45601953e00ded187a82202898,1280,720,4,0.0264703,4177.4,8,0.598973,1,1,1,0.978397,1,1,1,0.978397
test/images/WEBFire407_jpg.rf.3160e2a621c268ffab7ae470dbc8f695.jpg,soul,723a063c76ec8a6e925416b0c3d6e4f507354e45601953e00ded187a82202898,1280,720,4,0.0264703,604.5,5,0.339475,1,1,1,0.716300,0,0,0,0.000000
test/images/WEBFire412_jpg.rf.250f6b402a006b0b6e69c919eb49747e.jpg,dfire_yolov8n,75019d9b32bf89d50aba274b23a573681beb791a8872992ead286f4a3b1fffe3,1280,720,5,0.0174913,789.7,9,0.757021,1,1,1,0.888448,1,1,1,0.888448
test/images/WEBFire412_jpg.rf.250f6b402a006b0b6e69c919eb49747e.jpg,dfine,75019d9b32bf89d50aba274b23a573681beb791a8872992ead286f4a3b1fffe3,1280,720,5,0.0174913,2684.6,79,0.717858,1,1,1,0.792547,1,1,1,0.792547
test/images/WEBFire412_jpg.rf.250f6b402a006b0b6e69c919eb49747e.jpg,yolo,75019d9b32bf89d50aba274b23a573681beb791a8872992ead286f4a3b1fffe3,1280,720,5,0.0174913,3902.3,12,0.489206,1,1,1,0.835484,0,0,0,0.000000
test/images/WEBFire412_jpg.rf.250f6b402a006b0b6e69c919eb49747e.jpg,soul,75019d9b32bf89d50aba274b23a573681beb791a8872992ead286f4a3b1fffe3,1280,720,5,0.0174913,524.6,3,0.551368,1,1,1,0.818025,1,1,1,0.818025
test/images/WEBFire416_jpg.rf.3b08e6d507ad7a544348dd9ce992f9ce.jpg,dfire_yolov8n,a0fba9ebad2d96bf9d6b11271d88ff22c97dc74eb512d740d9961b4f7f9ca0a9,1280,720,2,0.0034418,927.6,6,0.552281,1,1,1,0.799781,1,1,1,0.799781
test/images/WEBFire416_jpg.rf.3b08e6d507ad7a544348dd9ce992f9ce.jpg,dfine,a0fba9ebad2d96bf9d6b11271d88ff22c97dc74eb512d740d9961b4f7f9ca0a9,1280,720,2,0.0034418,2563.1,40,0.652666,1,1,1,0.890909,1,1,1,0.890909
test/images/WEBFire416_jpg.rf.3b08e6d507ad7a544348dd9ce992f9ce.jpg,yolo,a0fba9ebad2d96bf9d6b11271d88ff22c97dc74eb512d740d9961b4f7f9ca0a9,1280,720,2,0.0034418,4961.1,3,0.334106,1,1,0,0.396825,0,0,0,0.000000
test/images/WEBFire416_jpg.rf.3b08e6d507ad7a544348dd9ce992f9ce.jpg,soul,a0fba9ebad2d96bf9d6b11271d88ff22c97dc74eb512d740d9961b4f7f9ca0a9,1280,720,2,0.0034418,541.6,1,0.422230,1,0,0,0.033170,0,0,0,0.000000
test/images/WEBFire423_jpg.rf.c12dc9f3afd885f28e227e51f4e144fa.jpg,dfire_yolov8n,82702a016680b4814c8dd9cdf2bdbe1b6a500c496f76ed55b04840472ce7f1e5,1280,720,1,0.1196289,807.4,2,0.718554,1,1,1,0.892202,1,1,1,0.892202
test/images/WEBFire423_jpg.rf.c12dc9f3afd885f28e227e51f4e144fa.jpg,dfine,82702a016680b4814c8dd9cdf2bdbe1b6a500c496f76ed55b04840472ce7f1e5,1280,720,1,0.1196289,2795.7,33,0.816918,1,1,1,0.964444,1,1,1,0.964444
test/images/WEBFire423_jpg.rf.c12dc9f3afd885f28e227e51f4e144fa.jpg,yolo,82702a016680b4814c8dd9cdf2bdbe1b6a500c496f76ed55b04840472ce7f1e5,1280,720,1,0.1196289,4102.6,1,0.795178,1,1,1,0.945411,1,1,1,0.945411
test/images/WEBFire423_jpg.rf.c12dc9f3afd885f28e227e51f4e144fa.jpg,soul,82702a016680b4814c8dd9cdf2bdbe1b6a500c496f76ed55b04840472ce7f1e5,1280,720,1,0.1196289,581.0,1,0.833583,1,1,1,0.895096,1,1,1,0.895096
test/images/WEBFire534_jpg.rf.0cd1d7f62e81e0b8c0ef230d5d0f4b49.jpg,dfire_yolov8n,304ec68f890d471cb4486b962b8ece877e39017463b18ea83d81819a6d2e9614,1920,1080,13,0.0053602,775.3,16,0.555962,1,1,1,0.915254,1,1,1,0.884326
test/images/WEBFire534_jpg.rf.0cd1d7f62e81e0b8c0ef230d5d0f4b49.jpg,dfine,304ec68f890d471cb4486b962b8ece877e39017463b18ea83d81819a6d2e9614,1920,1080,13,0.0053602,2880.7,128,0.745274,1,1,1,0.884917,1,1,1,0.797958
test/images/WEBFire534_jpg.rf.0cd1d7f62e81e0b8c0ef230d5d0f4b49.jpg,yolo,304ec68f890d471cb4486b962b8ece877e39017463b18ea83d81819a6d2e9614,1920,1080,13,0.0053602,4009.8,14,0.525242,1,1,1,0.865604,1,1,1,0.865604
test/images/WEBFire534_jpg.rf.0cd1d7f62e81e0b8c0ef230d5d0f4b49.jpg,soul,304ec68f890d471cb4486b962b8ece877e39017463b18ea83d81819a6d2e9614,1920,1080,13,0.0053602,588.0,3,0.295114,1,1,1,0.688938,0,0,0,0.000000
test/images/WEBFire539_jpg.rf.721fb58f2cdbb25e73382b0e8ea275cf.jpg,dfire_yolov8n,5992ab4776aa3081ebaf49b727b01d0e3fb88ede384808d006293b9c5798e671,1920,1080,3,0.0070554,810.7,6,0.610134,1,1,1,0.860546,1,1,1,0.860546
test/images/WEBFire539_jpg.rf.721fb58f2cdbb25e73382b0e8ea275cf.jpg,dfine,5992ab4776aa3081ebaf49b727b01d0e3fb88ede384808d006293b9c5798e671,1920,1080,3,0.0070554,2626.2,97,0.643125,1,1,1,0.865689,1,1,1,0.865689
test/images/WEBFire539_jpg.rf.721fb58f2cdbb25e73382b0e8ea275cf.jpg,yolo,5992ab4776aa3081ebaf49b727b01d0e3fb88ede384808d006293b9c5798e671,1920,1080,3,0.0070554,3917.2,7,0.479169,1,1,0,0.302256,0,0,0,0.000000
test/images/WEBFire539_jpg.rf.721fb58f2cdbb25e73382b0e8ea275cf.jpg,soul,5992ab4776aa3081ebaf49b727b01d0e3fb88ede384808d006293b9c5798e671,1920,1080,3,0.0070554,584.1,3,0.610812,1,0,0,0.126043,1,0,0,0.005877
test/images/WEBFire540_jpg.rf.19bea31cf35def37ea78643c2621c279.jpg,dfire_yolov8n,0a705c38f4d3b8e3be045c644c31cc3bd87f10b064a605f96f669026939b487f,1920,1080,3,0.0077445,798.6,12,0.721691,1,1,1,0.726398,1,1,1,0.726398
test/images/WEBFire540_jpg.rf.19bea31cf35def37ea78643c2621c279.jpg,dfine,0a705c38f4d3b8e3be045c644c31cc3bd87f10b064a605f96f669026939b487f,1920,1080,3,0.0077445,3232.9,81,0.657153,1,1,1,0.806085,1,1,1,0.666542
test/images/WEBFire540_jpg.rf.19bea31cf35def37ea78643c2621c279.jpg,yolo,0a705c38f4d3b8e3be045c644c31cc3bd87f10b064a605f96f669026939b487f,1920,1080,3,0.0077445,4034.4,7,0.387417,1,1,1,0.545550,0,0,0,0.000000
test/images/WEBFire540_jpg.rf.19bea31cf35def37ea78643c2621c279.jpg,soul,0a705c38f4d3b8e3be045c644c31cc3bd87f10b064a605f96f669026939b487f,1920,1080,3,0.0077445,591.4,5,0.833479,1,1,0,0.371847,1,0,0,0.000000
test/images/WEBFire553_jpg.rf.e208e79acd5bff747fa953a8b22da73f.jpg,dfire_yolov8n,83a23119b1885fe6ecdfb2ee836339a75f882f404d3aa6a5ef11b95158d27bfa,1920,1080,6,0.0020853,820.9,18,0.475116,1,1,1,0.807065,0,0,0,0.000000
test/images/WEBFire553_jpg.rf.e208e79acd5bff747fa953a8b22da73f.jpg,dfine,83a23119b1885fe6ecdfb2ee836339a75f882f404d3aa6a5ef11b95158d27bfa,1920,1080,6,0.0020853,2562.2,90,0.610747,1,1,1,0.782609,1,1,1,0.782609
test/images/WEBFire553_jpg.rf.e208e79acd5bff747fa953a8b22da73f.jpg,yolo,83a23119b1885fe6ecdfb2ee836339a75f882f404d3aa6a5ef11b95158d27bfa,1920,1080,6,0.0020853,3913.3,11,0.515068,1,1,1,0.797468,1,0,0,0.095238
test/images/WEBFire553_jpg.rf.e208e79acd5bff747fa953a8b22da73f.jpg,soul,83a23119b1885fe6ecdfb2ee836339a75f882f404d3aa6a5ef11b95158d27bfa,1920,1080,6,0.0020853,547.5,1,0.081852,0,0,0,0.000000,0,0,0,0.000000
test/images/WEBFire556_jpg.rf.be2b6f2496e46c9fa6b7792b26ffbda0.jpg,dfire_yolov8n,f5ca960abc223200c5e7d592f67302dadf945097b8323ea7485b9e15390e7237,1920,1080,7,0.0023293,757.8,11,0.452429,1,1,1,0.660317,0,0,0,0.000000
test/images/WEBFire556_jpg.rf.be2b6f2496e46c9fa6b7792b26ffbda0.jpg,dfine,f5ca960abc223200c5e7d592f67302dadf945097b8323ea7485b9e15390e7237,1920,1080,7,0.0023293,2706.3,73,0.523991,1,1,1,0.836653,1,1,1,0.725581
test/images/WEBFire556_jpg.rf.be2b6f2496e46c9fa6b7792b26ffbda0.jpg,yolo,f5ca960abc223200c5e7d592f67302dadf945097b8323ea7485b9e15390e7237,1920,1080,7,0.0023293,3929.0,9,0.439200,1,1,1,0.818182,0,0,0,0.000000
test/images/WEBFire556_jpg.rf.be2b6f2496e46c9fa6b7792b26ffbda0.jpg,soul,f5ca960abc223200c5e7d592f67302dadf945097b8323ea7485b9e15390e7237,1920,1080,7,0.0023293,598.1,1,0.174125,0,0,0,0.000000,0,0,0,0.000000
test/images/WEBFire558_jpg.rf.b4de9c8ddb239176512e8fadd9962c99.jpg,dfire_yolov8n,eae0a567a19c53bdb48cb1dd76e40481bef2d26422ba944ca198518fc13917ea,1920,1080,1,0.0000690,743.1,2,0.318610,1,0,0,0.268839,0,0,0,0.000000
test/images/WEBFire558_jpg.rf.b4de9c8ddb239176512e8fadd9962c99.jpg,dfine,eae0a567a19c53bdb48cb1dd76e40481bef2d26422ba944ca198518fc13917ea,1920,1080,1,0.0000690,2667.7,56,0.481205,1,1,0,0.480000,0,0,0,0.000000
test/images/WEBFire558_jpg.rf.b4de9c8ddb239176512e8fadd9962c99.jpg,yolo,eae0a567a19c53bdb48cb1dd76e40481bef2d26422ba944ca198518fc13917ea,1920,1080,1,0.0000690,3896.4,5,0.340515,1,1,1,0.510714,0,0,0,0.000000
test/images/WEBFire558_jpg.rf.b4de9c8ddb239176512e8fadd9962c99.jpg,soul,eae0a567a19c53bdb48cb1dd76e40481bef2d26422ba944ca198518fc13917ea,1920,1080,1,0.0000690,884.6,4,0.097586,0,0,0,0.000000,0,0,0,0.000000
test/images/WEBFire560_jpg.rf.2e1a30d77da33aeb78b4779f1a4dda3e.jpg,dfire_yolov8n,918be5879f9c444e09a9c078a4016a879e8be9d753538a6a0cdfb8ece6bc5fa2,1920,1080,1,0.0367477,1426.2,2,0.576273,1,1,1,0.884076,1,1,1,0.884076
test/images/WEBFire560_jpg.rf.2e1a30d77da33aeb78b4779f1a4dda3e.jpg,dfine,918be5879f9c444e09a9c078a4016a879e8be9d753538a6a0cdfb8ece6bc5fa2,1920,1080,1,0.0367477,2721.5,38,0.820452,1,1,1,0.855891,1,1,1,0.855891
test/images/WEBFire560_jpg.rf.2e1a30d77da33aeb78b4779f1a4dda3e.jpg,yolo,918be5879f9c444e09a9c078a4016a879e8be9d753538a6a0cdfb8ece6bc5fa2,1920,1080,1,0.0367477,3992.2,2,0.518956,1,1,1,0.789653,1,1,1,0.789653
test/images/WEBFire560_jpg.rf.2e1a30d77da33aeb78b4779f1a4dda3e.jpg,soul,918be5879f9c444e09a9c078a4016a879e8be9d753538a6a0cdfb8ece6bc5fa2,1920,1080,1,0.0367477,558.7,1,0.645053,1,1,1,0.528768,1,1,1,0.528768
test/images/WEBFire561_jpg.rf.037458b926064b99a2e48da93d96b35d.jpg,dfire_yolov8n,6d99408dd8e8eb65fc2e834e32b63cc84f8cce9120cead48f6be5f19bf589374,1920,1080,1,0.0375984,783.6,2,0.755202,1,1,1,0.847697,1,1,1,0.847697
test/images/WEBFire561_jpg.rf.037458b926064b99a2e48da93d96b35d.jpg,dfine,6d99408dd8e8eb65fc2e834e32b63cc84f8cce9120cead48f6be5f19bf589374,1920,1080,1,0.0375984,2515.4,25,0.853020,1,1,1,0.899634,1,1,1,0.899634
test/images/WEBFire561_jpg.rf.037458b926064b99a2e48da93d96b35d.jpg,yolo,6d99408dd8e8eb65fc2e834e32b63cc84f8cce9120cead48f6be5f19bf589374,1920,1080,1,0.0375984,3971.9,3,0.855331,1,1,1,0.943916,1,1,1,0.943916
test/images/WEBFire561_jpg.rf.037458b926064b99a2e48da93d96b35d.jpg,soul,6d99408dd8e8eb65fc2e834e32b63cc84f8cce9120cead48f6be5f19bf589374,1920,1080,1,0.0375984,508.0,1,0.749554,1,1,0,0.495036,1,1,0,0.495036
test/images/WEBFire565_jpg.rf.bcc78e425314a2b9c8d836cdad52895b.jpg,dfire_yolov8n,4b592cb9353815583226849eb0b37d3d7972106734f9d1cc22789ccd4a63e65d,1032,581,2,0.2211404,801.4,3,0.778200,1,1,1,0.900960,1,1,1,0.900960
test/images/WEBFire565_jpg.rf.bcc78e425314a2b9c8d836cdad52895b.jpg,dfine,4b592cb9353815583226849eb0b37d3d7972106734f9d1cc22789ccd4a63e65d,1032,581,2,0.2211404,2519.6,67,0.828769,1,1,1,0.861438,1,1,1,0.861438
test/images/WEBFire565_jpg.rf.bcc78e425314a2b9c8d836cdad52895b.jpg,yolo,4b592cb9353815583226849eb0b37d3d7972106734f9d1cc22789ccd4a63e65d,1032,581,2,0.2211404,2449.7,5,0.355113,1,1,1,0.843540,0,0,0,0.000000
test/images/WEBFire565_jpg.rf.bcc78e425314a2b9c8d836cdad52895b.jpg,soul,4b592cb9353815583226849eb0b37d3d7972106734f9d1cc22789ccd4a63e65d,1032,581,2,0.2211404,62.5,4,0.681203,1,1,1,0.888821,1,1,1,0.888821
test/images/WEBFire581_jpg.rf.eda791beb43b6757aae0af297df3943b.jpg,dfire_yolov8n,52259c61ec4a0ae7d9673e208911355ce3bd29521242c1a2e7c8210baecab270,1280,720,3,0.0421322,63.3,7,0.338701,1,1,1,0.896537,0,0,0,0.000000
test/images/WEBFire581_jpg.rf.eda791beb43b6757aae0af297df3943b.jpg,dfine,52259c61ec4a0ae7d9673e208911355ce3bd29521242c1a2e7c8210baecab270,1280,720,3,0.0421322,442.0,58,0.646240,1,1,1,0.853081,1,1,1,0.853081
test/images/WEBFire581_jpg.rf.eda791beb43b6757aae0af297df3943b.jpg,yolo,52259c61ec4a0ae7d9673e208911355ce3bd29521242c1a2e7c8210baecab270,1280,720,3,0.0421322,702.7,11,0.561860,1,1,1,0.814720,1,1,1,0.814720
test/images/WEBFire581_jpg.rf.eda791beb43b6757aae0af297df3943b.jpg,soul,52259c61ec4a0ae7d9673e208911355ce3bd29521242c1a2e7c8210baecab270,1280,720,3,0.0421322,56.0,5,0.676982,1,1,1,0.807023,1,1,1,0.807023
test/images/WEBFire593_jpg.rf.848fbadbd46b01b3e58dfcd814069140.jpg,dfire_yolov8n,1212d2edb5eeb96df11dce1e35387bfb124f89103b2f193c9a57028f264dad39,1920,1080,3,0.0678906,57.5,5,0.807315,1,1,1,0.872664,1,1,1,0.872664
test/images/WEBFire593_jpg.rf.848fbadbd46b01b3e58dfcd814069140.jpg,dfine,1212d2edb5eeb96df11dce1e35387bfb124f89103b2f193c9a57028f264dad39,1920,1080,3,0.0678906,425.1,96,0.693229,1,1,1,0.824629,1,1,1,0.824629
test/images/WEBFire593_jpg.rf.848fbadbd46b01b3e58dfcd814069140.jpg,yolo,1212d2edb5eeb96df11dce1e35387bfb124f89103b2f193c9a57028f264dad39,1920,1080,3,0.0678906,766.2,0,0.000000,0,0,0,0.000000,0,0,0,0.000000
test/images/WEBFire593_jpg.rf.848fbadbd46b01b3e58dfcd814069140.jpg,soul,1212d2edb5eeb96df11dce1e35387bfb124f89103b2f193c9a57028f264dad39,1920,1080,3,0.0678906,59.7,1,0.425860,1,1,1,0.582368,0,0,0,0.000000
test/images/WEBFire596_jpg.rf.8110a37ec889e6adaa43aa0a98f39e02.jpg,dfire_yolov8n,ef13e4b53513ff91556930f52cea14966bad39a988ee7293b58020424abeb560,1920,1080,1,0.1968943,63.5,4,0.514886,1,1,1,0.747956,1,1,1,0.747956
test/images/WEBFire596_jpg.rf.8110a37ec889e6adaa43aa0a98f39e02.jpg,dfine,ef13e4b53513ff91556930f52cea14966bad39a988ee7293b58020424abeb560,1920,1080,1,0.1968943,436.2,158,0.584575,1,1,1,0.804585,1,0,0,0.060065
test/images/WEBFire596_jpg.rf.8110a37ec889e6adaa43aa0a98f39e02.jpg,yolo,ef13e4b53513ff91556930f52cea14966bad39a988ee7293b58020424abeb560,1920,1080,1,0.1968943,706.2,3,0.209396,0,0,0,0.000000,0,0,0,0.000000
test/images/WEBFire596_jpg.rf.8110a37ec889e6adaa43aa0a98f39e02.jpg,soul,ef13e4b53513ff91556930f52cea14966bad39a988ee7293b58020424abeb560,1920,1080,1,0.1968943,60.7,2,0.309961,1,0,0,0.051190,0,0,0,0.000000
test/images/WEBFire597_jpg.rf.6dfb14b5cbdae9b51c15988e7388a695.jpg,dfire_yolov8n,1a3466edaf7367a5f0fc7d8810ad25e3d2c74629263a79089611f7f9bedcc201,1920,1080,6,0.0066233,65.4,9,0.804381,1,1,1,0.849105,1,1,1,0.849105
test/images/WEBFire597_jpg.rf.6dfb14b5cbdae9b51c15988e7388a695.jpg,dfine,1a3466edaf7367a5f0fc7d8810ad25e3d2c74629263a79089611f7f9bedcc201,1920,1080,6,0.0066233,428.1,87,0.715925,1,1,1,0.836949,1,1,1,0.836949
test/images/WEBFire597_jpg.rf.6dfb14b5cbdae9b51c15988e7388a695.jpg,yolo,1a3466edaf7367a5f0fc7d8810ad25e3d2c74629263a79089611f7f9bedcc201,1920,1080,6,0.0066233,713.1,8,0.513012,1,1,1,0.884861,1,1,1,0.774707
test/images/WEBFire597_jpg.rf.6dfb14b5cbdae9b51c15988e7388a695.jpg,soul,1a3466edaf7367a5f0fc7d8810ad25e3d2c74629263a79089611f7f9bedcc201,1920,1080,6,0.0066233,61.5,6,0.455177,1,1,1,0.760748,0,0,0,0.000000
test/images/WEBFire607_jpg.rf.3aedbe20a574271d337de42f3e7402ea.jpg,dfire_yolov8n,1844584444c4e4c7c85265b77c0a7fc3ec119245f9c379126833734fb55d4ee1,1920,1080,5,0.0109809,66.7,4,0.929796,1,1,1,0.904039,1,1,1,0.904039
test/images/WEBFire607_jpg.rf.3aedbe20a574271d337de42f3e7402ea.jpg,dfine,1844584444c4e4c7c85265b77c0a7fc3ec119245f9c379126833734fb55d4ee1,1920,1080,5,0.0109809,436.2,55,0.837206,1,1,1,0.942950,1,1,1,0.942950
test/images/WEBFire607_jpg.rf.3aedbe20a574271d337de42f3e7402ea.jpg,yolo,1844584444c4e4c7c85265b77c0a7fc3ec119245f9c379126833734fb55d4ee1,1920,1080,5,0.0109809,1154.2,10,0.675514,1,1,1,0.895644,1,1,1,0.895644
test/images/WEBFire607_jpg.rf.3aedbe20a574271d337de42f3e7402ea.jpg,soul,1844584444c4e4c7c85265b77c0a7fc3ec119245f9c379126833734fb55d4ee1,1920,1080,5,0.0109809,244.0,4,0.750122,1,1,1,0.870675,1,1,1,0.870675
test/images/WEBFire793_jpg.rf.37d6b721b7486984d71e519a0c976faa.jpg,dfire_yolov8n,33e942504297954c40d8849ef2396f4b20721724eca24ad6b6ef31a05839048d,1280,720,8,0.0136100,992.2,16,0.816763,1,1,1,0.933333,1,1,1,0.933333
test/images/WEBFire793_jpg.rf.37d6b721b7486984d71e519a0c976faa.jpg,dfine,33e942504297954c40d8849ef2396f4b20721724eca24ad6b6ef31a05839048d,1280,720,8,0.0136100,500.8,67,0.705884,1,1,1,0.932301,1,1,1,0.725294
test/images/WEBFire793_jpg.rf.37d6b721b7486984d71e519a0c976faa.jpg,yolo,33e942504297954c40d8849ef2396f4b20721724eca24ad6b6ef31a05839048d,1280,720,8,0.0136100,489.2,8,0.550040,1,1,1,0.898418,1,0,0,0.178917
test/images/WEBFire793_jpg.rf.37d6b721b7486984d71e519a0c976faa.jpg,soul,33e942504297954c40d8849ef2396f4b20721724eca24ad6b6ef31a05839048d,1280,720,8,0.0136100,41.8,8,0.740422,1,1,1,0.564074,1,1,1,0.564074
test/images/WEBFire888_jpg.rf.2c016ceaaeb7189cba7bfdf9b7005d18.jpg,dfire_yolov8n,1b33f192f7c492beb7185aa390673487d977051956db72a25542a45826d217e7,1280,720,1,0.1054687,48.9,3,0.742586,1,1,1,0.914556,1,1,1,0.914556
test/images/WEBFire888_jpg.rf.2c016ceaaeb7189cba7bfdf9b7005d18.jpg,dfine,1b33f192f7c492beb7185aa390673487d977051956db72a25542a45826d217e7,1280,720,1,0.1054687,379.2,68,0.791795,1,1,1,0.947479,1,1,1,0.947479
test/images/WEBFire888_jpg.rf.2c016ceaaeb7189cba7bfdf9b7005d18.jpg,yolo,1b33f192f7c492beb7185aa390673487d977051956db72a25542a45826d217e7,1280,720,1,0.1054687,467.2,2,0.744534,1,1,1,0.940816,1,1,1,0.940816
test/images/WEBFire888_jpg.rf.2c016ceaaeb7189cba7bfdf9b7005d18.jpg,soul,1b33f192f7c492beb7185aa390673487d977051956db72a25542a45826d217e7,1280,720,1,0.1054687,38.0,1,0.914981,1,1,1,0.522943,1,1,1,0.522943
test/images/WEBFire889_jpg.rf.7a1541871c9e1f2f7fe606a5bdbe0ae4.jpg,dfire_yolov8n,806be4bb1408e48ed94c4f98d4ac81bc53589593a43ebfb2e63694fa6810823a,1280,720,5,0.0062695,37.8,12,0.584749,1,1,1,0.749687,1,1,1,0.749687
test/images/WEBFire889_jpg.rf.7a1541871c9e1f2f7fe606a5bdbe0ae4.jpg,dfine,806be4bb1408e48ed94c4f98d4ac81bc53589593a43ebfb2e63694fa6810823a,1280,720,5,0.0062695,332.1,84,0.772213,1,1,1,0.883839,1,1,1,0.738377
test/images/WEBFire889_jpg.rf.7a1541871c9e1f2f7fe606a5bdbe0ae4.jpg,yolo,806be4bb1408e48ed94c4f98d4ac81bc53589593a43ebfb2e63694fa6810823a,1280,720,5,0.0062695,472.3,6,0.530851,1,1,1,0.569735,1,1,1,0.569735
test/images/WEBFire889_jpg.rf.7a1541871c9e1f2f7fe606a5bdbe0ae4.jpg,soul,806be4bb1408e48ed94c4f98d4ac81bc53589593a43ebfb2e63694fa6810823a,1280,720,5,0.0062695,33.9,2,0.536615,1,1,0,0.469012,1,1,0,0.469012
test/images/WEBFire893_jpg.rf.b79a9a6f3d7f34d47211e596c476d20a.jpg,dfire_yolov8n,6adb3a4be0cf979934cbea2009970ae805e025f36994c76da449e2fcdab80192,1280,720,3,0.0187044,49.8,8,0.714954,1,1,1,0.939784,1,1,1,0.939784
test/images/WEBFire893_jpg.rf.b79a9a6f3d7f34d47211e596c476d20a.jpg,dfine,6adb3a4be0cf979934cbea2009970ae805e025f36994c76da449e2fcdab80192,1280,720,3,0.0187044,292.5,106,0.768847,1,1,1,0.961132,1,1,1,0.961132
test/images/WEBFire893_jpg.rf.b79a9a6f3d7f34d47211e596c476d20a.jpg,yolo,6adb3a4be0cf979934cbea2009970ae805e025f36994c76da449e2fcdab80192,1280,720,3,0.0187044,749.9,4,0.598323,1,1,1,0.939784,1,1,1,0.939784
test/images/WEBFire893_jpg.rf.b79a9a6f3d7f34d47211e596c476d20a.jpg,soul,6adb3a4be0cf979934cbea2009970ae805e025f36994c76da449e2fcdab80192,1280,720,3,0.0187044,59.0,2,0.512318,1,1,0,0.431976,1,1,0,0.431976
test/images/WEBFire905_jpg.rf.9e9f4b220ce4cc7b89cbe3544baefaf7.jpg,dfire_yolov8n,7832a8f0e1c98fcbe6d755ed515c6240669158325471e4abbcd0342a9209c18e,1280,720,1,0.0261589,62.6,2,0.884423,1,1,1,0.921420,1,1,1,0.921420
test/images/WEBFire905_jpg.rf.9e9f4b220ce4cc7b89cbe3544baefaf7.jpg,dfine,7832a8f0e1c98fcbe6d755ed515c6240669158325471e4abbcd0342a9209c18e,1280,720,1,0.0261589,508.4,36,0.812995,1,1,1,0.685159,1,1,1,0.685159
test/images/WEBFire905_jpg.rf.9e9f4b220ce4cc7b89cbe3544baefaf7.jpg,yolo,7832a8f0e1c98fcbe6d755ed515c6240669158325471e4abbcd0342a9209c18e,1280,720,1,0.0261589,762.8,3,0.748418,1,1,1,0.838044,1,1,1,0.838044
test/images/WEBFire905_jpg.rf.9e9f4b220ce4cc7b89cbe3544baefaf7.jpg,soul,7832a8f0e1c98fcbe6d755ed515c6240669158325471e4abbcd0342a9209c18e,1280,720,1,0.0261589,57.4,2,0.244582,0,0,0,0.000000,0,0,0,0.000000
test/images/WEBFire907_jpg.rf.9c95b8825a2a61634c0acbe04f162493.jpg,dfire_yolov8n,a772cd2d1b647d8ccc8a6a552db75b2ba816cebe010c6fee8604760c5985a792,1280,720,1,0.0291363,65.0,1,0.878111,1,1,1,0.853470,1,1,1,0.853470
test/images/WEBFire907_jpg.rf.9c95b8825a2a61634c0acbe04f162493.jpg,dfine,a772cd2d1b647d8ccc8a6a552db75b2ba816cebe010c6fee8604760c5985a792,1280,720,1,0.0291363,591.2,34,0.821901,1,1,1,0.740949,1,1,1,0.740949
test/images/WEBFire907_jpg.rf.9c95b8825a2a61634c0acbe04f162493.jpg,yolo,a772cd2d1b647d8ccc8a6a552db75b2ba816cebe010c6fee8604760c5985a792,1280,720,1,0.0291363,819.8,3,0.667649,1,1,1,0.833698,1,1,1,0.833698
test/images/WEBFire907_jpg.rf.9c95b8825a2a61634c0acbe04f162493.jpg,soul,a772cd2d1b647d8ccc8a6a552db75b2ba816cebe010c6fee8604760c5985a792,1280,720,1,0.0291363,66.4,2,0.444970,1,1,0,0.307143,0,0,0,0.000000
test/images/WEBFire908_jpg.rf.c58a31155a82e0bad96bef6645163d12.jpg,dfire_yolov8n,395c648690f9e69ff86b775b914d71f3d9690af5aaa0d33541371fa98cc6cadc,1280,720,1,0.0307617,65.3,1,0.859577,1,1,1,0.762278,1,1,1,0.762278
test/images/WEBFire908_jpg.rf.c58a31155a82e0bad96bef6645163d12.jpg,dfine,395c648690f9e69ff86b775b914d71f3d9690af5aaa0d33541371fa98cc6cadc,1280,720,1,0.0307617,638.3,35,0.796994,1,1,1,0.763626,1,1,1,0.763626
test/images/WEBFire908_jpg.rf.c58a31155a82e0bad96bef6645163d12.jpg,yolo,395c648690f9e69ff86b775b914d71f3d9690af5aaa0d33541371fa98cc6cadc,1280,720,1,0.0307617,812.6,2,0.710737,1,1,1,0.716540,1,1,1,0.716540
test/images/WEBFire908_jpg.rf.c58a31155a82e0bad96bef6645163d12.jpg,soul,395c648690f9e69ff86b775b914d71f3d9690af5aaa0d33541371fa98cc6cadc,1280,720,1,0.0307617,67.5,2,0.549575,1,1,0,0.330399,1,1,0,0.330399
test/images/WEBFire941_jpg.rf.9a979b23a4d22636bd3465e43b771148.jpg,dfire_yolov8n,9b7eb65258bd0b64fcf7ff249b23ce967783bf1cd9b3434b6110cccfc9f6cd4b,1280,720,6,0.0719282,73.7,14,0.750037,1,1,1,0.845476,1,1,1,0.814090
test/images/WEBFire941_jpg.rf.9a979b23a4d22636bd3465e43b771148.jpg,dfine,9b7eb65258bd0b64fcf7ff249b23ce967783bf1cd9b3434b6110cccfc9f6cd4b,1280,720,6,0.0719282,559.0,115,0.761228,1,1,1,0.867685,1,1,1,0.804242
test/images/WEBFire941_jpg.rf.9a979b23a4d22636bd3465e43b771148.jpg,yolo,9b7eb65258bd0b64fcf7ff249b23ce967783bf1cd9b3434b6110cccfc9f6cd4b,1280,720,6,0.0719282,793.8,15,0.640679,1,1,1,0.809785,1,1,1,0.809785
test/images/WEBFire941_jpg.rf.9a979b23a4d22636bd3465e43b771148.jpg,soul,9b7eb65258bd0b64fcf7ff249b23ce967783bf1cd9b3434b6110cccfc9f6cd4b,1280,720,6,0.0719282,52.6,1,0.309918,1,1,1,0.828319,0,0,0,0.000000
test/images/WEBFire945_jpg.rf.819cc951a38a74c1aab62ab17f297727.jpg,dfire_yolov8n,0655879462418dbbfd2c5e86962d803c60963357452fe77dcae9f1efbdffaa82,1280,720,4,0.0015191,146.4,4,0.256755,1,1,1,0.707661,0,0,0,0.000000
test/images/WEBFire945_jpg.rf.819cc951a38a74c1aab62ab17f297727.jpg,dfine,0655879462418dbbfd2c5e86962d803c60963357452fe77dcae9f1efbdffaa82,1280,720,4,0.0015191,638.7,73,0.585322,1,1,1,0.884135,1,1,1,0.804178
test/images/WEBFire945_jpg.rf.819cc951a38a74c1aab62ab17f297727.jpg,yolo,0655879462418dbbfd2c5e86962d803c60963357452fe77dcae9f1efbdffaa82,1280,720,4,0.0015191,778.2,7,0.412582,1,1,1,0.846774,0,0,0,0.000000
test/images/WEBFire945_jpg.rf.819cc951a38a74c1aab62ab17f297727.jpg,soul,0655879462418dbbfd2c5e86962d803c60963357452fe77dcae9f1efbdffaa82,1280,720,4,0.0015191,64.2,3,0.645622,1,0,0,0.068442,1,0,0,0.068442
test/images/WEBFire951_jpg.rf.52bef315edd00f929ac5d98a15edba0b.jpg,dfire_yolov8n,f6d3f15f207b7c62b2179a7ccc70bc5bac5b39bb9efae3c09493178571dd13c5,1280,720,3,0.0909473,69.5,8,0.725730,1,1,1,0.908823,1,1,1,0.908823
test/images/WEBFire951_jpg.rf.52bef315edd00f929ac5d98a15edba0b.jpg,dfine,f6d3f15f207b7c62b2179a7ccc70bc5bac5b39bb9efae3c09493178571dd13c5,1280,720,3,0.0909473,463.6,53,0.824031,1,1,1,0.949156,1,1,1,0.707754
test/images/WEBFire951_jpg.rf.52bef315edd00f929ac5d98a15edba0b.jpg,yolo,f6d3f15f207b7c62b2179a7ccc70bc5bac5b39bb9efae3c09493178571dd13c5,1280,720,3,0.0909473,714.7,8,0.639574,1,1,1,0.874609,1,1,1,0.874609
test/images/WEBFire951_jpg.rf.52bef315edd00f929ac5d98a15edba0b.jpg,soul,f6d3f15f207b7c62b2179a7ccc70bc5bac5b39bb9efae3c09493178571dd13c5,1280,720,3,0.0909473,59.0,2,0.393315,1,1,1,0.817376,0,0,0,0.000000
test/images/WEBFire984_jpg.rf.89cf68f6d8846b5a15dd11a532685ee3.jpg,dfire_yolov8n,7a696bc200a8dc69cbde168d34df216d3ce7e3a1a2a6eda90761ab0a3e0bec5f,1280,720,7,0.0068913,67.3,11,0.690719,1,1,1,0.813953,1,1,1,0.813953
test/images/WEBFire984_jpg.rf.89cf68f6d8846b5a15dd11a532685ee3.jpg,dfine,7a696bc200a8dc69cbde168d34df216d3ce7e3a1a2a6eda90761ab0a3e0bec5f,1280,720,7,0.0068913,471.3,41,0.780678,1,1,1,0.814587,1,1,1,0.814587
test/images/WEBFire984_jpg.rf.89cf68f6d8846b5a15dd11a532685ee3.jpg,yolo,7a696bc200a8dc69cbde168d34df216d3ce7e3a1a2a6eda90761ab0a3e0bec5f,1280,720,7,0.0068913,717.1,10,0.662475,1,1,1,0.797468,1,1,1,0.797468
test/images/WEBFire984_jpg.rf.89cf68f6d8846b5a15dd11a532685ee3.jpg,soul,7a696bc200a8dc69cbde168d34df216d3ce7e3a1a2a6eda90761ab0a3e0bec5f,1280,720,7,0.0068913,62.7,5,0.487211,1,1,0,0.493432,0,0,0,0.000000
test/images/WEBFire988_jpg.rf.b8aa389bdaed03018896d82142d5b4bc.jpg,dfire_yolov8n,f93b2e5774261225636586f1f0bc0cc57a39966f2e9d342c8d241f4b4be34307,1280,720,1,0.0010091,59.5,2,0.100689,0,0,0,0.000000,0,0,0,0.000000
test/images/WEBFire988_jpg.rf.b8aa389bdaed03018896d82142d5b4bc.jpg,dfine,f93b2e5774261225636586f1f0bc0cc57a39966f2e9d342c8d241f4b4be34307,1280,720,1,0.0010091,471.2,47,0.625559,1,1,1,0.650350,1,1,1,0.650350
test/images/WEBFire988_jpg.rf.b8aa389bdaed03018896d82142d5b4bc.jpg,yolo,f93b2e5774261225636586f1f0bc0cc57a39966f2e9d342c8d241f4b4be34307,1280,720,1,0.0010091,801.9,3,0.146744,0,0,0,0.000000,0,0,0,0.000000
test/images/WEBFire988_jpg.rf.b8aa389bdaed03018896d82142d5b4bc.jpg,soul,f93b2e5774261225636586f1f0bc0cc57a39966f2e9d342c8d241f4b4be34307,1280,720,1,0.0010091,68.4,3,0.216795,0,0,0,0.000000,0,0,0,0.000000
test/images/WEBFire989_jpg.rf.1cc85ae5f23216a34f8a2032f520e6df.jpg,dfire_yolov8n,19834da89509cd147a9578b0b28ae801ea294e89ef75ead982052f6278551571,1280,720,1,0.0003364,73.9,3,0.157369,0,0,0,0.000000,0,0,0,0.000000
test/images/WEBFire989_jpg.rf.1cc85ae5f23216a34f8a2032f520e6df.jpg,dfine,19834da89509cd147a9578b0b28ae801ea294e89ef75ead982052f6278551571,1280,720,1,0.0003364,553.7,30,0.372249,1,0,0,0.000000,0,0,0,0.000000
test/images/WEBFire989_jpg.rf.1cc85ae5f23216a34f8a2032f520e6df.jpg,yolo,19834da89509cd147a9578b0b28ae801ea294e89ef75ead982052f6278551571,1280,720,1,0.0003364,761.4,0,0.000000,0,0,0,0.000000,0,0,0,0.000000
test/images/WEBFire989_jpg.rf.1cc85ae5f23216a34f8a2032f520e6df.jpg,soul,19834da89509cd147a9578b0b28ae801ea294e89ef75ead982052f6278551571,1280,720,1,0.0003364,58.2,4,0.162859,0,0,0,0.000000,0,0,0,0.000000
test/images/WEBFire999_jpg.rf.6e31c9866e3350a8fa81eddb08a9a03f.jpg,dfire_yolov8n,c55fc82e50f2e3450a81a05e9aa067b2a7558dc353aecf63f1e4f092a5331683,1280,720,1,0.0001042,58.8,0,0.000000,0,0,0,0.000000,0,0,0,0.000000
test/images/WEBFire999_jpg.rf.6e31c9866e3350a8fa81eddb08a9a03f.jpg,dfine,c55fc82e50f2e3450a81a05e9aa067b2a7558dc353aecf63f1e4f092a5331683,1280,720,1,0.0001042,665.6,29,0.388531,1,0,0,0.000000,0,0,0,0.000000
test/images/WEBFire999_jpg.rf.6e31c9866e3350a8fa81eddb08a9a03f.jpg,yolo,c55fc82e50f2e3450a81a05e9aa067b2a7558dc353aecf63f1e4f092a5331683,1280,720,1,0.0001042,885.6,0,0.000000,0,0,0,0.000000,0,0,0,0.000000
test/images/WEBFire999_jpg.rf.6e31c9866e3350a8fa81eddb08a9a03f.jpg,soul,c55fc82e50f2e3450a81a05e9aa067b2a7558dc353aecf63f1e4f092a5331683,1280,720,1,0.0001042,62.7,5,0.083963,0,0,0,0.000000,0,0,0,0.000000
test/images/WEBSmoke1061_jpg.rf.80f5c85727e16af1b1e881ef7737e2d3.jpg,dfire_yolov8n,4edc38ead697433fc3f107e26dfec1c93ba57ee6ec011254721d9a8ef443e730,1024,768,2,0.0341288,58.7,2,0.221623,0,0,0,0.000000,0,0,0,0.000000
test/images/WEBSmoke1061_jpg.rf.80f5c85727e16af1b1e881ef7737e2d3.jpg,dfine,4edc38ead697433fc3f107e26dfec1c93ba57ee6ec011254721d9a8ef443e730,1024,768,2,0.0341288,551.6,64,0.616625,1,1,1,0.794781,1,1,1,0.794781
test/images/WEBSmoke1061_jpg.rf.80f5c85727e16af1b1e881ef7737e2d3.jpg,yolo,4edc38ead697433fc3f107e26dfec1c93ba57ee6ec011254721d9a8ef443e730,1024,768,2,0.0341288,735.5,15,0.526599,1,0,0,0.268989,1,0,0,0.039642
test/images/WEBSmoke1061_jpg.rf.80f5c85727e16af1b1e881ef7737e2d3.jpg,soul,4edc38ead697433fc3f107e26dfec1c93ba57ee6ec011254721d9a8ef443e730,1024,768,2,0.0341288,57.3,3,0.151004,0,0,0,0.000000,0,0,0,0.000000
test/images/WEBSmoke1068_jpg.rf.8291db8662d398dcbb123db8d1f5f3f5.jpg,dfire_yolov8n,eeb5302873da2498adc880b957419c8c6aefaf8b6862ba3c8cb88541c3bdfc15,800,600,1,0.0040625,60.1,1,0.089619,0,0,0,0.000000,0,0,0,0.000000
test/images/WEBSmoke1068_jpg.rf.8291db8662d398dcbb123db8d1f5f3f5.jpg,dfine,eeb5302873da2498adc880b957419c8c6aefaf8b6862ba3c8cb88541c3bdfc15,800,600,1,0.0040625,467.4,2,0.175620,0,0,0,0.000000,0,0,0,0.000000
test/images/WEBSmoke1068_jpg.rf.8291db8662d398dcbb123db8d1f5f3f5.jpg,yolo,eeb5302873da2498adc880b957419c8c6aefaf8b6862ba3c8cb88541c3bdfc15,800,600,1,0.0040625,728.4,0,0.000000,0,0,0,0.000000,0,0,0,0.000000
test/images/WEBSmoke1068_jpg.rf.8291db8662d398dcbb123db8d1f5f3f5.jpg,soul,eeb5302873da2498adc880b957419c8c6aefaf8b6862ba3c8cb88541c3bdfc15,800,600,1,0.0040625,52.6,1,0.374566,1,0,0,0.000000,0,0,0,0.000000
test/images/WEBSmoke1147_jpg.rf.fe1834f813bcbe7ae6ead80acbb991a6.jpg,dfire_yolov8n,6b0df5a77573a359e8eb2913ae1f113e88e49988e636f0683de0b369500b9369,1366,768,1,0.0018302,49.1,1,0.056613,0,0,0,0.000000,0,0,0,0.000000
test/images/WEBSmoke1147_jpg.rf.fe1834f813bcbe7ae6ead80acbb991a6.jpg,dfine,6b0df5a77573a359e8eb2913ae1f113e88e49988e636f0683de0b369500b9369,1366,768,1,0.0018302,543.9,17,0.690401,1,1,0,0.379167,1,1,0,0.379167
test/images/WEBSmoke1147_jpg.rf.fe1834f813bcbe7ae6ead80acbb991a6.jpg,yolo,6b0df5a77573a359e8eb2913ae1f113e88e49988e636f0683de0b369500b9369,1366,768,1,0.0018302,715.4,1,0.360925,1,1,0,0.387500,0,0,0,0.000000
test/images/WEBSmoke1147_jpg.rf.fe1834f813bcbe7ae6ead80acbb991a6.jpg,soul,6b0df5a77573a359e8eb2913ae1f113e88e49988e636f0683de0b369500b9369,1366,768,1,0.0018302,60.6,0,0.000000,0,0,0,0.000000,0,0,0,0.000000
test/images/WEBSmoke1258_jpg.rf.63b707b067540c8e47bfa2ee78fe4776.jpg,dfire_yolov8n,e714d4b6631dea9a4f7e1b7db9f602218d109a045836f8a24331d8e6fe83c96f,1280,720,1,0.0386719,59.1,1,0.807318,1,1,1,0.736196,1,1,1,0.736196
test/images/WEBSmoke1258_jpg.rf.63b707b067540c8e47bfa2ee78fe4776.jpg,dfine,e714d4b6631dea9a4f7e1b7db9f602218d109a045836f8a24331d8e6fe83c96f,1280,720,1,0.0386719,439.4,19,0.790720,1,1,1,0.599556,1,1,1,0.599556
test/images/WEBSmoke1258_jpg.rf.63b707b067540c8e47bfa2ee78fe4776.jpg,yolo,e714d4b6631dea9a4f7e1b7db9f602218d109a045836f8a24331d8e6fe83c96f,1280,720,1,0.0386719,671.0,1,0.742657,1,1,1,0.748299,1,1,1,0.748299
test/images/WEBSmoke1258_jpg.rf.63b707b067540c8e47bfa2ee78fe4776.jpg,soul,e714d4b6631dea9a4f7e1b7db9f602218d109a045836f8a24331d8e6fe83c96f,1280,720,1,0.0386719,51.5,2,0.809846,1,1,1,0.524727,1,1,1,0.524727
test/images/WEBSmoke1524_jpg.rf.f1d9ed9ac897c6291e48a45bd0899594.jpg,dfire_yolov8n,09f485f73f2aa816014a7457cc5441df5410dd9ec22f8137b44befcb4c1445cc,621,733,1,0.0005141,61.7,1,0.082061,0,0,0,0.000000,0,0,0,0.000000
test/images/WEBSmoke1524_jpg.rf.f1d9ed9ac897c6291e48a45bd0899594.jpg,dfine,09f485f73f2aa816014a7457cc5441df5410dd9ec22f8137b44befcb4c1445cc,621,733,1,0.0005141,449.4,1,0.330470,1,1,1,0.645161,0,0,0,0.000000
test/images/WEBSmoke1524_jpg.rf.f1d9ed9ac897c6291e48a45bd0899594.jpg,yolo,09f485f73f2aa816014a7457cc5441df5410dd9ec22f8137b44befcb4c1445cc,621,733,1,0.0005141,704.8,1,0.286657,1,1,1,0.608696,0,0,0,0.000000
test/images/WEBSmoke1524_jpg.rf.f1d9ed9ac897c6291e48a45bd0899594.jpg,soul,09f485f73f2aa816014a7457cc5441df5410dd9ec22f8137b44befcb4c1445cc,621,733,1,0.0005141,56.1,0,0.000000,0,0,0,0.000000,0,0,0,0.000000
test/images/WEBSmoke1630_jpg.rf.7b7b47df10e9d9e362ba58786e562b5f.jpg,dfire_yolov8n,303c0b6ceea0173eb13f03d756e526c3846e42db67bb1f9b76c774552aabb14a,1200,675,1,0.0116062,54.8,1,0.656958,1,1,1,0.581781,1,1,1,0.581781
test/images/WEBSmoke1630_jpg.rf.7b7b47df10e9d9e362ba58786e562b5f.jpg,dfine,303c0b6ceea0173eb13f03d756e526c3846e42db67bb1f9b76c774552aabb14a,1200,675,1,0.0116062,412.4,35,0.787221,1,1,1,0.607378,1,1,1,0.607378
test/images/WEBSmoke1630_jpg.rf.7b7b47df10e9d9e362ba58786e562b5f.jpg,yolo,303c0b6ceea0173eb13f03d756e526c3846e42db67bb1f9b76c774552aabb14a,1200,675,1,0.0116062,770.0,1,0.564740,1,1,1,0.614404,1,1,1,0.614404
test/images/WEBSmoke1630_jpg.rf.7b7b47df10e9d9e362ba58786e562b5f.jpg,soul,303c0b6ceea0173eb13f03d756e526c3846e42db67bb1f9b76c774552aabb14a,1200,675,1,0.0116062,56.2,1,0.764944,1,1,0,0.404722,1,1,0,0.404722
test/images/WEBSmoke2287_jpg.rf.cf814b5bcdde2c2947c3f2291e30b2d4.jpg,dfire_yolov8n,221253e313097aed51ce8120051a704c67b9b707195eb4eab19d74d131054e4a,1280,720,1,0.0009115,59.9,1,0.577276,1,1,1,0.769231,1,1,1,0.769231
test/images/WEBSmoke2287_jpg.rf.cf814b5bcdde2c2947c3f2291e30b2d4.jpg,dfine,221253e313097aed51ce8120051a704c67b9b707195eb4eab19d74d131054e4a,1280,720,1,0.0009115,456.2,21,0.761038,1,1,1,0.681818,1,1,1,0.681818
test/images/WEBSmoke2287_jpg.rf.cf814b5bcdde2c2947c3f2291e30b2d4.jpg,yolo,221253e313097aed51ce8120051a704c67b9b707195eb4eab19d74d131054e4a,1280,720,1,0.0009115,698.0,1,0.403374,1,1,1,0.717073,0,0,0,0.000000
test/images/WEBSmoke2287_jpg.rf.cf814b5bcdde2c2947c3f2291e30b2d4.jpg,soul,221253e313097aed51ce8120051a704c67b9b707195eb4eab19d74d131054e4a,1280,720,1,0.0009115,57.1,4,0.645683,1,1,1,0.668342,1,1,1,0.668342
test/images/WEBSmoke2300_jpg.rf.ecf39b62a36ac6178f9b90f026bdf99f.jpg,dfire_yolov8n,003ac14725a1b5cc388e187ecba6993a7fce1157fe7802dcac7d8fb974424b4a,1280,720,1,0.0006923,61.0,1,0.502955,1,1,1,0.551724,1,1,1,0.551724
test/images/WEBSmoke2300_jpg.rf.ecf39b62a36ac6178f9b90f026bdf99f.jpg,dfine,003ac14725a1b5cc388e187ecba6993a7fce1157fe7802dcac7d8fb974424b4a,1280,720,1,0.0006923,425.0,5,0.702905,1,1,1,0.780822,1,1,1,0.780822
test/images/WEBSmoke2300_jpg.rf.ecf39b62a36ac6178f9b90f026bdf99f.jpg,yolo,003ac14725a1b5cc388e187ecba6993a7fce1157fe7802dcac7d8fb974424b4a,1280,720,1,0.0006923,765.6,3,0.657890,1,1,1,0.780822,1,1,1,0.780822
test/images/WEBSmoke2300_jpg.rf.ecf39b62a36ac6178f9b90f026bdf99f.jpg,soul,003ac14725a1b5cc388e187ecba6993a7fce1157fe7802dcac7d8fb974424b4a,1280,720,1,0.0006923,59.0,5,0.115626,0,0,0,0.000000,0,0,0,0.000000
test/images/WEBSmoke2333_jpg.rf.e826ede56a80883572f32654a92347e0.jpg,dfire_yolov8n,8503837d69a4cb4866ccd20e2d63c8b7027a3dbd2f293c24bb6a5cc3c12f8c2f,1280,720,1,0.0017849,57.2,2,0.516313,1,1,1,0.567875,1,1,1,0.567875
test/images/WEBSmoke2333_jpg.rf.e826ede56a80883572f32654a92347e0.jpg,dfine,8503837d69a4cb4866ccd20e2d63c8b7027a3dbd2f293c24bb6a5cc3c12f8c2f,1280,720,1,0.0017849,518.9,10,0.755306,1,1,1,0.729490,1,1,1,0.729490
test/images/WEBSmoke2333_jpg.rf.e826ede56a80883572f32654a92347e0.jpg,yolo,8503837d69a4cb4866ccd20e2d63c8b7027a3dbd2f293c24bb6a5cc3c12f8c2f,1280,720,1,0.0017849,734.0,2,0.756176,1,1,1,0.781102,1,1,1,0.781102
test/images/WEBSmoke2333_jpg.rf.e826ede56a80883572f32654a92347e0.jpg,soul,8503837d69a4cb4866ccd20e2d63c8b7027a3dbd2f293c24bb6a5cc3c12f8c2f,1280,720,1,0.0017849,61.5,2,0.213557,0,0,0,0.000000,0,0,0,0.000000
test/images/WEBSmoke2474_jpg.rf.e431e08a0f50ccd99ae8a36a65c5c847.jpg,dfire_yolov8n,5afa5771895ce8130fd7d31bf730e2d43c96c6c713a6caae0d08acc2e5e736e7,1280,720,2,0.0095964,67.3,3,0.551802,1,1,1,0.658526,1,1,0,0.486163
test/images/WEBSmoke2474_jpg.rf.e431e08a0f50ccd99ae8a36a65c5c847.jpg,dfine,5afa5771895ce8130fd7d31bf730e2d43c96c6c713a6caae0d08acc2e5e736e7,1280,720,2,0.0095964,405.6,32,0.798973,1,1,0,0.456853,1,1,0,0.453283
test/images/WEBSmoke2474_jpg.rf.e431e08a0f50ccd99ae8a36a65c5c847.jpg,yolo,5afa5771895ce8130fd7d31bf730e2d43c96c6c713a6caae0d08acc2e5e736e7,1280,720,2,0.0095964,771.9,2,0.547397,1,1,0,0.341401,1,1,0,0.341401
test/images/WEBSmoke2474_jpg.rf.e431e08a0f50ccd99ae8a36a65c5c847.jpg,soul,5afa5771895ce8130fd7d31bf730e2d43c96c6c713a6caae0d08acc2e5e736e7,1280,720,2,0.0095964,64.9,1,0.733863,1,1,0,0.406695,1,1,0,0.406695
test/images/WEBSmoke2605_jpg.rf.7fe704f8e8beee949a2a843bad3016cb.jpg,dfire_yolov8n,9533a607a262726a32dadaa5377c253346c12fe676f4a46d7596d6e5a6035263,1280,768,1,0.0043030,66.9,1,0.377838,1,1,0,0.491489,0,0,0,0.000000
test/images/WEBSmoke2605_jpg.rf.7fe704f8e8beee949a2a843bad3016cb.jpg,dfine,9533a607a262726a32dadaa5377c253346c12fe676f4a46d7596d6e5a6035263,1280,768,1,0.0043030,419.4,15,0.795018,1,1,1,0.734752,1,1,1,0.734752
test/images/WEBSmoke2605_jpg.rf.7fe704f8e8beee949a2a843bad3016cb.jpg,yolo,9533a607a262726a32dadaa5377c253346c12fe676f4a46d7596d6e5a6035263,1280,768,1,0.0043030,719.0,2,0.627012,1,1,1,0.638534,1,1,1,0.638534
test/images/WEBSmoke2605_jpg.rf.7fe704f8e8beee949a2a843bad3016cb.jpg,soul,9533a607a262726a32dadaa5377c253346c12fe676f4a46d7596d6e5a6035263,1280,768,1,0.0043030,58.4,2,0.301376,1,0,0,0.241135,0,0,0,0.000000
test/images/WEBSmoke262_jpg.rf.8c861228b2fb1974e4296c881dba2a76.jpg,dfire_yolov8n,6adaff08ab458706d11f4a708a524b7d63e02b9bd982074daab5b60f820d5ac3,927,617,1,0.0082960,51.3,3,0.630258,1,1,1,0.709427,1,1,1,0.709427
test/images/WEBSmoke262_jpg.rf.8c861228b2fb1974e4296c881dba2a76.jpg,dfine,6adaff08ab458706d11f4a708a524b7d63e02b9bd982074daab5b60f820d5ac3,927,617,1,0.0082960,543.5,21,0.863879,1,1,1,0.681993,1,1,1,0.681993
test/images/WEBSmoke262_jpg.rf.8c861228b2fb1974e4296c881dba2a76.jpg,yolo,6adaff08ab458706d11f4a708a524b7d63e02b9bd982074daab5b60f820d5ac3,927,617,1,0.0082960,723.9,3,0.827490,1,1,1,0.676552,1,1,1,0.676552
test/images/WEBSmoke262_jpg.rf.8c861228b2fb1974e4296c881dba2a76.jpg,soul,6adaff08ab458706d11f4a708a524b7d63e02b9bd982074daab5b60f820d5ac3,927,617,1,0.0082960,54.2,2,0.766697,1,1,1,0.632339,1,1,1,0.632339
test/images/WEBSmoke2852_jpg.rf.6b13301a154676366920ba95080eed78.jpg,dfire_yolov8n,d85ef8a9374356f38445fecc2c4ba6ff6eb71cad5443af85200e0eff4fe1a10e,932,621,1,0.0018574,51.8,2,0.502765,1,1,0,0.435223,1,1,0,0.435223
test/images/WEBSmoke2852_jpg.rf.6b13301a154676366920ba95080eed78.jpg,dfine,d85ef8a9374356f38445fecc2c4ba6ff6eb71cad5443af85200e0eff4fe1a10e,932,621,1,0.0018574,454.9,35,0.675929,1,1,1,0.545132,1,0,0,0.117268
test/images/WEBSmoke2852_jpg.rf.6b13301a154676366920ba95080eed78.jpg,yolo,d85ef8a9374356f38445fecc2c4ba6ff6eb71cad5443af85200e0eff4fe1a10e,932,621,1,0.0018574,752.6,3,0.364225,1,1,1,0.504695,0,0,0,0.000000
test/images/WEBSmoke2852_jpg.rf.6b13301a154676366920ba95080eed78.jpg,soul,d85ef8a9374356f38445fecc2c4ba6ff6eb71cad5443af85200e0eff4fe1a10e,932,621,1,0.0018574,51.5,4,0.541590,1,0,0,0.000000,1,0,0,0.000000
test/images/WEBSmoke2883_jpg.rf.1690a192d4bba027c6add9951449a067.jpg,dfire_yolov8n,8cd52206a3be448edbd5a7836a8803068d11455bdde1f224db61f3eae11ed983,528,597,1,0.0666876,56.6,4,0.699513,1,1,1,0.612721,1,1,1,0.612721
test/images/WEBSmoke2883_jpg.rf.1690a192d4bba027c6add9951449a067.jpg,dfine,8cd52206a3be448edbd5a7836a8803068d11455bdde1f224db61f3eae11ed983,528,597,1,0.0666876,401.0,20,0.809214,1,1,1,0.929839,1,1,1,0.929839
test/images/WEBSmoke2883_jpg.rf.1690a192d4bba027c6add9951449a067.jpg,yolo,8cd52206a3be448edbd5a7836a8803068d11455bdde1f224db61f3eae11ed983,528,597,1,0.0666876,718.0,2,0.682398,1,1,1,0.620909,1,1,1,0.620909
test/images/WEBSmoke2883_jpg.rf.1690a192d4bba027c6add9951449a067.jpg,soul,8cd52206a3be448edbd5a7836a8803068d11455bdde1f224db61f3eae11ed983,528,597,1,0.0666876,50.4,4,0.775348,1,1,1,0.570287,1,1,1,0.570287
test/images/WEBSmoke2985_jpg.rf.6343d9a24fa35038b38ff258f19b97be.jpg,dfire_yolov8n,e9e3fde859fa6ccb3529ac56b5014963531e0788830ded318f2d3b107a3d07dd,1040,585,1,0.0011243,56.3,1,0.612668,1,1,0,0.490323,1,1,0,0.490323
test/images/WEBSmoke2985_jpg.rf.6343d9a24fa35038b38ff258f19b97be.jpg,dfine,e9e3fde859fa6ccb3529ac56b5014963531e0788830ded318f2d3b107a3d07dd,1040,585,1,0.0011243,378.9,3,0.699089,1,1,0,0.398834,1,1,0,0.398834
test/images/WEBSmoke2985_jpg.rf.6343d9a24fa35038b38ff258f19b97be.jpg,yolo,e9e3fde859fa6ccb3529ac56b5014963531e0788830ded318f2d3b107a3d07dd,1040,585,1,0.0011243,669.4,1,0.687920,1,1,0,0.469458,1,1,0,0.469458
test/images/WEBSmoke2985_jpg.rf.6343d9a24fa35038b38ff258f19b97be.jpg,soul,e9e3fde859fa6ccb3529ac56b5014963531e0788830ded318f2d3b107a3d07dd,1040,585,1,0.0011243,56.6,0,0.000000,0,0,0,0.000000,0,0,0,0.000000
test/images/WEBSmoke3220_jpg.rf.e8a08d09309b81ad57f1a11c09f98b32.jpg,dfire_yolov8n,199f2a4611f26004c37ba6fc3a2c30d57786e93330335f108a093a3346e071ba,1200,675,5,0.0123346,51.4,10,0.807155,1,1,1,0.885942,1,1,1,0.885942
test/images/WEBSmoke3220_jpg.rf.e8a08d09309b81ad57f1a11c09f98b32.jpg,dfine,199f2a4611f26004c37ba6fc3a2c30d57786e93330335f108a093a3346e071ba,1200,675,5,0.0123346,415.1,34,0.820779,1,1,1,0.860188,1,1,1,0.860188
test/images/WEBSmoke3220_jpg.rf.e8a08d09309b81ad57f1a11c09f98b32.jpg,yolo,199f2a4611f26004c37ba6fc3a2c30d57786e93330335f108a093a3346e071ba,1200,675,5,0.0123346,676.7,8,0.683908,1,1,1,0.880428,1,1,1,0.880428
test/images/WEBSmoke3220_jpg.rf.e8a08d09309b81ad57f1a11c09f98b32.jpg,soul,199f2a4611f26004c37ba6fc3a2c30d57786e93330335f108a093a3346e071ba,1200,675,5,0.0123346,59.0,5,0.806841,1,1,1,0.895994,1,1,1,0.895994
test/images/WEBSmoke329_jpg.rf.aca7b93928831ea2473a9f1144b271e0.jpg,dfire_yolov8n,eb60963495a238a358f3691837c6920874c7bec6a873a717e5ab14861814a98d,524,522,1,0.0228715,49.6,3,0.574021,1,1,1,0.822169,1,1,1,0.822169
test/images/WEBSmoke329_jpg.rf.aca7b93928831ea2473a9f1144b271e0.jpg,dfine,eb60963495a238a358f3691837c6920874c7bec6a873a717e5ab14861814a98d,524,522,1,0.0228715,374.9,24,0.688602,1,1,1,0.744444,1,1,0,0.460478
test/images/WEBSmoke329_jpg.rf.aca7b93928831ea2473a9f1144b271e0.jpg,yolo,eb60963495a238a358f3691837c6920874c7bec6a873a717e5ab14861814a98d,524,522,1,0.0228715,669.1,4,0.507784,1,1,0,0.409602,1,0,0,0.200418
test/images/WEBSmoke329_jpg.rf.aca7b93928831ea2473a9f1144b271e0.jpg,soul,eb60963495a238a358f3691837c6920874c7bec6a873a717e5ab14861814a98d,524,522,1,0.0228715,53.6,4,0.816728,1,1,0,0.447570,1,1,0,0.447570
test/images/WEBSmoke3327_jpg.rf.1ca5c75592622a1b65506e8cb8b4a4b6.jpg,dfire_yolov8n,8460f33ae8df1872956135d683c0badccbda90d4f91a80e8554299ef593a943a,1152,864,3,0.0014829,49.1,3,0.389506,1,1,1,0.886111,0,0,0,0.000000
test/images/WEBSmoke3327_jpg.rf.1ca5c75592622a1b65506e8cb8b4a4b6.jpg,dfine,8460f33ae8df1872956135d683c0badccbda90d4f91a80e8554299ef593a943a,1152,864,3,0.0014829,390.0,18,0.744324,1,1,1,0.871162,1,1,1,0.871162
test/images/WEBSmoke3327_jpg.rf.1ca5c75592622a1b65506e8cb8b4a4b6.jpg,yolo,8460f33ae8df1872956135d683c0badccbda90d4f91a80e8554299ef593a943a,1152,864,3,0.0014829,755.6,6,0.562920,1,1,1,0.851948,1,1,1,0.851948
test/images/WEBSmoke3327_jpg.rf.1ca5c75592622a1b65506e8cb8b4a4b6.jpg,soul,8460f33ae8df1872956135d683c0badccbda90d4f91a80e8554299ef593a943a,1152,864,3,0.0014829,63.7,6,0.543806,1,1,0,0.495863,1,1,0,0.495863
test/images/WEBSmoke3591_jpg.rf.d18a704919bb7752bf025edc518c5d80.jpg,dfire_yolov8n,690a4590113178c37e55e22c4bed5df8c382c726c344478f16bd91c0ca47accd,1280,681,1,0.0530975,68.4,2,0.687609,1,1,1,0.597540,1,1,1,0.597540
test/images/WEBSmoke3591_jpg.rf.d18a704919bb7752bf025edc518c5d80.jpg,dfine,690a4590113178c37e55e22c4bed5df8c382c726c344478f16bd91c0ca47accd,1280,681,1,0.0530975,501.5,32,0.740313,1,1,1,0.594138,1,1,1,0.594138
test/images/WEBSmoke3591_jpg.rf.d18a704919bb7752bf025edc518c5d80.jpg,yolo,690a4590113178c37e55e22c4bed5df8c382c726c344478f16bd91c0ca47accd,1280,681,1,0.0530975,683.0,5,0.534426,1,1,0,0.488210,1,0,0,0.000000
test/images/WEBSmoke3591_jpg.rf.d18a704919bb7752bf025edc518c5d80.jpg,soul,690a4590113178c37e55e22c4bed5df8c382c726c344478f16bd91c0ca47accd,1280,681,1,0.0530975,52.1,2,0.655767,1,1,0,0.490364,1,1,0,0.490364
test/images/WEBSmoke373_jpg.rf.439a9ddfc0aca24c32b1aa8a3ee20752.jpg,dfire_yolov8n,c90cfda0d795a174abf786bdee8e1a9852b39525431c2e6f2ea0628b229213aa,819,614,4,0.0357053,59.6,4,0.797359,1,1,1,0.744456,1,1,1,0.744456
test/images/WEBSmoke373_jpg.rf.439a9ddfc0aca24c32b1aa8a3ee20752.jpg,dfine,c90cfda0d795a174abf786bdee8e1a9852b39525431c2e6f2ea0628b229213aa,819,614,4,0.0357053,430.5,28,0.888084,1,1,1,0.679916,1,1,1,0.679916
test/images/WEBSmoke373_jpg.rf.439a9ddfc0aca24c32b1aa8a3ee20752.jpg,yolo,c90cfda0d795a174abf786bdee8e1a9852b39525431c2e6f2ea0628b229213aa,819,614,4,0.0357053,726.5,7,0.774985,1,1,1,0.679095,1,1,1,0.679095
test/images/WEBSmoke373_jpg.rf.439a9ddfc0aca24c32b1aa8a3ee20752.jpg,soul,c90cfda0d795a174abf786bdee8e1a9852b39525431c2e6f2ea0628b229213aa,819,614,4,0.0357053,63.5,6,0.802849,1,1,1,0.720445,1,1,1,0.720445
test/images/WEBSmoke468_jpg.rf.63dae3a5ab1d279b5daf6a52b8f86346.jpg,dfire_yolov8n,76d0b920695f4101998472b8b2cceeb4b7d89e84e3722fb682169712e0f5fbd3,1120,840,3,0.0020663,61.8,3,0.333372,1,1,1,0.572430,0,0,0,0.000000
test/images/WEBSmoke468_jpg.rf.63dae3a5ab1d279b5daf6a52b8f86346.jpg,dfine,76d0b920695f4101998472b8b2cceeb4b7d89e84e3722fb682169712e0f5fbd3,1120,840,3,0.0020663,555.8,17,0.648208,1,1,1,0.614346,1,1,1,0.614346
test/images/WEBSmoke468_jpg.rf.63dae3a5ab1d279b5daf6a52b8f86346.jpg,yolo,76d0b920695f4101998472b8b2cceeb4b7d89e84e3722fb682169712e0f5fbd3,1120,840,3,0.0020663,770.1,4,0.542637,1,1,1,0.627907,1,1,1,0.627907
test/images/WEBSmoke468_jpg.rf.63dae3a5ab1d279b5daf6a52b8f86346.jpg,soul,76d0b920695f4101998472b8b2cceeb4b7d89e84e3722fb682169712e0f5fbd3,1120,840,3,0.0020663,58.4,1,0.808335,1,0,0,0.000000,1,0,0,0.000000
test/images/WEBSmoke469_jpg.rf.914bdd73be51c16e06f3add552559a88.jpg,dfire_yolov8n,32dcd2eed03778f30ee0d750a7afd587e7d32c2000e5dc80e1ddc66932d5ec37,781,541,2,0.0009585,52.7,2,0.255354,1,1,1,0.747036,0,0,0,0.000000
test/images/WEBSmoke469_jpg.rf.914bdd73be51c16e06f3add552559a88.jpg,dfine,32dcd2eed03778f30ee0d750a7afd587e7d32c2000e5dc80e1ddc66932d5ec37,781,541,2,0.0009585,453.4,11,0.556024,1,1,1,0.701754,1,1,1,0.701754
test/images/WEBSmoke469_jpg.rf.914bdd73be51c16e06f3add552559a88.jpg,yolo,32dcd2eed03778f30ee0d750a7afd587e7d32c2000e5dc80e1ddc66932d5ec37,781,541,2,0.0009585,701.8,3,0.366397,1,1,1,0.780992,0,0,0,0.000000
test/images/WEBSmoke469_jpg.rf.914bdd73be51c16e06f3add552559a88.jpg,soul,32dcd2eed03778f30ee0d750a7afd587e7d32c2000e5dc80e1ddc66932d5ec37,781,541,2,0.0009585,63.5,4,0.678145,1,0,0,0.000000,1,0,0,0.000000
test/images/WEBSmoke482_jpg.rf.3e6c8bb5fb3f182106f13efffb1300d0.jpg,dfire_yolov8n,76b03610d879ef2198c13812fa080d372df39080afa4f0677ba84eff12178508,1266,670,1,0.0015208,64.9,2,0.540953,1,1,1,0.914414,1,1,1,0.914414
test/images/WEBSmoke482_jpg.rf.3e6c8bb5fb3f182106f13efffb1300d0.jpg,dfine,76b03610d879ef2198c13812fa080d372df39080afa4f0677ba84eff12178508,1266,670,1,0.0015208,591.5,28,0.713535,1,1,1,0.904628,1,1,1,0.904628
test/images/WEBSmoke482_jpg.rf.3e6c8bb5fb3f182106f13efffb1300d0.jpg,yolo,76b03610d879ef2198c13812fa080d372df39080afa4f0677ba84eff12178508,1266,670,1,0.0015208,708.6,4,0.681279,1,1,1,0.977273,1,1,1,0.977273
test/images/WEBSmoke482_jpg.rf.3e6c8bb5fb3f182106f13efffb1300d0.jpg,soul,76b03610d879ef2198c13812fa080d372df39080afa4f0677ba84eff12178508,1266,670,1,0.0015208,61.8,2,0.097426,0,0,0,0.000000,0,0,0,0.000000
test/images/WEBSmoke496_jpg.rf.9ea85a6f336d15c6a13df34e4c5178fd.jpg,dfire_yolov8n,56a571db67bcf773b34999f52353f4aa13a68fef843ef3255a8e1f100991dc80,1000,750,1,0.0009880,65.7,0,0.000000,0,0,0,0.000000,0,0,0,0.000000
test/images/WEBSmoke496_jpg.rf.9ea85a6f336d15c6a13df34e4c5178fd.jpg,dfine,56a571db67bcf773b34999f52353f4aa13a68fef843ef3255a8e1f100991dc80,1000,750,1,0.0009880,453.1,5,0.375903,1,1,1,0.695122,0,0,0,0.000000
test/images/WEBSmoke496_jpg.rf.9ea85a6f336d15c6a13df34e4c5178fd.jpg,yolo,56a571db67bcf773b34999f52353f4aa13a68fef843ef3255a8e1f100991dc80,1000,750,1,0.0009880,743.2,1,0.157475,0,0,0,0.000000,0,0,0,0.000000
test/images/WEBSmoke496_jpg.rf.9ea85a6f336d15c6a13df34e4c5178fd.jpg,soul,56a571db67bcf773b34999f52353f4aa13a68fef843ef3255a8e1f100991dc80,1000,750,1,0.0009880,65.7,4,0.079250,0,0,0,0.000000,0,0,0,0.000000
test/images/WEBSmoke497_jpg.rf.c1ffa0be31f9f1f7058a7bbbfa010251.jpg,dfire_yolov8n,8c9e52dc5d8077eac6a0bbf0ae9fc5a60d710d3501be53707e9fcdf97f01a99b,1246,661,1,0.0016926,69.0,2,0.623737,1,1,1,0.699426,1,1,1,0.699426
test/images/WEBSmoke497_jpg.rf.c1ffa0be31f9f1f7058a7bbbfa010251.jpg,dfine,8c9e52dc5d8077eac6a0bbf0ae9fc5a60d710d3501be53707e9fcdf97f01a99b,1246,661,1,0.0016926,582.4,6,0.686241,1,1,1,0.674786,1,1,1,0.674786
test/images/WEBSmoke497_jpg.rf.c1ffa0be31f9f1f7058a7bbbfa010251.jpg,yolo,8c9e52dc5d8077eac6a0bbf0ae9fc5a60d710d3501be53707e9fcdf97f01a99b,1246,661,1,0.0016926,708.7,2,0.670483,1,1,1,0.665490,1,1,1,0.665490
test/images/WEBSmoke497_jpg.rf.c1ffa0be31f9f1f7058a7bbbfa010251.jpg,soul,8c9e52dc5d8077eac6a0bbf0ae9fc5a60d710d3501be53707e9fcdf97f01a99b,1246,661,1,0.0016926,54.7,0,0.000000,0,0,0,0.000000,0,0,0,0.000000
test/images/WEBSmoke521_jpg.rf.4993fcd80c73bb1f4673ec97a0f70cf7.jpg,dfire_yolov8n,f54cec34943a15f2f0371d0d80517e2eb919b0c31c6c7eb6261a58fbf4865662,1166,659,1,0.0011322,56.4,1,0.233655,0,0,0,0.000000,0,0,0,0.000000
test/images/WEBSmoke521_jpg.rf.4993fcd80c73bb1f4673ec97a0f70cf7.jpg,dfine,f54cec34943a15f2f0371d0d80517e2eb919b0c31c6c7eb6261a58fbf4865662,1166,659,1,0.0011322,454.1,23,0.633662,1,1,0,0.440729,1,1,0,0.440729
test/images/WEBSmoke521_jpg.rf.4993fcd80c73bb1f4673ec97a0f70cf7.jpg,yolo,f54cec34943a15f2f0371d0d80517e2eb919b0c31c6c7eb6261a58fbf4865662,1166,659,1,0.0011322,695.2,1,0.428580,1,1,1,0.587045,0,0,0,0.000000
test/images/WEBSmoke521_jpg.rf.4993fcd80c73bb1f4673ec97a0f70cf7.jpg,soul,f54cec34943a15f2f0371d0d80517e2eb919b0c31c6c7eb6261a58fbf4865662,1166,659,1,0.0011322,56.0,0,0.000000,0,0,0,0.000000,0,0,0,0.000000
test/images/WEBSmoke552_jpg.rf.d79aa70a57a37ee0c9fcd260a25ecf45.jpg,dfire_yolov8n,5caa2bad7d63436e806a2ff5b3eefb56da4ff754ccf6e192d98818eb426c1554,1000,750,7,0.0459333,51.5,12,0.782223,1,1,1,0.804348,1,1,1,0.804348
test/images/WEBSmoke552_jpg.rf.d79aa70a57a37ee0c9fcd260a25ecf45.jpg,dfine,5caa2bad7d63436e806a2ff5b3eefb56da4ff754ccf6e192d98818eb426c1554,1000,750,7,0.0459333,433.6,121,0.697034,1,1,1,0.813369,1,1,1,0.760000
test/images/WEBSmoke552_jpg.rf.d79aa70a57a37ee0c9fcd260a25ecf45.jpg,yolo,5caa2bad7d63436e806a2ff5b3eefb56da4ff754ccf6e192d98818eb426c1554,1000,750,7,0.0459333,758.9,14,0.559953,1,1,1,0.786394,1,1,1,0.542212
test/images/WEBSmoke552_jpg.rf.d79aa70a57a37ee0c9fcd260a25ecf45.jpg,soul,5caa2bad7d63436e806a2ff5b3eefb56da4ff754ccf6e192d98818eb426c1554,1000,750,7,0.0459333,59.9,3,0.721781,1,1,0,0.365991,1,1,0,0.365991
test/images/WEBSmoke585_jpg.rf.c1ea3c1f0188eba529a2d38d0197778b.jpg,dfire_yolov8n,4de30657a2d407b1d925900a4a5a54462f5fba2e2e98e1bc71f48edf62447a77,935,534,4,0.1449098,59.0,12,0.775604,1,1,1,0.892029,1,1,1,0.892029
test/images/WEBSmoke585_jpg.rf.c1ea3c1f0188eba529a2d38d0197778b.jpg,dfine,4de30657a2d407b1d925900a4a5a54462f5fba2e2e98e1bc71f48edf62447a77,935,534,4,0.1449098,451.7,127,0.802594,1,1,1,0.919130,1,1,1,0.857223
test/images/WEBSmoke585_jpg.rf.c1ea3c1f0188eba529a2d38d0197778b.jpg,yolo,4de30657a2d407b1d925900a4a5a54462f5fba2e2e98e1bc71f48edf62447a77,935,534,4,0.1449098,729.3,13,0.816100,1,1,1,0.904652,1,1,1,0.904652
test/images/WEBSmoke585_jpg.rf.c1ea3c1f0188eba529a2d38d0197778b.jpg,soul,4de30657a2d407b1d925900a4a5a54462f5fba2e2e98e1bc71f48edf62447a77,935,534,4,0.1449098,85.8,3,0.344659,1,1,0,0.314640,0,0,0,0.000000
test/images/WEBSmoke655_jpg.rf.6381db100de9daba9932ae532116988f.jpg,dfire_yolov8n,74eebadcf391fc3d38c3241e3b5e5d397fba9b572fe48e62bd9846ba284b2dbf,1000,562,1,0.0005676,56.2,4,0.257514,1,1,1,0.569643,0,0,0,0.000000
test/images/WEBSmoke655_jpg.rf.6381db100de9daba9932ae532116988f.jpg,dfine,74eebadcf391fc3d38c3241e3b5e5d397fba9b572fe48e62bd9846ba284b2dbf,1000,562,1,0.0005676,431.6,11,0.570964,1,1,0,0.457676,1,1,0,0.457676
test/images/WEBSmoke655_jpg.rf.6381db100de9daba9932ae532116988f.jpg,yolo,74eebadcf391fc3d38c3241e3b5e5d397fba9b572fe48e62bd9846ba284b2dbf,1000,562,1,0.0005676,758.0,3,0.504078,1,1,1,0.516934,1,1,1,0.516934
test/images/WEBSmoke655_jpg.rf.6381db100de9daba9932ae532116988f.jpg,soul,74eebadcf391fc3d38c3241e3b5e5d397fba9b572fe48e62bd9846ba284b2dbf,1000,562,1,0.0005676,50.8,0,0.000000,0,0,0,0.000000,0,0,0,0.000000
test/images/WEBSmoke670_jpg.rf.203c32afd356a353aba4746e58a53c33.jpg,dfire_yolov8n,5efbbc01391de70ec2ed26b4895045423a1461cb62e32e7c1b1f99960f00c1a6,1280,722,1,0.0001785,57.9,0,0.000000,0,0,0,0.000000,0,0,0,0.000000
test/images/WEBSmoke670_jpg.rf.203c32afd356a353aba4746e58a53c33.jpg,dfine,5efbbc01391de70ec2ed26b4895045423a1461cb62e32e7c1b1f99960f00c1a6,1280,722,1,0.0001785,455.6,9,0.355867,1,1,1,0.515625,0,0,0,0.000000
test/images/WEBSmoke670_jpg.rf.203c32afd356a353aba4746e58a53c33.jpg,yolo,5efbbc01391de70ec2ed26b4895045423a1461cb62e32e7c1b1f99960f00c1a6,1280,722,1,0.0001785,702.0,0,0.000000,0,0,0,0.000000,0,0,0,0.000000
test/images/WEBSmoke670_jpg.rf.203c32afd356a353aba4746e58a53c33.jpg,soul,5efbbc01391de70ec2ed26b4895045423a1461cb62e32e7c1b1f99960f00c1a6,1280,722,1,0.0001785,59.2,2,0.736288,1,0,0,0.000000,1,0,0,0.000000
test/images/WEBSmoke732_jpg.rf.6c946bc139fdccf02df04c58190ebc5d.jpg,dfire_yolov8n,fd000978412c7bf2275f67569a5874d13330176747aaa026dfc29a1417b9e65b,1000,563,1,0.0049254,58.9,5,0.272798,1,1,1,0.701524,0,0,0,0.000000
test/images/WEBSmoke732_jpg.rf.6c946bc139fdccf02df04c58190ebc5d.jpg,dfine,fd000978412c7bf2275f67569a5874d13330176747aaa026dfc29a1417b9e65b,1000,563,1,0.0049254,428.3,44,0.582758,1,1,1,0.628021,1,1,1,0.628021
test/images/WEBSmoke732_jpg.rf.6c946bc139fdccf02df04c58190ebc5d.jpg,yolo,fd000978412c7bf2275f67569a5874d13330176747aaa026dfc29a1417b9e65b,1000,563,1,0.0049254,715.2,5,0.338040,1,1,1,0.658785,0,0,0,0.000000
test/images/WEBSmoke732_jpg.rf.6c946bc139fdccf02df04c58190ebc5d.jpg,soul,fd000978412c7bf2275f67569a5874d13330176747aaa026dfc29a1417b9e65b,1000,563,1,0.0049254,64.2,9,0.645090,1,1,0,0.325459,1,1,0,0.325459
test/images/WEBSmoke798_jpg.rf.833be9cfbfe88beb7431c3ba5af95713.jpg,dfire_yolov8n,c4ee58a115662de8535c2bbaf39c2b7ba70cd7bb16c8012256c887859bbde4a5,1278,720,1,0.0076900,54.7,2,0.287475,1,1,0,0.375976,0,0,0,0.000000
test/images/WEBSmoke798_jpg.rf.833be9cfbfe88beb7431c3ba5af95713.jpg,dfine,c4ee58a115662de8535c2bbaf39c2b7ba70cd7bb16c8012256c887859bbde4a5,1278,720,1,0.0076900,437.3,32,0.464965,1,1,1,0.806106,0,0,0,0.000000
test/images/WEBSmoke798_jpg.rf.833be9cfbfe88beb7431c3ba5af95713.jpg,yolo,c4ee58a115662de8535c2bbaf39c2b7ba70cd7bb16c8012256c887859bbde4a5,1278,720,1,0.0076900,695.6,0,0.000000,0,0,0,0.000000,0,0,0,0.000000
test/images/WEBSmoke798_jpg.rf.833be9cfbfe88beb7431c3ba5af95713.jpg,soul,c4ee58a115662de8535c2bbaf39c2b7ba70cd7bb16c8012256c887859bbde4a5,1278,720,1,0.0076900,53.1,1,0.084216,0,0,0,0.000000,0,0,0,0.000000
test/images/WEBSmoke976_jpg.rf.70994a57f3c0268ed51c8c5e2b8b0cf7.jpg,dfire_yolov8n,4cdb780acfa49aaf0bbaaa5d946b03e155606b2962d21fed9e223b0787b650a6,720,540,3,0.1015201,57.2,9,0.813894,1,1,1,0.849490,1,1,1,0.849490
test/images/WEBSmoke976_jpg.rf.70994a57f3c0268ed51c8c5e2b8b0cf7.jpg,dfine,4cdb780acfa49aaf0bbaaa5d946b03e155606b2962d21fed9e223b0787b650a6,720,540,3,0.1015201,398.0,60,0.805543,1,1,1,0.810382,1,1,1,0.810382
test/images/WEBSmoke976_jpg.rf.70994a57f3c0268ed51c8c5e2b8b0cf7.jpg,yolo,4cdb780acfa49aaf0bbaaa5d946b03e155606b2962d21fed9e223b0787b650a6,720,540,3,0.1015201,712.8,5,0.858266,1,1,1,0.767842,1,1,1,0.767842
test/images/WEBSmoke976_jpg.rf.70994a57f3c0268ed51c8c5e2b8b0cf7.jpg,soul,4cdb780acfa49aaf0bbaaa5d946b03e155606b2962d21fed9e223b0787b650a6,720,540,3,0.1015201,55.6,4,0.858863,1,1,1,0.789420,1,1,1,0.789420
test/images/c2b3af5943e47f2a_jpg.rf.0ea8470b286f91ba4bc635f6e39732df.jpg,dfire_yolov8n,e94a2faf8c1ad4203d8976042881f06d8997cf054d7981b9ae76c6570c183483,1024,768,1,0.0331306,50.9,1,0.688630,1,1,1,0.509154,1,1,1,0.509154
test/images/c2b3af5943e47f2a_jpg.rf.0ea8470b286f91ba4bc635f6e39732df.jpg,dfine,e94a2faf8c1ad4203d8976042881f06d8997cf054d7981b9ae76c6570c183483,1024,768,1,0.0331306,407.2,6,0.819110,1,1,1,0.570869,1,1,1,0.570869
test/images/c2b3af5943e47f2a_jpg.rf.0ea8470b286f91ba4bc635f6e39732df.jpg,yolo,e94a2faf8c1ad4203d8976042881f06d8997cf054d7981b9ae76c6570c183483,1024,768,1,0.0331306,680.1,2,0.540567,1,1,1,0.595471,1,1,1,0.595471
test/images/c2b3af5943e47f2a_jpg.rf.0ea8470b286f91ba4bc635f6e39732df.jpg,soul,e94a2faf8c1ad4203d8976042881f06d8997cf054d7981b9ae76c6570c183483,1024,768,1,0.0331306,49.8,3,0.823447,1,1,1,0.519747,1,1,1,0.519747
test/images/c5b2cd9f94f45817_jpg.rf.208fe000b97a4248764e464fdd55d1ff.jpg,dfire_yolov8n,8f5500c068ff93f211952500355dc7b6d83e458ce0da2d3ac1c9a730f07bdf32,768,1024,1,0.0156199,60.7,1,0.781464,1,1,1,0.829322,1,1,1,0.829322
test/images/c5b2cd9f94f45817_jpg.rf.208fe000b97a4248764e464fdd55d1ff.jpg,dfine,8f5500c068ff93f211952500355dc7b6d83e458ce0da2d3ac1c9a730f07bdf32,768,1024,1,0.0156199,436.1,7,0.799888,1,1,1,0.822335,1,1,1,0.822335
test/images/c5b2cd9f94f45817_jpg.rf.208fe000b97a4248764e464fdd55d1ff.jpg,yolo,8f5500c068ff93f211952500355dc7b6d83e458ce0da2d3ac1c9a730f07bdf32,768,1024,1,0.0156199,714.1,1,0.774203,1,1,1,0.760013,1,1,1,0.760013
test/images/c5b2cd9f94f45817_jpg.rf.208fe000b97a4248764e464fdd55d1ff.jpg,soul,8f5500c068ff93f211952500355dc7b6d83e458ce0da2d3ac1c9a730f07bdf32,768,1024,1,0.0156199,58.3,1,0.824615,1,1,1,0.730218,1,1,1,0.730218
test/images/da180caa6d3ab45d_jpg.rf.1e1502b180eaeaa05995eddefec07a96.jpg,dfire_yolov8n,99d07777402dfb40061f156d5a6ba44bf876faf8637d25f9c151cbd5f39d0a7e,1024,768,1,0.7701060,50.4,2,0.323563,1,1,1,0.694015,0,0,0,0.000000
test/images/da180caa6d3ab45d_jpg.rf.1e1502b180eaeaa05995eddefec07a96.jpg,dfine,99d07777402dfb40061f156d5a6ba44bf876faf8637d25f9c151cbd5f39d0a7e,1024,768,1,0.7701060,414.8,72,0.940047,1,1,1,0.868307,1,1,1,0.868307
test/images/da180caa6d3ab45d_jpg.rf.1e1502b180eaeaa05995eddefec07a96.jpg,yolo,99d07777402dfb40061f156d5a6ba44bf876faf8637d25f9c151cbd5f39d0a7e,1024,768,1,0.7701060,685.3,5,0.732914,1,1,1,0.768261,1,1,1,0.768261
test/images/da180caa6d3ab45d_jpg.rf.1e1502b180eaeaa05995eddefec07a96.jpg,soul,99d07777402dfb40061f156d5a6ba44bf876faf8637d25f9c151cbd5f39d0a7e,1024,768,1,0.7701060,51.3,14,0.809574,1,1,1,0.700851,1,0,0,0.038279
test/images/dbb57c86086d8dc0_jpg.rf.310aec3d4ce5175bf79837bab7be517e.jpg,dfire_yolov8n,7be6647a2d3e69d6662270dff327882df7dc9f98984a4c2aa8a5e4dcd35309ae,1024,1024,1,0.0476189,55.2,1,0.069163,0,0,0,0.000000,0,0,0,0.000000
test/images/dbb57c86086d8dc0_jpg.rf.310aec3d4ce5175bf79837bab7be517e.jpg,dfine,7be6647a2d3e69d6662270dff327882df7dc9f98984a4c2aa8a5e4dcd35309ae,1024,1024,1,0.0476189,470.3,3,0.841825,1,1,1,0.790464,1,1,1,0.790464
test/images/dbb57c86086d8dc0_jpg.rf.310aec3d4ce5175bf79837bab7be517e.jpg,yolo,7be6647a2d3e69d6662270dff327882df7dc9f98984a4c2aa8a5e4dcd35309ae,1024,1024,1,0.0476189,737.4,0,0.000000,0,0,0,0.000000,0,0,0,0.000000
test/images/dbb57c86086d8dc0_jpg.rf.310aec3d4ce5175bf79837bab7be517e.jpg,soul,7be6647a2d3e69d6662270dff327882df7dc9f98984a4c2aa8a5e4dcd35309ae,1024,1024,1,0.0476189,65.1,5,0.664885,1,1,1,0.792990,1,1,1,0.792990
test/images/eba3a1d53df842a0_jpg.rf.f181cfae8e9185411823c982069d35d3.jpg,dfire_yolov8n,86cfd8c3efeb33c227f8a91742d3b170ea082e67e5d8d2eddb371ac01e6b9bb4,1024,768,1,0.0156657,60.4,4,0.591813,1,1,0,0.482143,1,1,0,0.482143
test/images/eba3a1d53df842a0_jpg.rf.f181cfae8e9185411823c982069d35d3.jpg,dfine,86cfd8c3efeb33c227f8a91742d3b170ea082e67e5d8d2eddb371ac01e6b9bb4,1024,768,1,0.0156657,423.0,17,0.440482,1,1,1,0.865097,0,0,0,0.000000
test/images/eba3a1d53df842a0_jpg.rf.f181cfae8e9185411823c982069d35d3.jpg,yolo,86cfd8c3efeb33c227f8a91742d3b170ea082e67e5d8d2eddb371ac01e6b9bb4,1024,768,1,0.0156657,686.4,7,0.531568,1,1,1,0.520130,1,1,1,0.520130
test/images/eba3a1d53df842a0_jpg.rf.f181cfae8e9185411823c982069d35d3.jpg,soul,86cfd8c3efeb33c227f8a91742d3b170ea082e67e5d8d2eddb371ac01e6b9bb4,1024,768,1,0.0156657,57.7,4,0.732859,1,0,0,0.162419,1,0,0,0.162419
test/images/ef363d252b76a301_jpg.rf.28082b82e9b272803255cbdbcc68d297.jpg,dfire_yolov8n,e5df536c1048cb13732eb3801967a534f8b280e380ab10e55bef91deb43278a7,1024,686,1,0.0140932,53.2,1,0.398689,1,1,0,0.366263,0,0,0,0.000000
test/images/ef363d252b76a301_jpg.rf.28082b82e9b272803255cbdbcc68d297.jpg,dfine,e5df536c1048cb13732eb3801967a534f8b280e380ab10e55bef91deb43278a7,1024,686,1,0.0140932,402.8,1,0.068301,0,0,0,0.000000,0,0,0,0.000000
test/images/ef363d252b76a301_jpg.rf.28082b82e9b272803255cbdbcc68d297.jpg,yolo,e5df536c1048cb13732eb3801967a534f8b280e380ab10e55bef91deb43278a7,1024,686,1,0.0140932,684.7,0,0.000000,0,0,0,0.000000,0,0,0,0.000000
test/images/ef363d252b76a301_jpg.rf.28082b82e9b272803255cbdbcc68d297.jpg,soul,e5df536c1048cb13732eb3801967a534f8b280e380ab10e55bef91deb43278a7,1024,686,1,0.0140932,61.8,4,0.780699,1,1,0,0.368349,1,1,0,0.368349
test/images/fire-153_png.rf.a9ab1b75cf5581876102b8f6f77cd84e.jpg,dfire_yolov8n,7ec1509c48d77ae963a84c5fac39cadc27059bcff8f35ecd6fddf8bcad475346,958,641,1,0.3568745,51.7,1,0.763823,1,1,1,0.809967,1,1,1,0.809967
test/images/fire-153_png.rf.a9ab1b75cf5581876102b8f6f77cd84e.jpg,dfine,7ec1509c48d77ae963a84c5fac39cadc27059bcff8f35ecd6fddf8bcad475346,958,641,1,0.3568745,394.4,104,0.753902,1,1,1,0.858014,1,1,1,0.814100
test/images/fire-153_png.rf.a9ab1b75cf5581876102b8f6f77cd84e.jpg,yolo,7ec1509c48d77ae963a84c5fac39cadc27059bcff8f35ecd6fddf8bcad475346,958,641,1,0.3568745,694.2,8,0.600698,1,1,1,0.837611,1,1,1,0.837611
test/images/fire-153_png.rf.a9ab1b75cf5581876102b8f6f77cd84e.jpg,soul,7ec1509c48d77ae963a84c5fac39cadc27059bcff8f35ecd6fddf8bcad475346,958,641,1,0.3568745,50.1,6,0.494966,1,0,0,0.275019,0,0,0,0.000000
test/images/fire-21_png.rf.38ed94b18f4e14283d451b50edd0fe36.jpg,dfire_yolov8n,0c9631dae1ef9fef7eb78dcb798d816050955ecad8b62eedc472e3ea78530150,650,365,1,0.1014546,44.3,3,0.644000,1,1,1,0.609705,1,1,1,0.609705
test/images/fire-21_png.rf.38ed94b18f4e14283d451b50edd0fe36.jpg,dfine,0c9631dae1ef9fef7eb78dcb798d816050955ecad8b62eedc472e3ea78530150,650,365,1,0.1014546,419.0,72,0.537588,1,1,1,0.583255,1,0,0,0.238885
test/images/fire-21_png.rf.38ed94b18f4e14283d451b50edd0fe36.jpg,yolo,0c9631dae1ef9fef7eb78dcb798d816050955ecad8b62eedc472e3ea78530150,650,365,1,0.1014546,671.7,3,0.758632,1,1,1,0.506963,1,1,1,0.506963
test/images/fire-21_png.rf.38ed94b18f4e14283d451b50edd0fe36.jpg,soul,0c9631dae1ef9fef7eb78dcb798d816050955ecad8b62eedc472e3ea78530150,650,365,1,0.1014546,60.1,1,0.714646,1,1,1,0.767757,1,1,1,0.767757
test/images/fire-396_png.rf.29ec54c978a62d0c60c3d8af8d4daeac.jpg,dfire_yolov8n,0732755b39b5557a86492e315995ebe3217a75363fe9e1264f5467d49adbe453,660,440,1,0.2201832,53.5,4,0.850079,1,1,1,0.780788,1,1,1,0.780788
test/images/fire-396_png.rf.29ec54c978a62d0c60c3d8af8d4daeac.jpg,dfine,0732755b39b5557a86492e315995ebe3217a75363fe9e1264f5467d49adbe453,660,440,1,0.2201832,434.9,76,0.895421,1,1,1,0.763078,1,1,1,0.763078
test/images/fire-396_png.rf.29ec54c978a62d0c60c3d8af8d4daeac.jpg,yolo,0732755b39b5557a86492e315995ebe3217a75363fe9e1264f5467d49adbe453,660,440,1,0.2201832,732.5,6,0.769855,1,1,1,0.746720,1,1,1,0.746720
test/images/fire-396_png.rf.29ec54c978a62d0c60c3d8af8d4daeac.jpg,soul,0732755b39b5557a86492e315995ebe3217a75363fe9e1264f5467d49adbe453,660,440,1,0.2201832,54.6,5,0.800637,1,1,1,0.757471,1,1,1,0.757471
test/images/fire-408_png.rf.bd715096bd48241dab2410fa11819010.jpg,dfire_yolov8n,a5d20a5ef9101370efa648a7f60d8974bc377dfba961b244c84299b3e2519261,640,427,3,0.0593365,55.2,16,0.788197,1,1,0,0.435324,1,1,0,0.435324
test/images/fire-408_png.rf.bd715096bd48241dab2410fa11819010.jpg,dfine,a5d20a5ef9101370efa648a7f60d8974bc377dfba961b244c84299b3e2519261,640,427,3,0.0593365,625.8,94,0.812249,1,1,0,0.472074,1,1,0,0.379878
test/images/fire-408_png.rf.bd715096bd48241dab2410fa11819010.jpg,yolo,a5d20a5ef9101370efa648a7f60d8974bc377dfba961b244c84299b3e2519261,640,427,3,0.0593365,840.4,15,0.771780,1,1,0,0.435324,1,1,0,0.435324
test/images/fire-408_png.rf.bd715096bd48241dab2410fa11819010.jpg,soul,a5d20a5ef9101370efa648a7f60d8974bc377dfba961b244c84299b3e2519261,640,427,3,0.0593365,48.0,2,0.353617,1,0,0,0.195616,0,0,0,0.000000
test/images/fire-410_png.rf.a793078efcac12def5fe85574625e785.jpg,dfire_yolov8n,67ce1a7848cfd8db7070fa2b177111801cc71727e674555c1b9218201e1ded8b,800,533,1,0.0973466,52.3,11,0.648562,1,0,0,0.295532,1,0,0,0.295532
test/images/fire-410_png.rf.a793078efcac12def5fe85574625e785.jpg,dfine,67ce1a7848cfd8db7070fa2b177111801cc71727e674555c1b9218201e1ded8b,800,533,1,0.0973466,410.7,54,0.827597,1,0,0,0.263993,1,0,0,0.263993
test/images/fire-410_png.rf.a793078efcac12def5fe85574625e785.jpg,yolo,67ce1a7848cfd8db7070fa2b177111801cc71727e674555c1b9218201e1ded8b,800,533,1,0.0973466,692.5,11,0.660726,1,0,0,0.254921,1,0,0,0.254921
test/images/fire-410_png.rf.a793078efcac12def5fe85574625e785.jpg,soul,67ce1a7848cfd8db7070fa2b177111801cc71727e674555c1b9218201e1ded8b,800,533,1,0.0973466,55.9,6,0.843113,1,0,0,0.239331,1,0,0,0.239331
test/images/fire-415_png.rf.8b2af015521605969d7e342c70f87781.jpg,dfire_yolov8n,141326601b5ed0b5e8aa01a3db484c8f3d126122c8daefb9d25201eef3631a2d,1200,630,2,0.0755605,52.4,14,0.719002,1,1,1,0.608295,1,1,1,0.608295
test/images/fire-415_png.rf.8b2af015521605969d7e342c70f87781.jpg,dfine,141326601b5ed0b5e8aa01a3db484c8f3d126122c8daefb9d25201eef3631a2d,1200,630,2,0.0755605,420.2,135,0.760400,1,1,1,0.702863,1,1,1,0.578767
test/images/fire-415_png.rf.8b2af015521605969d7e342c70f87781.jpg,yolo,141326601b5ed0b5e8aa01a3db484c8f3d126122c8daefb9d25201eef3631a2d,1200,630,2,0.0755605,688.8,13,0.846206,1,1,1,0.625599,1,1,1,0.625599
test/images/fire-415_png.rf.8b2af015521605969d7e342c70f87781.jpg,soul,141326601b5ed0b5e8aa01a3db484c8f3d126122c8daefb9d25201eef3631a2d,1200,630,2,0.0755605,52.6,4,0.414816,1,1,1,0.525105,0,0,0,0.000000
test/images/fire-475_png.rf.91e2e3882c64415c5d7b8ee3fafc2aaf.jpg,dfire_yolov8n,3a7739112201eee4c2e72e189b6b2fb0281c9278563e9ef217938f6e566ec313,655,437,1,0.3237856,50.4,7,0.623383,1,0,0,0.079662,1,0,0,0.079662
test/images/fire-475_png.rf.91e2e3882c64415c5d7b8ee3fafc2aaf.jpg,dfine,3a7739112201eee4c2e72e189b6b2fb0281c9278563e9ef217938f6e566ec313,655,437,1,0.3237856,393.8,83,0.768189,1,0,0,0.122600,1,0,0,0.122600
test/images/fire-475_png.rf.91e2e3882c64415c5d7b8ee3fafc2aaf.jpg,yolo,3a7739112201eee4c2e72e189b6b2fb0281c9278563e9ef217938f6e566ec313,655,437,1,0.3237856,654.9,10,0.626144,1,0,0,0.126592,1,0,0,0.088655
test/images/fire-475_png.rf.91e2e3882c64415c5d7b8ee3fafc2aaf.jpg,soul,3a7739112201eee4c2e72e189b6b2fb0281c9278563e9ef217938f6e566ec313,655,437,1,0.3237856,51.8,3,0.710043,1,0,0,0.170290,1,0,0,0.170290
test/images/fire-479_png.rf.00e426af4be7499bd1e3aca802981827.jpg,dfire_yolov8n,28f714b77f1334bb76ba2fc1e34ba73e142a8c0eda8666ff94614136742cc3d8,5100,3414,1,0.4622041,147.8,4,0.635355,1,1,1,0.831691,1,1,1,0.831691
test/images/fire-479_png.rf.00e426af4be7499bd1e3aca802981827.jpg,dfine,28f714b77f1334bb76ba2fc1e34ba73e142a8c0eda8666ff94614136742cc3d8,5100,3414,1,0.4622041,474.1,56,0.914191,1,1,1,0.799553,1,1,1,0.799553
test/images/fire-479_png.rf.00e426af4be7499bd1e3aca802981827.jpg,yolo,28f714b77f1334bb76ba2fc1e34ba73e142a8c0eda8666ff94614136742cc3d8,5100,3414,1,0.4622041,755.0,1,0.763651,1,1,1,0.868907,1,1,1,0.868907
test/images/fire-479_png.rf.00e426af4be7499bd1e3aca802981827.jpg,soul,28f714b77f1334bb76ba2fc1e34ba73e142a8c0eda8666ff94614136742cc3d8,5100,3414,1,0.4622041,132.4,1,0.672230,1,1,1,0.734206,1,1,1,0.734206
test/images/fire-571_png.rf.69c49d02329be15bc8a1b1824b7ff8b1.jpg,dfire_yolov8n,5badfadb0b53363f66e89c6d9d74c6f898c2656ed5b50961873b134b1df8b0d7,1180,885,1,0.7438180,61.3,2,0.680237,1,1,1,0.839145,1,1,1,0.839145
test/images/fire-571_png.rf.69c49d02329be15bc8a1b1824b7ff8b1.jpg,dfine,5badfadb0b53363f66e89c6d9d74c6f898c2656ed5b50961873b134b1df8b0d7,1180,885,1,0.7438180,386.9,20,0.938441,1,1,1,0.870378,1,1,1,0.870378
test/images/fire-571_png.rf.69c49d02329be15bc8a1b1824b7ff8b1.jpg,yolo,5badfadb0b53363f66e89c6d9d74c6f898c2656ed5b50961873b134b1df8b0d7,1180,885,1,0.7438180,689.0,1,0.857048,1,1,1,0.873890,1,1,1,0.873890
test/images/fire-571_png.rf.69c49d02329be15bc8a1b1824b7ff8b1.jpg,soul,5badfadb0b53363f66e89c6d9d74c6f898c2656ed5b50961873b134b1df8b0d7,1180,885,1,0.7438180,51.2,5,0.577057,1,1,1,0.650675,1,1,1,0.650675
test/images/fire-574_png.rf.b7299abe19c6815023e1e6542335ce03.jpg,dfire_yolov8n,dd819f71767ec9da7557e04ebae35bb25ee91f70f78e45c82b12ad2e4e39b8b8,4623,3082,1,0.0562770,119.4,3,0.594110,1,1,0,0.407422,1,1,0,0.407422
test/images/fire-574_png.rf.b7299abe19c6815023e1e6542335ce03.jpg,dfine,dd819f71767ec9da7557e04ebae35bb25ee91f70f78e45c82b12ad2e4e39b8b8,4623,3082,1,0.0562770,441.2,72,0.701810,1,1,0,0.447827,1,1,0,0.433468
test/images/fire-574_png.rf.b7299abe19c6815023e1e6542335ce03.jpg,yolo,dd819f71767ec9da7557e04ebae35bb25ee91f70f78e45c82b12ad2e4e39b8b8,4623,3082,1,0.0562770,733.2,2,0.161807,0,0,0,0.000000,0,0,0,0.000000
test/images/fire-574_png.rf.b7299abe19c6815023e1e6542335ce03.jpg,soul,dd819f71767ec9da7557e04ebae35bb25ee91f70f78e45c82b12ad2e4e39b8b8,4623,3082,1,0.0562770,121.1,0,0.000000,0,0,0,0.000000,0,0,0,0.000000
test/images/fire-575_png.rf.586af8d14ccca3c578b8f4fc9c17fe67.jpg,dfire_yolov8n,a5180b5da1ef564211ab52efe12b74f4996577efd27fedadfade5538463a5385,600,400,1,0.6539422,51.3,2,0.682876,1,1,1,0.882552,1,1,1,0.882552
test/images/fire-575_png.rf.586af8d14ccca3c578b8f4fc9c17fe67.jpg,dfine,a5180b5da1ef564211ab52efe12b74f4996577efd27fedadfade5538463a5385,600,400,1,0.6539422,411.0,91,0.882711,1,1,1,0.719735,1,1,1,0.719735
test/images/fire-575_png.rf.586af8d14ccca3c578b8f4fc9c17fe67.jpg,yolo,a5180b5da1ef564211ab52efe12b74f4996577efd27fedadfade5538463a5385,600,400,1,0.6539422,700.0,3,0.704605,1,1,1,0.748036,1,1,1,0.748036
test/images/fire-575_png.rf.586af8d14ccca3c578b8f4fc9c17fe67.jpg,soul,a5180b5da1ef564211ab52efe12b74f4996577efd27fedadfade5538463a5385,600,400,1,0.6539422,53.9,3,0.749516,1,1,1,0.684609,1,1,1,0.684609
test/images/fire-597_png.rf.39c139c7f9369fc8ac4e1b540fbd7620.jpg,dfire_yolov8n,0ed3e74dc6a8900b3b514d919ae1d23c77443ca198701e0646657017db3f9165,1280,663,1,0.4095186,51.4,7,0.654507,1,1,0,0.449199,1,0,0,0.165179
test/images/fire-597_png.rf.39c139c7f9369fc8ac4e1b540fbd7620.jpg,dfine,0ed3e74dc6a8900b3b514d919ae1d23c77443ca198701e0646657017db3f9165,1280,663,1,0.4095186,402.4,106,0.859505,1,1,0,0.488193,1,1,0,0.440251
test/images/fire-597_png.rf.39c139c7f9369fc8ac4e1b540fbd7620.jpg,yolo,0ed3e74dc6a8900b3b514d919ae1d23c77443ca198701e0646657017db3f9165,1280,663,1,0.4095186,679.1,6,0.824849,1,1,0,0.486901,1,0,0,0.168638
test/images/fire-597_png.rf.39c139c7f9369fc8ac4e1b540fbd7620.jpg,soul,0ed3e74dc6a8900b3b514d919ae1d23c77443ca198701e0646657017db3f9165,1280,663,1,0.4095186,54.1,9,0.790597,1,0,0,0.160208,1,0,0,0.160208
test/images/fire-598_png.rf.6c0f3d7f81fdc0c954adb2130c9464fb.jpg,dfire_yolov8n,87cdf4dd73e2d0b32fc9bba71e9fc246d1013b70c503d53caaca44f0930a9098,1900,1266,1,0.0512081,55.0,17,0.517374,1,0,0,0.069088,1,0,0,0.069088
test/images/fire-598_png.rf.6c0f3d7f81fdc0c954adb2130c9464fb.jpg,dfine,87cdf4dd73e2d0b32fc9bba71e9fc246d1013b70c503d53caaca44f0930a9098,1900,1266,1,0.0512081,384.7,151,0.665845,1,1,1,0.761546,1,1,1,0.761546
test/images/fire-598_png.rf.6c0f3d7f81fdc0c954adb2130c9464fb.jpg,yolo,87cdf4dd73e2d0b32fc9bba71e9fc246d1013b70c503d53caaca44f0930a9098,1900,1266,1,0.0512081,688.7,22,0.462277,1,0,0,0.111101,0,0,0,0.000000
test/images/fire-598_png.rf.6c0f3d7f81fdc0c954adb2130c9464fb.jpg,soul,87cdf4dd73e2d0b32fc9bba71e9fc246d1013b70c503d53caaca44f0930a9098,1900,1266,1,0.0512081,62.8,3,0.653232,1,0,0,0.061100,1,0,0,0.061100
test/images/fire-61_png.rf.6f39a66656f75f100e878d5203bee59e.jpg,dfire_yolov8n,c799a4bced117697d9e61b12b46e883a8a31f7c9c77978737e643ad349d26707,660,438,1,0.0904702,61.3,7,0.267611,1,1,0,0.360034,0,0,0,0.000000
test/images/fire-61_png.rf.6f39a66656f75f100e878d5203bee59e.jpg,dfine,c799a4bced117697d9e61b12b46e883a8a31f7c9c77978737e643ad349d26707,660,438,1,0.0904702,381.9,58,0.771133,1,1,1,0.589992,1,0,0,0.139563
test/images/fire-61_png.rf.6f39a66656f75f100e878d5203bee59e.jpg,yolo,c799a4bced117697d9e61b12b46e883a8a31f7c9c77978737e643ad349d26707,660,438,1,0.0904702,758.9,10,0.739590,1,1,0,0.333700,1,0,0,0.144304
test/images/fire-61_png.rf.6f39a66656f75f100e878d5203bee59e.jpg,soul,c799a4bced117697d9e61b12b46e883a8a31f7c9c77978737e643ad349d26707,660,438,1,0.0904702,50.5,3,0.660632,1,0,0,0.129392,1,0,0,0.129392
test/images/fire-677_png.rf.ebef92fd47ee656aeb4b3cf0b223a5d2.jpg,dfire_yolov8n,511376fb83eb471a8e574e196c0caabe4008d33b322549bcc072fbddaccc0101,990,659,1,0.2095458,56.8,2,0.882913,1,1,1,0.754780,1,1,1,0.754780
test/images/fire-677_png.rf.ebef92fd47ee656aeb4b3cf0b223a5d2.jpg,dfine,511376fb83eb471a8e574e196c0caabe4008d33b322549bcc072fbddaccc0101,990,659,1,0.2095458,387.5,41,0.847109,1,1,1,0.827768,1,1,1,0.827768
test/images/fire-677_png.rf.ebef92fd47ee656aeb4b3cf0b223a5d2.jpg,yolo,511376fb83eb471a8e574e196c0caabe4008d33b322549bcc072fbddaccc0101,990,659,1,0.2095458,673.8,2,0.859846,1,1,1,0.773743,1,1,1,0.773743
test/images/fire-677_png.rf.ebef92fd47ee656aeb4b3cf0b223a5d2.jpg,soul,511376fb83eb471a8e574e196c0caabe4008d33b322549bcc072fbddaccc0101,990,659,1,0.2095458,56.5,3,0.705063,1,1,0,0.371078,1,1,0,0.371078
test/images/fire-9_png.rf.f0470760744510adcc0718fe16a2fb1d.jpg,dfire_yolov8n,1c4aac6e3d2111ca89e9ca3f1380f7a963f2be4190d25846588a1fa18c6d13a3,1500,996,2,0.0793869,56.5,21,0.686836,1,1,1,0.646844,1,1,1,0.646844
test/images/fire-9_png.rf.f0470760744510adcc0718fe16a2fb1d.jpg,dfine,1c4aac6e3d2111ca89e9ca3f1380f7a963f2be4190d25846588a1fa18c6d13a3,1500,996,2,0.0793869,458.6,132,0.854054,1,1,1,0.674473,1,1,0,0.479857
test/images/fire-9_png.rf.f0470760744510adcc0718fe16a2fb1d.jpg,yolo,1c4aac6e3d2111ca89e9ca3f1380f7a963f2be4190d25846588a1fa18c6d13a3,1500,996,2,0.0793869,681.2,22,0.821243,1,1,0,0.426981,1,1,0,0.426981
test/images/fire-9_png.rf.f0470760744510adcc0718fe16a2fb1d.jpg,soul,1c4aac6e3d2111ca89e9ca3f1380f7a963f2be4190d25846588a1fa18c6d13a3,1500,996,2,0.0793869,57.4,14,0.848404,1,1,0,0.392219,1,1,0,0.392219
test/images/new_fire_102_jpg.rf.13d7ef977942fb42c8c25319694bad2d.jpg,dfire_yolov8n,02a4fbc2bdf32eb1171521d177e9675c2b10fa17dc20772c2513b1bd519ea321,800,531,3,0.1151342,50.0,6,0.491321,1,1,1,0.876266,0,0,0,0.000000
test/images/new_fire_102_jpg.rf.13d7ef977942fb42c8c25319694bad2d.jpg,dfine,02a4fbc2bdf32eb1171521d177e9675c2b10fa17dc20772c2513b1bd519ea321,800,531,3,0.1151342,363.5,150,0.663820,1,1,1,0.719206,1,1,1,0.690402
test/images/new_fire_102_jpg.rf.13d7ef977942fb42c8c25319694bad2d.jpg,yolo,02a4fbc2bdf32eb1171521d177e9675c2b10fa17dc20772c2513b1bd519ea321,800,531,3,0.1151342,708.1,17,0.501057,1,1,1,0.682839,1,0,0,0.277162
test/images/new_fire_102_jpg.rf.13d7ef977942fb42c8c25319694bad2d.jpg,soul,02a4fbc2bdf32eb1171521d177e9675c2b10fa17dc20772c2513b1bd519ea321,800,531,3,0.1151342,53.0,4,0.486987,1,1,0,0.494736,0,0,0,0.000000
test/images/new_fire_103_jpg.rf.e21df9e1bf73d97ca09f42b58f710028.jpg,dfire_yolov8n,8bb3f4a698a81821ddbefaa62ad50f80428e54e2bd49da59d3ef33b00d23936a,523,308,1,0.6579424,52.7,5,0.807771,1,1,1,0.598619,1,1,1,0.598619
test/images/new_fire_103_jpg.rf.e21df9e1bf73d97ca09f42b58f710028.jpg,dfine,8bb3f4a698a81821ddbefaa62ad50f80428e54e2bd49da59d3ef33b00d23936a,523,308,1,0.6579424,396.0,62,0.752947,1,1,1,0.712519,1,1,1,0.711305
test/images/new_fire_103_jpg.rf.e21df9e1bf73d97ca09f42b58f710028.jpg,yolo,8bb3f4a698a81821ddbefaa62ad50f80428e54e2bd49da59d3ef33b00d23936a,523,308,1,0.6579424,682.4,4,0.772918,1,1,1,0.660101,1,1,1,0.660101
test/images/new_fire_103_jpg.rf.e21df9e1bf73d97ca09f42b58f710028.jpg,soul,8bb3f4a698a81821ddbefaa62ad50f80428e54e2bd49da59d3ef33b00d23936a,523,308,1,0.6579424,49.6,3,0.790481,1,1,1,0.534810,1,0,0,0.153608
test/images/new_fire_107_jpg.rf.823f14ca3a44012d13bbcebbc792aeed.jpg,dfire_yolov8n,3495c573bd7da5596b873d4e33299795fac3f373529f30d35d0120cb630b51d1,485,273,2,0.0510932,52.1,5,0.778930,1,1,1,0.516575,1,0,0,0.256386
test/images/new_fire_107_jpg.rf.823f14ca3a44012d13bbcebbc792aeed.jpg,dfine,3495c573bd7da5596b873d4e33299795fac3f373529f30d35d0120cb630b51d1,485,273,2,0.0510932,371.7,90,0.538697,1,1,1,0.909576,1,1,1,0.909576
test/images/new_fire_107_jpg.rf.823f14ca3a44012d13bbcebbc792aeed.jpg,yolo,3495c573bd7da5596b873d4e33299795fac3f373529f30d35d0120cb630b51d1,485,273,2,0.0510932,685.5,11,0.641107,1,1,0,0.370619,1,0,0,0.265983
test/images/new_fire_107_jpg.rf.823f14ca3a44012d13bbcebbc792aeed.jpg,soul,3495c573bd7da5596b873d4e33299795fac3f373529f30d35d0120cb630b51d1,485,273,2,0.0510932,53.3,4,0.111838,0,0,0,0.000000,0,0,0,0.000000
test/images/new_fire_109_jpg.rf.d5a325fde78e9f2b108e3b258a69114b.jpg,dfire_yolov8n,cf1485fde22f480c4f2c4e5047ab4ee518d379c6b48af99039064c26dafd062c,604,340,1,0.2254821,51.4,1,0.771668,1,1,1,0.805332,1,1,1,0.805332
test/images/new_fire_109_jpg.rf.d5a325fde78e9f2b108e3b258a69114b.jpg,dfine,cf1485fde22f480c4f2c4e5047ab4ee518d379c6b48af99039064c26dafd062c,604,340,1,0.2254821,386.9,43,0.783658,1,1,1,0.813825,1,1,1,0.813825
test/images/new_fire_109_jpg.rf.d5a325fde78e9f2b108e3b258a69114b.jpg,yolo,cf1485fde22f480c4f2c4e5047ab4ee518d379c6b48af99039064c26dafd062c,604,340,1,0.2254821,651.1,0,0.000000,0,0,0,0.000000,0,0,0,0.000000
test/images/new_fire_109_jpg.rf.d5a325fde78e9f2b108e3b258a69114b.jpg,soul,cf1485fde22f480c4f2c4e5047ab4ee518d379c6b48af99039064c26dafd062c,604,340,1,0.2254821,53.8,6,0.307971,1,0,0,0.000000,0,0,0,0.000000
test/images/new_fire_10_jpg.rf.37276732aecc27d9cc13710c58c774f7.jpg,dfire_yolov8n,71885bce277abf4d20fee4f2fd3ec59500d422286edfb41d324f9331054bf585,480,360,1,0.0732928,48.4,1,0.756253,1,1,0,0.426290,1,1,0,0.426290
test/images/new_fire_10_jpg.rf.37276732aecc27d9cc13710c58c774f7.jpg,dfine,71885bce277abf4d20fee4f2fd3ec59500d422286edfb41d324f9331054bf585,480,360,1,0.0732928,394.6,45,0.754548,1,1,1,0.850612,1,1,1,0.576878
test/images/new_fire_10_jpg.rf.37276732aecc27d9cc13710c58c774f7.jpg,yolo,71885bce277abf4d20fee4f2fd3ec59500d422286edfb41d324f9331054bf585,480,360,1,0.0732928,692.9,3,0.633868,1,1,1,0.547546,1,1,1,0.547546
test/images/new_fire_10_jpg.rf.37276732aecc27d9cc13710c58c774f7.jpg,soul,71885bce277abf4d20fee4f2fd3ec59500d422286edfb41d324f9331054bf585,480,360,1,0.0732928,56.0,3,0.621504,1,1,1,0.686391,1,1,1,0.686391
test/images/new_fire_12_jpg.rf.d030a3b45d53d7550b3a724f433f1806.jpg,dfire_yolov8n,6657a1bb9d272d37f26c0e6ededd4fa179763844c2f8df92293cb112963e374f,595,335,2,0.2602283,46.0,7,0.756119,1,1,1,0.778571,1,1,1,0.778571
test/images/new_fire_12_jpg.rf.d030a3b45d53d7550b3a724f433f1806.jpg,dfine,6657a1bb9d272d37f26c0e6ededd4fa179763844c2f8df92293cb112963e374f,595,335,2,0.2602283,391.9,65,0.826716,1,1,1,0.966430,1,1,1,0.966430
test/images/new_fire_12_jpg.rf.d030a3b45d53d7550b3a724f433f1806.jpg,yolo,6657a1bb9d272d37f26c0e6ededd4fa179763844c2f8df92293cb112963e374f,595,335,2,0.2602283,700.4,6,0.792493,1,1,1,0.890110,1,1,1,0.890110
test/images/new_fire_12_jpg.rf.d030a3b45d53d7550b3a724f433f1806.jpg,soul,6657a1bb9d272d37f26c0e6ededd4fa179763844c2f8df92293cb112963e374f,595,335,2,0.2602283,58.4,4,0.889906,1,1,1,0.968411,1,1,1,0.968411
test/images/new_fire_17_jpg.rf.8f00ae8e5e6372bee4ec8bd72d50fdf4.jpg,dfire_yolov8n,9ed99166a6a6cc913b681451c826c000d74cba6c3439b16f1eae0b4bc7b58d86,634,571,1,0.4509605,49.6,1,0.874038,1,1,1,0.696259,1,1,1,0.696259
test/images/new_fire_17_jpg.rf.8f00ae8e5e6372bee4ec8bd72d50fdf4.jpg,dfine,9ed99166a6a6cc913b681451c826c000d74cba6c3439b16f1eae0b4bc7b58d86,634,571,1,0.4509605,366.5,16,0.929563,1,1,1,0.880056,1,1,1,0.880056
test/images/new_fire_17_jpg.rf.8f00ae8e5e6372bee4ec8bd72d50fdf4.jpg,yolo,9ed99166a6a6cc913b681451c826c000d74cba6c3439b16f1eae0b4bc7b58d86,634,571,1,0.4509605,657.1,1,0.708192,1,1,1,0.777005,1,1,1,0.777005
test/images/new_fire_17_jpg.rf.8f00ae8e5e6372bee4ec8bd72d50fdf4.jpg,soul,9ed99166a6a6cc913b681451c826c000d74cba6c3439b16f1eae0b4bc7b58d86,634,571,1,0.4509605,49.3,2,0.869900,1,1,1,0.903793,1,1,1,0.903793
test/images/new_fire_33_png.rf.5d4535277cee7ce743dcdc6751bd1531.jpg,dfire_yolov8n,af9245c28c01eadc688a8597dfbaddbd73136ef5bde73d5c8d524397be50b885,1024,553,1,0.1530854,55.5,4,0.662457,1,1,1,0.633070,1,0,0,0.260255
test/images/new_fire_33_png.rf.5d4535277cee7ce743dcdc6751bd1531.jpg,dfine,af9245c28c01eadc688a8597dfbaddbd73136ef5bde73d5c8d524397be50b885,1024,553,1,0.1530854,401.2,50,0.784220,1,1,1,0.890487,1,1,1,0.527595
test/images/new_fire_33_png.rf.5d4535277cee7ce743dcdc6751bd1531.jpg,yolo,af9245c28c01eadc688a8597dfbaddbd73136ef5bde73d5c8d524397be50b885,1024,553,1,0.1530854,671.1,7,0.747283,1,0,0,0.296754,1,0,0,0.238632
test/images/new_fire_33_png.rf.5d4535277cee7ce743dcdc6751bd1531.jpg,soul,af9245c28c01eadc688a8597dfbaddbd73136ef5bde73d5c8d524397be50b885,1024,553,1,0.1530854,52.6,3,0.898600,1,0,0,0.297757,1,0,0,0.297757
test/images/new_fire_3_jpg.rf.a4ff7baf8615bd3153bb421e4c71735f.jpg,dfire_yolov8n,8fa8e36f179014908f36b3369e55bf2d67c1245ffd1e06738644d59bcea88499,598,405,3,0.1033816,45.5,5,0.884703,1,1,1,0.826048,1,1,1,0.826048
test/images/new_fire_3_jpg.rf.a4ff7baf8615bd3153bb421e4c71735f.jpg,dfine,8fa8e36f179014908f36b3369e55bf2d67c1245ffd1e06738644d59bcea88499,598,405,3,0.1033816,537.1,104,0.887877,1,1,1,0.843598,1,1,1,0.843598
test/images/new_fire_3_jpg.rf.a4ff7baf8615bd3153bb421e4c71735f.jpg,yolo,8fa8e36f179014908f36b3369e55bf2d67c1245ffd1e06738644d59bcea88499,598,405,3,0.1033816,700.0,9,0.837086,1,1,1,0.859821,1,1,1,0.859821
test/images/new_fire_3_jpg.rf.a4ff7baf8615bd3153bb421e4c71735f.jpg,soul,8fa8e36f179014908f36b3369e55bf2d67c1245ffd1e06738644d59bcea88499,598,405,3,0.1033816,68.1,7,0.696942,1,1,1,0.834521,1,1,1,0.834521
test/images/new_fire_51_jpg.rf.8a8ad48429fa6aeaea83c746b3fe050e.jpg,dfire_yolov8n,78a67f8b7bc8d4e6c0b7b8fe8c84a1c980e6ea662f7fbac61655d388fd6c6eee,3872,2592,1,0.9633027,106.3,3,0.663241,1,1,1,0.610067,1,1,1,0.610067
test/images/new_fire_51_jpg.rf.8a8ad48429fa6aeaea83c746b3fe050e.jpg,dfine,78a67f8b7bc8d4e6c0b7b8fe8c84a1c980e6ea662f7fbac61655d388fd6c6eee,3872,2592,1,0.9633027,447.8,162,0.859613,1,1,1,0.813369,1,1,1,0.813369
test/images/new_fire_51_jpg.rf.8a8ad48429fa6aeaea83c746b3fe050e.jpg,yolo,78a67f8b7bc8d4e6c0b7b8fe8c84a1c980e6ea662f7fbac61655d388fd6c6eee,3872,2592,1,0.9633027,739.8,9,0.767871,1,1,1,0.657035,1,1,1,0.657035
test/images/new_fire_51_jpg.rf.8a8ad48429fa6aeaea83c746b3fe050e.jpg,soul,78a67f8b7bc8d4e6c0b7b8fe8c84a1c980e6ea662f7fbac61655d388fd6c6eee,3872,2592,1,0.9633027,98.1,6,0.890007,1,0,0,0.015993,1,0,0,0.015993
test/images/new_fire_55_jpg.rf.e8ccac98f6b59070d4a1eb1fa1bb5de2.jpg,dfire_yolov8n,b7c2ee8f24e291bb36eeb6ab01c5d189fc82a2e5e72496a5f7e965d5a62a5870,447,299,1,0.0574622,47.4,2,0.824812,1,1,1,0.910816,1,1,1,0.910816
test/images/new_fire_55_jpg.rf.e8ccac98f6b59070d4a1eb1fa1bb5de2.jpg,dfine,b7c2ee8f24e291bb36eeb6ab01c5d189fc82a2e5e72496a5f7e965d5a62a5870,447,299,1,0.0574622,453.5,3,0.744629,1,1,1,0.902256,1,1,1,0.902256
test/images/new_fire_55_jpg.rf.e8ccac98f6b59070d4a1eb1fa1bb5de2.jpg,yolo,b7c2ee8f24e291bb36eeb6ab01c5d189fc82a2e5e72496a5f7e965d5a62a5870,447,299,1,0.0574622,661.6,2,0.826789,1,1,1,0.953800,1,1,1,0.953800
test/images/new_fire_55_jpg.rf.e8ccac98f6b59070d4a1eb1fa1bb5de2.jpg,soul,b7c2ee8f24e291bb36eeb6ab01c5d189fc82a2e5e72496a5f7e965d5a62a5870,447,299,1,0.0574622,58.1,1,0.884351,1,1,1,0.916394,1,1,1,0.916394
test/images/new_fire_64_jpg.rf.efea7cb7a45a6d00be5e42b8a9b56b01.jpg,dfire_yolov8n,16e9eb119d7fab9bf4d8adee0bf4dcd2a4fa24b21a4e82779d2473921d607c03,400,300,1,0.1235000,48.6,2,0.888046,1,1,1,0.910096,1,1,1,0.910096
test/images/new_fire_64_jpg.rf.efea7cb7a45a6d00be5e42b8a9b56b01.jpg,dfine,16e9eb119d7fab9bf4d8adee0bf4dcd2a4fa24b21a4e82779d2473921d607c03,400,300,1,0.1235000,412.0,31,0.918883,1,1,1,0.899818,1,1,1,0.899818
test/images/new_fire_64_jpg.rf.efea7cb7a45a6d00be5e42b8a9b56b01.jpg,yolo,16e9eb119d7fab9bf4d8adee0bf4dcd2a4fa24b21a4e82779d2473921d607c03,400,300,1,0.1235000,681.3,3,0.791452,1,1,1,0.892196,1,1,1,0.892196
test/images/new_fire_64_jpg.rf.efea7cb7a45a6d00be5e42b8a9b56b01.jpg,soul,16e9eb119d7fab9bf4d8adee0bf4dcd2a4fa24b21a4e82779d2473921d607c03,400,300,1,0.1235000,55.7,3,0.938848,1,1,1,0.904390,1,1,1,0.904390
test/images/new_fire_68_jpg.rf.e0eaea01319679740d1716c4e8696866.jpg,dfire_yolov8n,349e92452109fefac8d3c33985a4ec4971bfabc5da3f54745c26e129e26a85db,740,388,4,0.0783610,51.8,10,0.826260,1,1,1,0.873880,1,1,1,0.873880
test/images/new_fire_68_jpg.rf.e0eaea01319679740d1716c4e8696866.jpg,dfine,349e92452109fefac8d3c33985a4ec4971bfabc5da3f54745c26e129e26a85db,740,388,4,0.0783610,390.3,77,0.812104,1,1,1,0.876799,1,1,1,0.876799
test/images/new_fire_68_jpg.rf.e0eaea01319679740d1716c4e8696866.jpg,yolo,349e92452109fefac8d3c33985a4ec4971bfabc5da3f54745c26e129e26a85db,740,388,4,0.0783610,709.1,16,0.866219,1,1,1,0.873880,1,1,1,0.873880
test/images/new_fire_68_jpg.rf.e0eaea01319679740d1716c4e8696866.jpg,soul,349e92452109fefac8d3c33985a4ec4971bfabc5da3f54745c26e129e26a85db,740,388,4,0.0783610,50.1,11,0.928581,1,1,1,0.875156,1,1,1,0.875156
test/images/new_fire_6_jpg.rf.00a7eaa8545bbcdb27ac48696e34f198.jpg,dfire_yolov8n,67aca1ed6bcfae5f259d6c71b3d26a1ac510470f2dd19b71fa946e03bafd812c,600,399,1,0.0472222,54.5,1,0.845117,1,1,1,0.814557,1,1,1,0.814557
test/images/new_fire_6_jpg.rf.00a7eaa8545bbcdb27ac48696e34f198.jpg,dfine,67aca1ed6bcfae5f259d6c71b3d26a1ac510470f2dd19b71fa946e03bafd812c,600,399,1,0.0472222,415.8,10,0.841975,1,1,1,0.884309,1,1,1,0.884309
test/images/new_fire_6_jpg.rf.00a7eaa8545bbcdb27ac48696e34f198.jpg,yolo,67aca1ed6bcfae5f259d6c71b3d26a1ac510470f2dd19b71fa946e03bafd812c,600,399,1,0.0472222,656.3,1,0.796756,1,1,1,0.796039,1,1,1,0.796039
test/images/new_fire_6_jpg.rf.00a7eaa8545bbcdb27ac48696e34f198.jpg,soul,67aca1ed6bcfae5f259d6c71b3d26a1ac510470f2dd19b71fa946e03bafd812c,600,399,1,0.0472222,60.8,3,0.906424,1,1,1,0.872832,1,1,1,0.872832
test/images/new_fire_70_jpg.rf.63df58b4a22398a35821aad7f8990018.jpg,dfire_yolov8n,f2bc4623f4673081728e7e0e33ec4d01d84ce055432ee87e33ca5b307526a46f,480,360,1,0.0787037,46.3,1,0.756922,1,1,0,0.445984,1,1,0,0.445984
test/images/new_fire_70_jpg.rf.63df58b4a22398a35821aad7f8990018.jpg,dfine,f2bc4623f4673081728e7e0e33ec4d01d84ce055432ee87e33ca5b307526a46f,480,360,1,0.0787037,386.1,82,0.413696,1,1,1,0.641556,0,0,0,0.000000
test/images/new_fire_70_jpg.rf.63df58b4a22398a35821aad7f8990018.jpg,yolo,f2bc4623f4673081728e7e0e33ec4d01d84ce055432ee87e33ca5b307526a46f,480,360,1,0.0787037,650.5,2,0.497647,1,1,0,0.474185,0,0,0,0.000000
test/images/new_fire_70_jpg.rf.63df58b4a22398a35821aad7f8990018.jpg,soul,f2bc4623f4673081728e7e0e33ec4d01d84ce055432ee87e33ca5b307526a46f,480,360,1,0.0787037,45.3,1,0.866339,1,1,0,0.373363,1,1,0,0.373363
test/images/new_fire_72_jpg.rf.e8bb7d82dfa2b9a361fd1e72280b849e.jpg,dfire_yolov8n,b102a717c672e074535ae388f72d83c924540a3050099f4fd3a8fe1adb781ffa,624,349,1,0.0489035,47.3,2,0.641430,1,1,1,0.711413,1,1,1,0.711413
test/images/new_fire_72_jpg.rf.e8bb7d82dfa2b9a361fd1e72280b849e.jpg,dfine,b102a717c672e074535ae388f72d83c924540a3050099f4fd3a8fe1adb781ffa,624,349,1,0.0489035,412.2,62,0.646500,1,1,1,0.824275,1,1,1,0.641257
test/images/new_fire_72_jpg.rf.e8bb7d82dfa2b9a361fd1e72280b849e.jpg,yolo,b102a717c672e074535ae388f72d83c924540a3050099f4fd3a8fe1adb781ffa,624,349,1,0.0489035,685.5,3,0.623169,1,1,1,0.627956,1,1,1,0.627956
test/images/new_fire_72_jpg.rf.e8bb7d82dfa2b9a361fd1e72280b849e.jpg,soul,b102a717c672e074535ae388f72d83c924540a3050099f4fd3a8fe1adb781ffa,624,349,1,0.0489035,53.5,3,0.444176,1,1,1,0.675909,0,0,0,0.000000
test/images/new_fire_fire-106_png.rf.f124da7ec01da73df4cf489c258baa2b.jpg,dfire_yolov8n,45086f5f936af608c8cfe455ee05c32b6f1567e8fd87a15d7980e95abbe8834e,1240,698,3,0.0380453,54.2,12,0.738124,1,1,1,0.876246,1,1,1,0.876246
test/images/new_fire_fire-106_png.rf.f124da7ec01da73df4cf489c258baa2b.jpg,dfine,45086f5f936af608c8cfe455ee05c32b6f1567e8fd87a15d7980e95abbe8834e,1240,698,3,0.0380453,382.0,58,0.828403,1,1,1,0.938095,1,1,1,0.938095
test/images/new_fire_fire-106_png.rf.f124da7ec01da73df4cf489c258baa2b.jpg,yolo,45086f5f936af608c8cfe455ee05c32b6f1567e8fd87a15d7980e95abbe8834e,1240,698,3,0.0380453,677.9,12,0.822758,1,1,1,0.842810,1,1,1,0.842810
test/images/new_fire_fire-106_png.rf.f124da7ec01da73df4cf489c258baa2b.jpg,soul,45086f5f936af608c8cfe455ee05c32b6f1567e8fd87a15d7980e95abbe8834e,1240,698,3,0.0380453,56.6,7,0.644084,1,1,1,0.756709,1,1,0,0.331913
test/images/new_fire_fire-125_png.rf.267840dad1b837cdd97567adf8e2df43.jpg,dfire_yolov8n,f9dc7e31994b6fad842725abca3c0d97d78b35b3f0aeac0bedac16b4c07d113c,1000,539,4,0.0448571,53.2,18,0.648415,1,1,0,0.498045,1,1,0,0.436239
test/images/new_fire_fire-125_png.rf.267840dad1b837cdd97567adf8e2df43.jpg,dfine,f9dc7e31994b6fad842725abca3c0d97d78b35b3f0aeac0bedac16b4c07d113c,1000,539,4,0.0448571,406.3,147,0.774548,1,1,1,0.737734,1,1,1,0.522204
test/images/new_fire_fire-125_png.rf.267840dad1b837cdd97567adf8e2df43.jpg,yolo,f9dc7e31994b6fad842725abca3c0d97d78b35b3f0aeac0bedac16b4c07d113c,1000,539,4,0.0448571,715.4,31,0.771196,1,1,0,0.444077,1,1,0,0.444077
test/images/new_fire_fire-125_png.rf.267840dad1b837cdd97567adf8e2df43.jpg,soul,f9dc7e31994b6fad842725abca3c0d97d78b35b3f0aeac0bedac16b4c07d113c,1000,539,4,0.0448571,51.0,7,0.776372,1,1,1,0.666667,1,1,1,0.666667
test/images/new_fire_fire-147_png.rf.22a0aab2039ab9b96bd298f6fb33d0e4.jpg,dfire_yolov8n,67a8d0adf9f46a4003d20c51354a5bf03039e7ef8e91c271f2bfb464312dccb6,750,422,1,0.1628057,54.9,4,0.759693,1,1,1,0.841466,1,1,1,0.841466
test/images/new_fire_fire-147_png.rf.22a0aab2039ab9b96bd298f6fb33d0e4.jpg,dfine,67a8d0adf9f46a4003d20c51354a5bf03039e7ef8e91c271f2bfb464312dccb6,750,422,1,0.1628057,386.4,36,0.917130,1,1,1,0.845095,1,1,1,0.845095
test/images/new_fire_fire-147_png.rf.22a0aab2039ab9b96bd298f6fb33d0e4.jpg,yolo,67a8d0adf9f46a4003d20c51354a5bf03039e7ef8e91c271f2bfb464312dccb6,750,422,1,0.1628057,685.0,3,0.834338,1,1,1,0.858957,1,1,1,0.858957
test/images/new_fire_fire-147_png.rf.22a0aab2039ab9b96bd298f6fb33d0e4.jpg,soul,67a8d0adf9f46a4003d20c51354a5bf03039e7ef8e91c271f2bfb464312dccb6,750,422,1,0.1628057,49.4,1,0.921466,1,1,1,0.876404,1,1,1,0.876404
test/images/new_fire_fire-185_png.rf.3b918e5897364443a71109b9bbb17c57.jpg,dfire_yolov8n,b46cef9fc5764c58ee2be35b31ae6a38e3dca8da4884d32aeb26d3a7ee4cb831,1200,514,2,0.0265078,55.0,6,0.457578,1,0,0,0.131875,0,0,0,0.000000
test/images/new_fire_fire-185_png.rf.3b918e5897364443a71109b9bbb17c57.jpg,dfine,b46cef9fc5764c58ee2be35b31ae6a38e3dca8da4884d32aeb26d3a7ee4cb831,1200,514,2,0.0265078,358.5,32,0.722627,1,1,1,0.927389,1,1,1,0.666998
test/images/new_fire_fire-185_png.rf.3b918e5897364443a71109b9bbb17c57.jpg,yolo,b46cef9fc5764c58ee2be35b31ae6a38e3dca8da4884d32aeb26d3a7ee4cb831,1200,514,2,0.0265078,695.1,10,0.607378,1,1,1,0.523077,1,0,0,0.137937
test/images/new_fire_fire-185_png.rf.3b918e5897364443a71109b9bbb17c57.jpg,soul,b46cef9fc5764c58ee2be35b31ae6a38e3dca8da4884d32aeb26d3a7ee4cb831,1200,514,2,0.0265078,55.3,3,0.482907,1,1,0,0.412903,0,0,0,0.000000
test/images/new_fire_fire-211_png.rf.33e18e6b1a7ecf0a4849f3cffba410bd.jpg,dfire_yolov8n,17222f6f67ac8fe821e545f41f930595bc8ecd293459ad449e4981ca09b32e2a,880,495,1,0.0691001,52.5,2,0.768770,1,1,1,0.874206,1,1,1,0.874206
test/images/new_fire_fire-211_png.rf.33e18e6b1a7ecf0a4849f3cffba410bd.jpg,dfine,17222f6f67ac8fe821e545f41f930595bc8ecd293459ad449e4981ca09b32e2a,880,495,1,0.0691001,377.6,28,0.896556,1,1,1,0.865529,1,1,1,0.865529
test/images/new_fire_fire-211_png.rf.33e18e6b1a7ecf0a4849f3cffba410bd.jpg,yolo,17222f6f67ac8fe821e545f41f930595bc8ecd293459ad449e4981ca09b32e2a,880,495,1,0.0691001,690.7,5,0.864455,1,1,1,0.841216,1,1,1,0.841216
test/images/new_fire_fire-211_png.rf.33e18e6b1a7ecf0a4849f3cffba410bd.jpg,soul,17222f6f67ac8fe821e545f41f930595bc8ecd293459ad449e4981ca09b32e2a,880,495,1,0.0691001,51.7,3,0.884207,1,1,1,0.840830,1,1,1,0.840830
test/images/new_fire_fire-240_png.rf.1b11c945ee163c3dc62327980ebfebc7.jpg,dfire_yolov8n,d1ba892d0236fcab5975f3e9dd3f9fcf1415eeb1fc1e399e1a436335f385c3ff,600,800,1,0.1499875,56.7,1,0.117553,0,0,0,0.000000,0,0,0,0.000000
test/images/new_fire_fire-240_png.rf.1b11c945ee163c3dc62327980ebfebc7.jpg,dfine,d1ba892d0236fcab5975f3e9dd3f9fcf1415eeb1fc1e399e1a436335f385c3ff,600,800,1,0.1499875,387.4,84,0.541328,1,1,1,0.850866,1,0,0,0.081618
test/images/new_fire_fire-240_png.rf.1b11c945ee163c3dc62327980ebfebc7.jpg,yolo,d1ba892d0236fcab5975f3e9dd3f9fcf1415eeb1fc1e399e1a436335f385c3ff,600,800,1,0.1499875,706.2,2,0.399625,1,1,1,0.726537,0,0,0,0.000000
test/images/new_fire_fire-240_png.rf.1b11c945ee163c3dc62327980ebfebc7.jpg,soul,d1ba892d0236fcab5975f3e9dd3f9fcf1415eeb1fc1e399e1a436335f385c3ff,600,800,1,0.1499875,50.5,1,0.681317,1,1,1,0.558275,1,1,1,0.558275
test/images/new_fire_fire-269_png.rf.e9e64cf2ccad4712650ee24da7eb0f7f.jpg,dfire_yolov8n,4c0707e58a27af8407cfddc4a28fc635ad680a23afcd48738fab26f8b5cbeda2,2335,1579,1,0.5977507,70.1,7,0.727696,1,1,1,0.782887,1,1,1,0.782887
test/images/new_fire_fire-269_png.rf.e9e64cf2ccad4712650ee24da7eb0f7f.jpg,dfine,4c0707e58a27af8407cfddc4a28fc635ad680a23afcd48738fab26f8b5cbeda2,2335,1579,1,0.5977507,423.6,63,0.931415,1,1,1,0.798576,1,1,1,0.798576
test/images/new_fire_fire-269_png.rf.e9e64cf2ccad4712650ee24da7eb0f7f.jpg,yolo,4c0707e58a27af8407cfddc4a28fc635ad680a23afcd48738fab26f8b5cbeda2,2335,1579,1,0.5977507,701.9,10,0.717703,1,1,1,0.880775,1,1,1,0.880775
test/images/new_fire_fire-269_png.rf.e9e64cf2ccad4712650ee24da7eb0f7f.jpg,soul,4c0707e58a27af8407cfddc4a28fc635ad680a23afcd48738fab26f8b5cbeda2,2335,1579,1,0.5977507,71.7,4,0.751711,1,1,1,0.800562,1,1,1,0.800562
test/images/new_fire_fire-316_png.rf.596c3332d247a37cb6f4d961ac3cd60b.jpg,dfire_yolov8n,6caaed2184ec6f42a63d1621772e31cb24646d2afc1d1afa4443aa6f4b7385da,2400,1800,1,0.0767556,69.3,2,0.616501,1,1,1,0.809825,1,1,1,0.809825
test/images/new_fire_fire-316_png.rf.596c3332d247a37cb6f4d961ac3cd60b.jpg,dfine,6caaed2184ec6f42a63d1621772e31cb24646d2afc1d1afa4443aa6f4b7385da,2400,1800,1,0.0767556,378.2,28,0.869148,1,1,1,0.886008,1,1,1,0.886008
test/images/new_fire_fire-316_png.rf.596c3332d247a37cb6f4d961ac3cd60b.jpg,yolo,6caaed2184ec6f42a63d1621772e31cb24646d2afc1d1afa4443aa6f4b7385da,2400,1800,1,0.0767556,695.8,1,0.787423,1,1,1,0.840167,1,1,1,0.840167
test/images/new_fire_fire-316_png.rf.596c3332d247a37cb6f4d961ac3cd60b.jpg,soul,6caaed2184ec6f42a63d1621772e31cb24646d2afc1d1afa4443aa6f4b7385da,2400,1800,1,0.0767556,77.4,2,0.870049,1,1,1,0.862370,1,1,1,0.862370
test/images/new_fire_fire-336_png.rf.ad99c802d13e1dece74fe800d5975845.jpg,dfire_yolov8n,910fb280b2642dc28081f33f3ec990b762a2a04d974caac68830da32c11a6709,660,440,2,0.4405165,53.7,16,0.693482,1,1,1,0.813579,1,1,1,0.813579
test/images/new_fire_fire-336_png.rf.ad99c802d13e1dece74fe800d5975845.jpg,dfine,910fb280b2642dc28081f33f3ec990b762a2a04d974caac68830da32c11a6709,660,440,2,0.4405165,418.3,119,0.790343,1,1,1,0.829233,1,1,1,0.829233
test/images/new_fire_fire-336_png.rf.ad99c802d13e1dece74fe800d5975845.jpg,yolo,910fb280b2642dc28081f33f3ec990b762a2a04d974caac68830da32c11a6709,660,440,2,0.4405165,705.4,14,0.861946,1,1,1,0.800339,1,1,1,0.800339
test/images/new_fire_fire-336_png.rf.ad99c802d13e1dece74fe800d5975845.jpg,soul,910fb280b2642dc28081f33f3ec990b762a2a04d974caac68830da32c11a6709,660,440,2,0.4405165,61.4,10,0.756717,1,1,1,0.669401,1,1,1,0.669401
test/images/new_fire_fire-343_png.rf.9b4231e35549b336cc0481f81e12f04a.jpg,dfire_yolov8n,fe20b1857c486defb3aa3b85745fe93de53f381c8ae6547770069705e93fcd5c,618,410,1,0.8863762,57.2,2,0.761536,1,1,1,0.953419,1,1,1,0.953419
test/images/new_fire_fire-343_png.rf.9b4231e35549b336cc0481f81e12f04a.jpg,dfine,fe20b1857c486defb3aa3b85745fe93de53f381c8ae6547770069705e93fcd5c,618,410,1,0.8863762,391.9,111,0.934856,1,1,1,0.940000,1,1,1,0.940000
test/images/new_fire_fire-343_png.rf.9b4231e35549b336cc0481f81e12f04a.jpg,yolo,fe20b1857c486defb3aa3b85745fe93de53f381c8ae6547770069705e93fcd5c,618,410,1,0.8863762,678.2,9,0.699739,1,1,1,0.931298,1,1,1,0.931298
test/images/new_fire_fire-343_png.rf.9b4231e35549b336cc0481f81e12f04a.jpg,soul,fe20b1857c486defb3aa3b85745fe93de53f381c8ae6547770069705e93fcd5c,618,410,1,0.8863762,47.4,4,0.275995,1,1,0,0.311525,0,0,0,0.000000
test/images/new_fire_fire-344_png.rf.c7d2e968cac030650b16e6d9bf7ed667.jpg,dfire_yolov8n,e13dc917232891791148370d92028d639c88cfd723a7dce9b91eec4d8b455d4a,2048,1152,1,0.7832192,71.8,3,0.669213,1,1,1,0.901837,1,1,1,0.901837
test/images/new_fire_fire-344_png.rf.c7d2e968cac030650b16e6d9bf7ed667.jpg,dfine,e13dc917232891791148370d92028d639c88cfd723a7dce9b91eec4d8b455d4a,2048,1152,1,0.7832192,402.9,185,0.896162,1,1,1,0.795994,1,1,1,0.795994
test/images/new_fire_fire-344_png.rf.c7d2e968cac030650b16e6d9bf7ed667.jpg,yolo,e13dc917232891791148370d92028d639c88cfd723a7dce9b91eec4d8b455d4a,2048,1152,1,0.7832192,691.4,16,0.572483,1,1,1,0.902946,1,1,1,0.902946
test/images/new_fire_fire-344_png.rf.c7d2e968cac030650b16e6d9bf7ed667.jpg,soul,e13dc917232891791148370d92028d639c88cfd723a7dce9b91eec4d8b455d4a,2048,1152,1,0.7832192,62.0,3,0.812847,1,1,1,0.603582,1,1,0,0.320174
test/images/new_fire_fire-34_png.rf.60d730bc30ff0d74a12ecb4b10dd0abf.jpg,dfire_yolov8n,6c8d2c946c640d369dc35f52c491f45ff5602bd13de2ef93d6ff96d95428f631,5152,3864,1,0.1500296,140.4,2,0.378465,1,1,1,0.760394,0,0,0,0.000000
test/images/new_fire_fire-34_png.rf.60d730bc30ff0d74a12ecb4b10dd0abf.jpg,dfine,6c8d2c946c640d369dc35f52c491f45ff5602bd13de2ef93d6ff96d95428f631,5152,3864,1,0.1500296,436.5,177,0.447898,1,1,1,0.746181,0,0,0,0.000000
test/images/new_fire_fire-34_png.rf.60d730bc30ff0d74a12ecb4b10dd0abf.jpg,yolo,6c8d2c946c640d369dc35f52c491f45ff5602bd13de2ef93d6ff96d95428f631,5152,3864,1,0.1500296,791.7,8,0.368738,1,1,0,0.488289,0,0,0,0.000000
test/images/new_fire_fire-34_png.rf.60d730bc30ff0d74a12ecb4b10dd0abf.jpg,soul,6c8d2c946c640d369dc35f52c491f45ff5602bd13de2ef93d6ff96d95428f631,5152,3864,1,0.1500296,142.4,18,0.352304,1,1,0,0.340836,0,0,0,0.000000
test/images/new_fire_fire-386_png.rf.dc715e303a0260a0221049b0285e45dd.jpg,dfire_yolov8n,589163914e4f294b3eebb8988045a6a24b8b989342dafc575448899946cb755c,736,526,1,0.0416598,59.7,6,0.217477,0,0,0,0.000000,0,0,0,0.000000
test/images/new_fire_fire-386_png.rf.dc715e303a0260a0221049b0285e45dd.jpg,dfine,589163914e4f294b3eebb8988045a6a24b8b989342dafc575448899946cb755c,736,526,1,0.0416598,399.2,88,0.630413,1,1,1,0.809395,1,1,1,0.710374
test/images/new_fire_fire-386_png.rf.dc715e303a0260a0221049b0285e45dd.jpg,yolo,589163914e4f294b3eebb8988045a6a24b8b989342dafc575448899946cb755c,736,526,1,0.0416598,671.7,9,0.321332,1,0,0,0.000000,0,0,0,0.000000
test/images/new_fire_fire-386_png.rf.dc715e303a0260a0221049b0285e45dd.jpg,soul,589163914e4f294b3eebb8988045a6a24b8b989342dafc575448899946cb755c,736,526,1,0.0416598,49.9,5,0.786944,1,1,0,0.399885,1,1,0,0.399885
test/images/new_fire_fire-393_png.rf.b184fa134a708961e7e1f9d57c221e60.jpg,dfire_yolov8n,cd11ddccc1c59874c9206a6509ed8e829805aa814ffa95882b9b03f97f451353,6720,4480,1,0.6555012,199.8,2,0.677022,1,1,1,0.919831,1,1,1,0.919831
test/images/new_fire_fire-393_png.rf.b184fa134a708961e7e1f9d57c221e60.jpg,dfine,cd11ddccc1c59874c9206a6509ed8e829805aa814ffa95882b9b03f97f451353,6720,4480,1,0.6555012,492.5,140,0.790247,1,1,1,0.843538,1,1,1,0.843538
test/images/new_fire_fire-393_png.rf.b184fa134a708961e7e1f9d57c221e60.jpg,yolo,cd11ddccc1c59874c9206a6509ed8e829805aa814ffa95882b9b03f97f451353,6720,4480,1,0.6555012,827.9,5,0.307297,1,1,1,0.881104,0,0,0,0.000000
test/images/new_fire_fire-393_png.rf.b184fa134a708961e7e1f9d57c221e60.jpg,soul,cd11ddccc1c59874c9206a6509ed8e829805aa814ffa95882b9b03f97f451353,6720,4480,1,0.6555012,195.6,5,0.618713,1,0,0,0.009029,1,0,0,0.009029
test/images/new_fire_fire-397_png.rf.d473b105f83131b9a53d610ba18695da.jpg,dfire_yolov8n,3ba1be0a6237606a5ed17043f48b3ce21dc807ffd4ae4daebdafbc970190ca33,1200,676,2,0.1530399,56.5,4,0.734305,1,1,1,0.837086,1,1,1,0.837086
test/images/new_fire_fire-397_png.rf.d473b105f83131b9a53d610ba18695da.jpg,dfine,3ba1be0a6237606a5ed17043f48b3ce21dc807ffd4ae4daebdafbc970190ca33,1200,676,2,0.1530399,362.2,138,0.624926,1,1,1,0.812199,1,1,1,0.812199
test/images/new_fire_fire-397_png.rf.d473b105f83131b9a53d610ba18695da.jpg,yolo,3ba1be0a6237606a5ed17043f48b3ce21dc807ffd4ae4daebdafbc970190ca33,1200,676,2,0.1530399,717.1,11,0.628361,1,1,1,0.823337,1,1,1,0.738531
test/images/new_fire_fire-397_png.rf.d473b105f83131b9a53d610ba18695da.jpg,soul,3ba1be0a6237606a5ed17043f48b3ce21dc807ffd4ae4daebdafbc970190ca33,1200,676,2,0.1530399,56.2,8,0.499807,1,1,1,0.817549,0,0,0,0.000000
test/images/new_fire_fire-417_png.rf.5704275c74635b1a84384e67d6e3c328.jpg,dfire_yolov8n,2ba33a6dac96738dbee342871f0e27e863a7fbbda6ef0d2281d72101e5532d2d,1100,619,1,0.2902276,50.3,10,0.650756,1,1,1,0.634403,1,1,1,0.634403
test/images/new_fire_fire-417_png.rf.5704275c74635b1a84384e67d6e3c328.jpg,dfine,2ba33a6dac96738dbee342871f0e27e863a7fbbda6ef0d2281d72101e5532d2d,1100,619,1,0.2902276,409.8,135,0.715417,1,1,1,0.913884,1,1,1,0.615577
test/images/new_fire_fire-417_png.rf.5704275c74635b1a84384e67d6e3c328.jpg,yolo,2ba33a6dac96738dbee342871f0e27e863a7fbbda6ef0d2281d72101e5532d2d,1100,619,1,0.2902276,739.9,17,0.608201,1,1,1,0.583263,1,1,1,0.583263
test/images/new_fire_fire-417_png.rf.5704275c74635b1a84384e67d6e3c328.jpg,soul,2ba33a6dac96738dbee342871f0e27e863a7fbbda6ef0d2281d72101e5532d2d,1100,619,1,0.2902276,62.1,9,0.832805,1,1,1,0.606569,1,1,1,0.606569
test/images/new_fire_fire-419_png.rf.e2fd51219b97b4d64d12477807387613.jpg,dfire_yolov8n,bde86f4f2b14143e3c19eba7b472981d69550eefa6f32880d8a849ed5dec0903,2400,1600,2,0.3128062,67.8,4,0.787814,1,1,1,0.947201,1,1,1,0.947201
test/images/new_fire_fire-419_png.rf.e2fd51219b97b4d64d12477807387613.jpg,dfine,bde86f4f2b14143e3c19eba7b472981d69550eefa6f32880d8a849ed5dec0903,2400,1600,2,0.3128062,390.0,148,0.850822,1,1,1,0.961620,1,1,1,0.961620
test/images/new_fire_fire-419_png.rf.e2fd51219b97b4d64d12477807387613.jpg,yolo,bde86f4f2b14143e3c19eba7b472981d69550eefa6f32880d8a849ed5dec0903,2400,1600,2,0.3128062,706.9,11,0.744082,1,1,1,0.949708,1,1,1,0.949708
test/images/new_fire_fire-419_png.rf.e2fd51219b97b4d64d12477807387613.jpg,soul,bde86f4f2b14143e3c19eba7b472981d69550eefa6f32880d8a849ed5dec0903,2400,1600,2,0.3128062,65.3,4,0.455014,1,1,1,0.930695,0,0,0,0.000000
test/images/new_fire_fire-420_png.rf.7d8f233904f6fc99073072bf2b2f8f7b.jpg,dfire_yolov8n,5413abc67767e544639ea7d1d705f254000d7324f803ce99c8c4f9bd8d592c24,2931,2198,1,0.4173255,74.7,8,0.756885,1,1,0,0.461956,1,1,0,0.461956
test/images/new_fire_fire-420_png.rf.7d8f233904f6fc99073072bf2b2f8f7b.jpg,dfine,5413abc67767e544639ea7d1d705f254000d7324f803ce99c8c4f9bd8d592c24,2931,2198,1,0.4173255,412.3,85,0.779826,1,1,1,0.924277,1,1,1,0.554903
test/images/new_fire_fire-420_png.rf.7d8f233904f6fc99073072bf2b2f8f7b.jpg,yolo,5413abc67767e544639ea7d1d705f254000d7324f803ce99c8c4f9bd8d592c24,2931,2198,1,0.4173255,726.5,6,0.728722,1,1,1,0.526317,1,1,1,0.526317
test/images/new_fire_fire-420_png.rf.7d8f233904f6fc99073072bf2b2f8f7b.jpg,soul,5413abc67767e544639ea7d1d705f254000d7324f803ce99c8c4f9bd8d592c24,2931,2198,1,0.4173255,74.6,5,0.686135,1,1,1,0.649445,1,0,0,0.036703
test/images/new_fire_fire-447_png.rf.f949933fd1bbf74287c0362505e3b3b8.jpg,dfire_yolov8n,c44ed9289cd01a2ab0926417500b43fb4326da887c26959a5d494fbece329f2c,1280,720,2,0.1179687,57.4,20,0.671845,1,1,1,0.507138,1,1,1,0.507138
test/images/new_fire_fire-447_png.rf.f949933fd1bbf74287c0362505e3b3b8.jpg,dfine,c44ed9289cd01a2ab0926417500b43fb4326da887c26959a5d494fbece329f2c,1280,720,2,0.1179687,387.9,133,0.850114,1,1,1,0.946970,1,1,1,0.546279
test/images/new_fire_fire-447_png.rf.f949933fd1bbf74287c0362505e3b3b8.jpg,yolo,c44ed9289cd01a2ab0926417500b43fb4326da887c26959a5d494fbece329f2c,1280,720,2,0.1179687,691.7,24,0.815578,1,1,1,0.530577,1,1,1,0.530577
test/images/new_fire_fire-447_png.rf.f949933fd1bbf74287c0362505e3b3b8.jpg,soul,c44ed9289cd01a2ab0926417500b43fb4326da887c26959a5d494fbece329f2c,1280,720,2,0.1179687,56.6,13,0.878612,1,1,0,0.478544,1,1,0,0.478544
test/images/new_fire_fire-463_png.rf.66cf764e5ea2be67f2a3f42dd8a13ee6.jpg,dfire_yolov8n,4bbbe9a5f7964abd1f37e8630334fb6686d22605291b00f9d44636222562dd7d,900,600,1,0.7145667,54.8,9,0.222635,0,0,0,0.000000,0,0,0,0.000000
test/images/new_fire_fire-463_png.rf.66cf764e5ea2be67f2a3f42dd8a13ee6.jpg,dfine,4bbbe9a5f7964abd1f37e8630334fb6686d22605291b00f9d44636222562dd7d,900,600,1,0.7145667,382.7,192,0.639353,1,1,1,0.801281,1,1,1,0.801281
test/images/new_fire_fire-463_png.rf.66cf764e5ea2be67f2a3f42dd8a13ee6.jpg,yolo,4bbbe9a5f7964abd1f37e8630334fb6686d22605291b00f9d44636222562dd7d,900,600,1,0.7145667,701.8,26,0.445651,1,0,0,0.167874,0,0,0,0.000000
test/images/new_fire_fire-463_png.rf.66cf764e5ea2be67f2a3f42dd8a13ee6.jpg,soul,4bbbe9a5f7964abd1f37e8630334fb6686d22605291b00f9d44636222562dd7d,900,600,1,0.7145667,55.7,9,0.810941,1,0,0,0.205299,1,0,0,0.205299
test/images/new_fire_fire-466_png.rf.2c7219a9bc56fd6463f32ce7fee59dee.jpg,dfire_yolov8n,efba6ec73be72bca4062f2805eb2aa10645527b2aa69fd247aa2f39f8e9b4f8c,626,417,1,0.0627485,56.3,5,0.609871,1,1,1,0.571153,1,1,1,0.571153
test/images/new_fire_fire-466_png.rf.2c7219a9bc56fd6463f32ce7fee59dee.jpg,dfine,efba6ec73be72bca4062f2805eb2aa10645527b2aa69fd247aa2f39f8e9b4f8c,626,417,1,0.0627485,370.2,86,0.811381,1,1,1,0.753790,1,1,1,0.753790
test/images/new_fire_fire-466_png.rf.2c7219a9bc56fd6463f32ce7fee59dee.jpg,yolo,efba6ec73be72bca4062f2805eb2aa10645527b2aa69fd247aa2f39f8e9b4f8c,626,417,1,0.0627485,642.7,3,0.422366,1,1,1,0.563146,0,0,0,0.000000
test/images/new_fire_fire-466_png.rf.2c7219a9bc56fd6463f32ce7fee59dee.jpg,soul,efba6ec73be72bca4062f2805eb2aa10645527b2aa69fd247aa2f39f8e9b4f8c,626,417,1,0.0627485,53.5,3,0.725955,1,1,1,0.752076,1,1,1,0.518830
test/images/new_fire_fire-470_png.rf.4aae568490557cfba95ce1da88a56910.jpg,dfire_yolov8n,6d966450f31efd1da446b28c372e91f40af5c7d572cc52b2f0eabf47f96d59f1,924,616,2,0.1870204,55.0,12,0.607720,1,1,1,0.684868,1,1,1,0.684868
test/images/new_fire_fire-470_png.rf.4aae568490557cfba95ce1da88a56910.jpg,dfine,6d966450f31efd1da446b28c372e91f40af5c7d572cc52b2f0eabf47f96d59f1,924,616,2,0.1870204,397.4,154,0.808372,1,1,1,0.879453,1,1,0,0.496899
test/images/new_fire_fire-470_png.rf.4aae568490557cfba95ce1da88a56910.jpg,yolo,6d966450f31efd1da446b28c372e91f40af5c7d572cc52b2f0eabf47f96d59f1,924,616,2,0.1870204,706.4,17,0.286983,1,0,0,0.285895,0,0,0,0.000000
test/images/new_fire_fire-470_png.rf.4aae568490557cfba95ce1da88a56910.jpg,soul,6d966450f31efd1da446b28c372e91f40af5c7d572cc52b2f0eabf47f96d59f1,924,616,2,0.1870204,61.0,17,0.787112,1,1,0,0.348814,1,1,0,0.348814
test/images/new_fire_fire-484_png.rf.534a42c46888c221d4e14fff1bd5e50f.jpg,dfire_yolov8n,b5bf132651181bb1f774d4b3e6adc2dfb36202e28dc89c75c43dfd8eb0087d46,1100,619,1,0.2647320,58.9,8,0.760156,1,1,1,0.740066,1,1,1,0.740066
test/images/new_fire_fire-484_png.rf.534a42c46888c221d4e14fff1bd5e50f.jpg,dfine,b5bf132651181bb1f774d4b3e6adc2dfb36202e28dc89c75c43dfd8eb0087d46,1100,619,1,0.2647320,416.9,74,0.921705,1,1,1,0.742673,1,1,1,0.742673
test/images/new_fire_fire-484_png.rf.534a42c46888c221d4e14fff1bd5e50f.jpg,yolo,b5bf132651181bb1f774d4b3e6adc2dfb36202e28dc89c75c43dfd8eb0087d46,1100,619,1,0.2647320,750.4,3,0.795733,1,1,1,0.739480,1,1,1,0.739480
test/images/new_fire_fire-484_png.rf.534a42c46888c221d4e14fff1bd5e50f.jpg,soul,b5bf132651181bb1f774d4b3e6adc2dfb36202e28dc89c75c43dfd8eb0087d46,1100,619,1,0.2647320,51.4,3,0.861477,1,1,1,0.707626,1,1,1,0.707626
test/images/new_fire_fire-485_png.rf.d0e0ea855b117fb097e2050f2add1a76.jpg,dfire_yolov8n,0aef15b94b16b02749195cc03dae581cd27e79ff21fe99c6a1f42cf65b1aadaf,1200,900,2,0.0678741,54.0,11,0.518506,1,1,1,0.916425,1,1,1,0.841324
test/images/new_fire_fire-485_png.rf.d0e0ea855b117fb097e2050f2add1a76.jpg,dfine,0aef15b94b16b02749195cc03dae581cd27e79ff21fe99c6a1f42cf65b1aadaf,1200,900,2,0.0678741,368.4,83,0.761847,1,1,1,0.845631,1,1,1,0.800129
test/images/new_fire_fire-485_png.rf.d0e0ea855b117fb097e2050f2add1a76.jpg,yolo,0aef15b94b16b02749195cc03dae581cd27e79ff21fe99c6a1f42cf65b1aadaf,1200,900,2,0.0678741,685.1,10,0.787199,1,1,1,0.928479,1,1,1,0.928479
test/images/new_fire_fire-485_png.rf.d0e0ea855b117fb097e2050f2add1a76.jpg,soul,0aef15b94b16b02749195cc03dae581cd27e79ff21fe99c6a1f42cf65b1aadaf,1200,900,2,0.0678741,61.0,10,0.772975,1,0,0,0.193020,1,0,0,0.193020
test/images/new_fire_fire-493_png.rf.cc77dcc54a08de77def915f1474090bf.jpg,dfire_yolov8n,1c2d1b64e9cb782d707cb38bd1b716a306bfe1340de13bb853308ccc91d15ed0,3000,2000,2,0.0069017,71.6,10,0.379736,1,0,0,0.270518,0,0,0,0.000000
test/images/new_fire_fire-493_png.rf.cc77dcc54a08de77def915f1474090bf.jpg,dfine,1c2d1b64e9cb782d707cb38bd1b716a306bfe1340de13bb853308ccc91d15ed0,3000,2000,2,0.0069017,421.2,42,0.692360,1,1,1,0.860324,1,1,0,0.388074
test/images/new_fire_fire-493_png.rf.cc77dcc54a08de77def915f1474090bf.jpg,yolo,1c2d1b64e9cb782d707cb38bd1b716a306bfe1340de13bb853308ccc91d15ed0,3000,2000,2,0.0069017,722.1,10,0.585269,1,1,0,0.349057,1,0,0,0.000000
test/images/new_fire_fire-493_png.rf.cc77dcc54a08de77def915f1474090bf.jpg,soul,1c2d1b64e9cb782d707cb38bd1b716a306bfe1340de13bb853308ccc91d15ed0,3000,2000,2,0.0069017,81.5,6,0.133822,0,0,0,0.000000,0,0,0,0.000000
test/images/new_fire_fire-526_png.rf.03c12378fcdb8ab6c36b82e2c69bdc88.jpg,dfire_yolov8n,796b028b53764c11f5935337c76753a72c02de4c99c6e1bd0282003127ec475b,3264,2448,1,0.4308577,82.3,7,0.727814,1,1,0,0.470535,1,1,0,0.470535
test/images/new_fire_fire-526_png.rf.03c12378fcdb8ab6c36b82e2c69bdc88.jpg,dfine,796b028b53764c11f5935337c76753a72c02de4c99c6e1bd0282003127ec475b,3264,2448,1,0.4308577,405.8,62,0.910938,1,1,1,0.505709,1,1,1,0.505709
test/images/new_fire_fire-526_png.rf.03c12378fcdb8ab6c36b82e2c69bdc88.jpg,yolo,796b028b53764c11f5935337c76753a72c02de4c99c6e1bd0282003127ec475b,3264,2448,1,0.4308577,736.0,10,0.822363,1,1,1,0.515002,1,1,1,0.515002
test/images/new_fire_fire-526_png.rf.03c12378fcdb8ab6c36b82e2c69bdc88.jpg,soul,796b028b53764c11f5935337c76753a72c02de4c99c6e1bd0282003127ec475b,3264,2448,1,0.4308577,82.2,5,0.854723,1,1,0,0.458629,1,1,0,0.458629
test/images/new_fire_fire-536_png.rf.b882c309a26e80ed0a5c826572ddba50.jpg,dfire_yolov8n,b63df91657826948d3854678d5c6347b39346e658ca6ee24ef10c69c4b68e74e,320,496,1,0.2198841,56.8,4,0.345143,1,1,1,0.645527,0,0,0,0.000000
test/images/new_fire_fire-536_png.rf.b882c309a26e80ed0a5c826572ddba50.jpg,dfine,b63df91657826948d3854678d5c6347b39346e658ca6ee24ef10c69c4b68e74e,320,496,1,0.2198841,390.5,28,0.838134,1,1,1,0.835255,1,1,1,0.835255
test/images/new_fire_fire-536_png.rf.b882c309a26e80ed0a5c826572ddba50.jpg,yolo,b63df91657826948d3854678d5c6347b39346e658ca6ee24ef10c69c4b68e74e,320,496,1,0.2198841,741.0,2,0.539523,1,1,1,0.768165,1,1,1,0.768165
test/images/new_fire_fire-536_png.rf.b882c309a26e80ed0a5c826572ddba50.jpg,soul,b63df91657826948d3854678d5c6347b39346e658ca6ee24ef10c69c4b68e74e,320,496,1,0.2198841,45.5,3,0.798771,1,1,1,0.591048,1,1,1,0.591048
test/images/new_fire_fire-556_png.rf.44edf5767d3147982ce80716e559addb.jpg,dfire_yolov8n,33616f706203e84f1d2f4e374a082f6cf8f9cb55fad652410f6213ea9e14f53f,6144,4608,1,0.9265137,176.9,5,0.585965,1,1,1,0.789081,1,0,0,0.263230
test/images/new_fire_fire-556_png.rf.44edf5767d3147982ce80716e559addb.jpg,dfine,33616f706203e84f1d2f4e374a082f6cf8f9cb55fad652410f6213ea9e14f53f,6144,4608,1,0.9265137,517.1,13,0.130705,0,0,0,0.000000,0,0,0,0.000000
test/images/new_fire_fire-556_png.rf.44edf5767d3147982ce80716e559addb.jpg,yolo,33616f706203e84f1d2f4e374a082f6cf8f9cb55fad652410f6213ea9e14f53f,6144,4608,1,0.9265137,815.5,9,0.719151,1,1,0,0.470006,1,0,0,0.131233
test/images/new_fire_fire-556_png.rf.44edf5767d3147982ce80716e559addb.jpg,soul,33616f706203e84f1d2f4e374a082f6cf8f9cb55fad652410f6213ea9e14f53f,6144,4608,1,0.9265137,184.2,3,0.211434,0,0,0,0.000000,0,0,0,0.000000
test/images/new_fire_fire-590_png.rf.be6197a06e8f787fbb690ef5758f26b1.jpg,dfire_yolov8n,f8c8d54fb4633ae07493cdfa4f983e33d2b88625de32ba639068889241807db4,800,449,1,0.3100223,51.7,3,0.654771,1,1,0,0.445210,1,1,0,0.445210
test/images/new_fire_fire-590_png.rf.be6197a06e8f787fbb690ef5758f26b1.jpg,dfine,f8c8d54fb4633ae07493cdfa4f983e33d2b88625de32ba639068889241807db4,800,449,1,0.3100223,387.4,54,0.821837,1,1,1,0.554227,1,1,1,0.554227
test/images/new_fire_fire-590_png.rf.be6197a06e8f787fbb690ef5758f26b1.jpg,yolo,f8c8d54fb4633ae07493cdfa4f983e33d2b88625de32ba639068889241807db4,800,449,1,0.3100223,670.1,6,0.834419,1,0,0,0.280242,1,0,0,0.280242
test/images/new_fire_fire-590_png.rf.be6197a06e8f787fbb690ef5758f26b1.jpg,soul,f8c8d54fb4633ae07493cdfa4f983e33d2b88625de32ba639068889241807db4,800,449,1,0.3100223,57.8,4,0.888096,1,0,0,0.243935,1,0,0,0.243935
test/images/new_fire_fire-591_png.rf.1640dc1fc7f4904ee5be8e396217e7b2.jpg,dfire_yolov8n,03374efb76ba2e76bcb38f65fc385122ef9d325e943d57e130454beda9405c46,1200,800,2,0.1081667,57.7,14,0.644347,1,0,0,0.189988,1,0,0,0.189988
test/images/new_fire_fire-591_png.rf.1640dc1fc7f4904ee5be8e396217e7b2.jpg,dfine,03374efb76ba2e76bcb38f65fc385122ef9d325e943d57e130454beda9405c46,1200,800,2,0.1081667,378.1,71,0.829612,1,1,1,0.687500,1,0,0,0.252695
test/images/new_fire_fire-591_png.rf.1640dc1fc7f4904ee5be8e396217e7b2.jpg,yolo,03374efb76ba2e76bcb38f65fc385122ef9d325e943d57e130454beda9405c46,1200,800,2,0.1081667,696.2,13,0.788112,1,1,0,0.300580,1,1,0,0.300580
test/images/new_fire_fire-591_png.rf.1640dc1fc7f4904ee5be8e396217e7b2.jpg,soul,03374efb76ba2e76bcb38f65fc385122ef9d325e943d57e130454beda9405c46,1200,800,2,0.1081667,51.3,6,0.598877,1,0,0,0.277834,1,0,0,0.116780
test/images/new_fire_fire-617_png.rf.fc97f3a24d6ba8275148274960ccfd0f.jpg,dfire_yolov8n,cf08d368fb35f4fe1274ea4f6bf8291114d7099029beeb06a239411f975b66a2,1440,720,3,0.2307986,50.8,14,0.571736,1,1,0,0.404012,1,0,0,0.229323
test/images/new_fire_fire-617_png.rf.fc97f3a24d6ba8275148274960ccfd0f.jpg,dfine,cf08d368fb35f4fe1274ea4f6bf8291114d7099029beeb06a239411f975b66a2,1440,720,3,0.2307986,458.1,170,0.750516,1,1,1,0.816673,1,1,1,0.620808
test/images/new_fire_fire-617_png.rf.fc97f3a24d6ba8275148274960ccfd0f.jpg,yolo,cf08d368fb35f4fe1274ea4f6bf8291114d7099029beeb06a239411f975b66a2,1440,720,3,0.2307986,734.7,28,0.619983,1,1,0,0.447245,1,0,0,0.284268
test/images/new_fire_fire-617_png.rf.fc97f3a24d6ba8275148274960ccfd0f.jpg,soul,cf08d368fb35f4fe1274ea4f6bf8291114d7099029beeb06a239411f975b66a2,1440,720,3,0.2307986,56.8,10,0.735095,1,1,0,0.335904,1,1,0,0.335904
test/images/new_fire_fire-620_png.rf.16ea8d4e0b0430262227435b94a95d58.jpg,dfire_yolov8n,40e54a6730b701bf353e45dc027f418d036fdf1ef67e961f64d0cbf873ce4bc0,992,744,2,0.2650437,54.8,12,0.692448,1,1,0,0.450050,1,1,0,0.450050
test/images/new_fire_fire-620_png.rf.16ea8d4e0b0430262227435b94a95d58.jpg,dfine,40e54a6730b701bf353e45dc027f418d036fdf1ef67e961f64d0cbf873ce4bc0,992,744,2,0.2650437,431.2,125,0.752246,1,1,1,0.839612,1,1,1,0.839612
test/images/new_fire_fire-620_png.rf.16ea8d4e0b0430262227435b94a95d58.jpg,yolo,40e54a6730b701bf353e45dc027f418d036fdf1ef67e961f64d0cbf873ce4bc0,992,744,2,0.2650437,722.1,5,0.484342,1,0,0,0.067267,0,0,0,0.000000
test/images/new_fire_fire-620_png.rf.16ea8d4e0b0430262227435b94a95d58.jpg,soul,40e54a6730b701bf353e45dc027f418d036fdf1ef67e961f64d0cbf873ce4bc0,992,744,2,0.2650437,58.9,11,0.847199,1,1,1,0.723369,1,1,1,0.723369
test/images/new_fire_fire-627_png.rf.41ce2403b57b41615f262b0cdbbfde6c.jpg,dfire_yolov8n,8b465a78024e5304a9e49a59b9baf726e2dcf6e69d99193706d7b90d1cbe1e97,5568,3712,1,0.1181946,151.7,4,0.735888,1,1,0,0.334353,1,1,0,0.334353
test/images/new_fire_fire-627_png.rf.41ce2403b57b41615f262b0cdbbfde6c.jpg,dfine,8b465a78024e5304a9e49a59b9baf726e2dcf6e69d99193706d7b90d1cbe1e97,5568,3712,1,0.1181946,494.9,43,0.642215,1,1,1,0.831748,1,1,1,0.831748
test/images/new_fire_fire-627_png.rf.41ce2403b57b41615f262b0cdbbfde6c.jpg,yolo,8b465a78024e5304a9e49a59b9baf726e2dcf6e69d99193706d7b90d1cbe1e97,5568,3712,1,0.1181946,822.6,6,0.603973,1,1,0,0.327023,1,1,0,0.327023
test/images/new_fire_fire-627_png.rf.41ce2403b57b41615f262b0cdbbfde6c.jpg,soul,8b465a78024e5304a9e49a59b9baf726e2dcf6e69d99193706d7b90d1cbe1e97,5568,3712,1,0.1181946,156.6,5,0.905061,1,0,0,0.246137,1,0,0,0.246137
test/images/new_fire_fire-631_png.rf.a46c1db707d850ee3551fabe55798bd0.jpg,dfire_yolov8n,bfb72b8d2492721713660ca1eab13e6b6f55ed133b2d17577728cfc0be1628df,2200,1467,1,0.1604961,64.9,7,0.633696,1,1,1,0.546734,1,1,1,0.546734
test/images/new_fire_fire-631_png.rf.a46c1db707d850ee3551fabe55798bd0.jpg,dfine,bfb72b8d2492721713660ca1eab13e6b6f55ed133b2d17577728cfc0be1628df,2200,1467,1,0.1604961,437.7,64,0.827218,1,1,1,0.582575,1,1,1,0.582575
test/images/new_fire_fire-631_png.rf.a46c1db707d850ee3551fabe55798bd0.jpg,yolo,bfb72b8d2492721713660ca1eab13e6b6f55ed133b2d17577728cfc0be1628df,2200,1467,1,0.1604961,706.4,8,0.594028,1,1,1,0.558958,1,0,0,0.256193
test/images/new_fire_fire-631_png.rf.a46c1db707d850ee3551fabe55798bd0.jpg,soul,bfb72b8d2492721713660ca1eab13e6b6f55ed133b2d17577728cfc0be1628df,2200,1467,1,0.1604961,66.8,4,0.756694,1,0,0,0.246447,1,0,0,0.246447
test/images/new_fire_fire-647_png.rf.60cb7a3cce80defa60eda337a720c774.jpg,dfire_yolov8n,e21e1674d49bb670674d393692aa176abe5f3cbf35a54a6f2314669d0a2c5891,1900,1266,3,0.0447343,69.3,10,0.811716,1,1,1,0.774414,1,1,1,0.774414
test/images/new_fire_fire-647_png.rf.60cb7a3cce80defa60eda337a720c774.jpg,dfine,e21e1674d49bb670674d393692aa176abe5f3cbf35a54a6f2314669d0a2c5891,1900,1266,3,0.0447343,441.3,130,0.878459,1,1,1,0.901226,1,1,1,0.901226
test/images/new_fire_fire-647_png.rf.60cb7a3cce80defa60eda337a720c774.jpg,yolo,e21e1674d49bb670674d393692aa176abe5f3cbf35a54a6f2314669d0a2c5891,1900,1266,3,0.0447343,753.2,12,0.738268,1,1,1,0.928260,1,1,1,0.928260
test/images/new_fire_fire-647_png.rf.60cb7a3cce80defa60eda337a720c774.jpg,soul,e21e1674d49bb670674d393692aa176abe5f3cbf35a54a6f2314669d0a2c5891,1900,1266,3,0.0447343,67.4,6,0.865190,1,1,0,0.473856,1,1,0,0.473856
test/images/new_fire_fire-673_png.rf.342372406a30849ac5cc5e82c8508121.jpg,dfire_yolov8n,cd576a6dcc1f4c2b45aa2df2399d282b6e30887735837746dd2336c32ce8da48,1280,720,2,0.0748438,58.3,18,0.365377,1,1,0,0.325208,0,0,0,0.000000
test/images/new_fire_fire-673_png.rf.342372406a30849ac5cc5e82c8508121.jpg,dfine,cd576a6dcc1f4c2b45aa2df2399d282b6e30887735837746dd2336c32ce8da48,1280,720,2,0.0748438,426.4,161,0.575233,1,1,1,0.584438,1,0,0,0.078343
test/images/new_fire_fire-673_png.rf.342372406a30849ac5cc5e82c8508121.jpg,yolo,cd576a6dcc1f4c2b45aa2df2399d282b6e30887735837746dd2336c32ce8da48,1280,720,2,0.0748438,737.5,18,0.312830,1,1,1,0.725009,0,0,0,0.000000
test/images/new_fire_fire-673_png.rf.342372406a30849ac5cc5e82c8508121.jpg,soul,cd576a6dcc1f4c2b45aa2df2399d282b6e30887735837746dd2336c32ce8da48,1280,720,2,0.0748438,61.0,6,0.542464,1,0,0,0.059673,1,0,0,0.059673
test/images/new_fire_fire-678_png.rf.4fa73d7b83e58e6e9faf6cabe6fdec29.jpg,dfire_yolov8n,c16bcb9cd5e4a92c1240bd3017e97f1a7d6e4689545f4a8c664ff87401bb54b1,1280,800,2,0.0523359,67.1,6,0.441472,1,1,1,0.862530,0,0,0,0.000000
test/images/new_fire_fire-678_png.rf.4fa73d7b83e58e6e9faf6cabe6fdec29.jpg,dfine,c16bcb9cd5e4a92c1240bd3017e97f1a7d6e4689545f4a8c664ff87401bb54b1,1280,800,2,0.0523359,338.5,75,0.761626,1,1,1,0.860333,1,1,1,0.860333
test/images/new_fire_fire-678_png.rf.4fa73d7b83e58e6e9faf6cabe6fdec29.jpg,yolo,c16bcb9cd5e4a92c1240bd3017e97f1a7d6e4689545f4a8c664ff87401bb54b1,1280,800,2,0.0523359,488.9,10,0.648569,1,1,1,0.877221,1,1,1,0.877221
test/images/new_fire_fire-678_png.rf.4fa73d7b83e58e6e9faf6cabe6fdec29.jpg,soul,c16bcb9cd5e4a92c1240bd3017e97f1a7d6e4689545f4a8c664ff87401bb54b1,1280,800,2,0.0523359,35.7,3,0.452357,1,0,0,0.192782,0,0,0,0.000000
test/images/new_fire_fire-67_png.rf.4e46adcdcd1683d7d8f2b6183e54dc50.jpg,dfire_yolov8n,0740cc0d399622f6c016de98aae601added7202c724f7e7c80f8d360e917c6e3,900,675,1,0.7500905,35.1,16,0.728145,1,0,0,0.256825,1,0,0,0.256825
test/images/new_fire_fire-67_png.rf.4e46adcdcd1683d7d8f2b6183e54dc50.jpg,dfine,0740cc0d399622f6c016de98aae601added7202c724f7e7c80f8d360e917c6e3,900,675,1,0.7500905,276.3,145,0.667068,1,1,1,0.634438,1,1,0,0.317697
test/images/new_fire_fire-67_png.rf.4e46adcdcd1683d7d8f2b6183e54dc50.jpg,yolo,0740cc0d399622f6c016de98aae601added7202c724f7e7c80f8d360e917c6e3,900,675,1,0.7500905,868.8,31,0.757033,1,1,0,0.327295,1,1,0,0.327295
test/images/new_fire_fire-67_png.rf.4e46adcdcd1683d7d8f2b6183e54dc50.jpg,soul,0740cc0d399622f6c016de98aae601added7202c724f7e7c80f8d360e917c6e3,900,675,1,0.7500905,64.7,18,0.721042,1,0,0,0.202593,1,0,0,0.024899
test/images/new_fire_fire-687_png.rf.af8731ad07e42335d1683e77ec16f3b9.jpg,dfire_yolov8n,b3a0066ad05401c46a8044e80306c7b64345766a1c3335560bd25a97ef2f69c5,1900,1266,2,0.2248736,64.7,17,0.694476,1,1,1,0.616765,1,1,1,0.616765
test/images/new_fire_fire-687_png.rf.af8731ad07e42335d1683e77ec16f3b9.jpg,dfine,b3a0066ad05401c46a8044e80306c7b64345766a1c3335560bd25a97ef2f69c5,1900,1266,2,0.2248736,411.1,152,0.780151,1,1,1,0.619852,1,1,1,0.619852
test/images/new_fire_fire-687_png.rf.af8731ad07e42335d1683e77ec16f3b9.jpg,yolo,b3a0066ad05401c46a8044e80306c7b64345766a1c3335560bd25a97ef2f69c5,1900,1266,2,0.2248736,718.1,20,0.800754,1,1,1,0.689375,1,1,1,0.689375
test/images/new_fire_fire-687_png.rf.af8731ad07e42335d1683e77ec16f3b9.jpg,soul,b3a0066ad05401c46a8044e80306c7b64345766a1c3335560bd25a97ef2f69c5,1900,1266,2,0.2248736,64.5,10,0.623824,1,1,0,0.409054,1,0,0,0.021948
test/images/new_fire_fire-708_png.rf.132d8d174918416f1ffe055c08b2f8a1.jpg,dfire_yolov8n,2cb32381ccd235550eb86542febc981ae117c5a4a305afd14d78b920be7d80c9,1910,1000,1,0.4414335,63.4,13,0.775121,1,1,1,0.722736,1,1,0,0.490637
test/images/new_fire_fire-708_png.rf.132d8d174918416f1ffe055c08b2f8a1.jpg,dfine,2cb32381ccd235550eb86542febc981ae117c5a4a305afd14d78b920be7d80c9,1910,1000,1,0.4414335,442.1,92,0.891039,1,1,0,0.489677,1,1,0,0.489677
test/images/new_fire_fire-708_png.rf.132d8d174918416f1ffe055c08b2f8a1.jpg,yolo,2cb32381ccd235550eb86542febc981ae117c5a4a305afd14d78b920be7d80c9,1910,1000,1,0.4414335,725.2,15,0.476094,1,1,1,0.513306,0,0,0,0.000000
test/images/new_fire_fire-708_png.rf.132d8d174918416f1ffe055c08b2f8a1.jpg,soul,2cb32381ccd235550eb86542febc981ae117c5a4a305afd14d78b920be7d80c9,1910,1000,1,0.4414335,68.8,6,0.871507,1,1,1,0.548371,1,1,1,0.548371
test/images/new_fire_fire-730_png.rf.982b725239644ee98491ffb9fdfe4c83.jpg,dfire_yolov8n,f389edc698d76bfd2ad0b251792b9395d4a0bfb928df797cf27dd34e00c8b99e,650,366,1,0.2719672,61.6,5,0.727549,1,1,1,0.863820,1,1,1,0.863820
test/images/new_fire_fire-730_png.rf.982b725239644ee98491ffb9fdfe4c83.jpg,dfine,f389edc698d76bfd2ad0b251792b9395d4a0bfb928df797cf27dd34e00c8b99e,650,366,1,0.2719672,479.1,102,0.687071,1,1,1,0.862892,1,1,1,0.862892
test/images/new_fire_fire-730_png.rf.982b725239644ee98491ffb9fdfe4c83.jpg,yolo,f389edc698d76bfd2ad0b251792b9395d4a0bfb928df797cf27dd34e00c8b99e,650,366,1,0.2719672,712.4,9,0.722455,1,1,1,0.928848,1,1,1,0.928848
test/images/new_fire_fire-730_png.rf.982b725239644ee98491ffb9fdfe4c83.jpg,soul,f389edc698d76bfd2ad0b251792b9395d4a0bfb928df797cf27dd34e00c8b99e,650,366,1,0.2719672,57.1,4,0.746797,1,1,1,0.625931,1,1,1,0.625931
test/images/new_fire_fire-752_png.rf.a71891be691b0f9d48485020702a855d.jpg,dfire_yolov8n,ab95e7618f7987b37c57ee420ba4770cd00b74f13b8ca1d8712331616f746448,1024,576,1,0.4762861,57.5,6,0.708729,1,1,1,0.630824,1,1,1,0.630824
test/images/new_fire_fire-752_png.rf.a71891be691b0f9d48485020702a855d.jpg,dfine,ab95e7618f7987b37c57ee420ba4770cd00b74f13b8ca1d8712331616f746448,1024,576,1,0.4762861,426.1,119,0.746900,1,1,1,0.898836,1,1,1,0.898836
test/images/new_fire_fire-752_png.rf.a71891be691b0f9d48485020702a855d.jpg,yolo,ab95e7618f7987b37c57ee420ba4770cd00b74f13b8ca1d8712331616f746448,1024,576,1,0.4762861,718.5,6,0.655843,1,1,1,0.715004,1,1,1,0.715004
test/images/new_fire_fire-752_png.rf.a71891be691b0f9d48485020702a855d.jpg,soul,ab95e7618f7987b37c57ee420ba4770cd00b74f13b8ca1d8712331616f746448,1024,576,1,0.4762861,54.8,3,0.364649,1,1,1,0.588848,0,0,0,0.000000
test/images/new_fire_fire-753_png.rf.a713dfabc25d7c47dabd289f5ad30683.jpg,dfire_yolov8n,6337bb5b563f68d9ba9cc0426e0f1b36591d9b7e6058e52bac712528048feaca,1480,832,2,0.1753890,64.3,15,0.579444,1,0,0,0.204811,1,0,0,0.032091
test/images/new_fire_fire-753_png.rf.a713dfabc25d7c47dabd289f5ad30683.jpg,dfine,6337bb5b563f68d9ba9cc0426e0f1b36591d9b7e6058e52bac712528048feaca,1480,832,2,0.1753890,416.7,96,0.687815,1,1,1,0.688587,1,0,0,0.268656
test/images/new_fire_fire-753_png.rf.a713dfabc25d7c47dabd289f5ad30683.jpg,yolo,6337bb5b563f68d9ba9cc0426e0f1b36591d9b7e6058e52bac712528048feaca,1480,832,2,0.1753890,737.9,16,0.769336,1,0,0,0.167681,1,0,0,0.037781
test/images/new_fire_fire-753_png.rf.a713dfabc25d7c47dabd289f5ad30683.jpg,soul,6337bb5b563f68d9ba9cc0426e0f1b36591d9b7e6058e52bac712528048feaca,1480,832,2,0.1753890,58.3,3,0.622059,1,0,0,0.030906,1,0,0,0.030005
test/images/new_fire_fire-93_png.rf.041075b7c2775f489e8e4d752694d272.jpg,dfire_yolov8n,fd3c59295ef344851cf79b3c0bf4858200d8414576bf24d548bd260490bf150b,1017,746,1,0.1242115,58.6,4,0.497280,1,1,1,0.895547,0,0,0,0.000000
test/images/new_fire_fire-93_png.rf.041075b7c2775f489e8e4d752694d272.jpg,dfine,fd3c59295ef344851cf79b3c0bf4858200d8414576bf24d548bd260490bf150b,1017,746,1,0.1242115,406.7,74,0.870549,1,1,1,0.936982,1,1,1,0.936982
test/images/new_fire_fire-93_png.rf.041075b7c2775f489e8e4d752694d272.jpg,yolo,fd3c59295ef344851cf79b3c0bf4858200d8414576bf24d548bd260490bf150b,1017,746,1,0.1242115,709.7,6,0.500316,1,1,1,0.822841,1,1,1,0.822841
test/images/new_fire_fire-93_png.rf.041075b7c2775f489e8e4d752694d272.jpg,soul,fd3c59295ef344851cf79b3c0bf4858200d8414576bf24d548bd260490bf150b,1017,746,1,0.1242115,60.1,2,0.663962,1,1,1,0.822414,1,1,1,0.822414
