clip,model,frame,time_s,flame_labeled,gt_boxes,latency_ms,max_smoke,max_flame,predictions,smoke_025,flame_025,flame_iou50_025,smoke_050,flame_050,flame_iou50_050
barbecue,dfine,0,0.0,1,1,1695.9,0.165447,0.893879,"[{""label"": ""flame"", ""score"": 0.8939, ""box"": [467, 151, 665, 616]}, {""label"": ""flame"", ""score"": 0.3545, ""box"": [440, 477, 463, 511]}, {""label"": ""flame"", ""score"": 0.288, ""box"": [662, 440, 680, 462]}, {""label"": ""flame"", ""score"": 0.2674, ""box"": [457, 315, 473, 363]}, {""label"": ""flame"", ""score"": 0.2536, ""box"": [871, 18, 923, 42]}, {""label"": ""smoke"", ""score"": 0.1654, ""box"": [349, 264, 472, 461]}, {""label"": ""smoke"", ""score"": 0.1568, ""box"": [349, 267, 453, 453]}, {""label"": ""flame"", ""score"": 0.1336, ""box"": [567, 552, 613, 614]}, {""label"": ""smoke"", ""score"": 0.1279, ""box"": [351, 197, 483, 452]}, {""label"": ""smoke"", ""score"": 0.1187, ""box"": [352, 186, 484, 455]}, {""label"": ""smoke"", ""score"": 0.1133, ""box"": [345, 267, 507, 504]}, {""label"": ""smoke"", ""score"": 0.1103, ""box"": [347, 272, 504, 504]}, {""label"": ""flame"", ""score"": 0.1093, ""box"": [628, 145, 645, 234]}, {""label"": ""flame"", ""score"": 0.1042, ""box"": [518, 480, 537, 514]}, {""label"": ""smoke"", ""score"": 0.102, ""box"": [346, 171, 484, 460]}, {""label"": ""smoke"", ""score"": 0.0999, ""box"": [400, 534, 464, 594]}, {""label"": ""flame"", ""score"": 0.0889, ""box"": [567, 548, 615, 615]}, {""label"": ""flame"", ""score"": 0.0818, ""box"": [564, 508, 650, 615]}, {""label"": ""smoke"", ""score"": 0.0742, ""box"": [354, 299, 510, 498]}, {""label"": ""smoke"", ""score"": 0.0709, ""box"": [342, 247, 487, 528]}, {""label"": ""smoke"", ""score"": 0.0683, ""box"": [271, 480, 474, 601]}, {""label"": ""flame"", ""score"": 0.0665, ""box"": [519, 479, 534, 497]}, {""label"": ""smoke"", ""score"": 0.066, ""box"": [356, 195, 484, 407]}, {""label"": ""flame"", ""score"": 0.0654, ""box"": [575, 183, 603, 252]}, {""label"": ""flame"", ""score"": 0.0643, ""box"": [574, 183, 604, 253]}, {""label"": ""smoke"", ""score"": 0.0616, ""box"": [351, 157, 494, 415]}, {""label"": ""smoke"", ""score"": 0.061, ""box"": [373, 530, 472, 599]}, {""label"": ""flame"", ""score"": 0.06, ""box"": [624, 145, 646, 272]}, {""label"": ""smoke"", ""score"": 0.058, ""box"": [349, 170, 635, 483]}, {""label"": ""flame"", ""score"": 0.0571, ""box"": [565, 523, 616, 615]}, {""label"": ""smoke"", ""score"": 0.0563, ""box"": [322, 514, 472, 599]}, {""label"": ""smoke"", ""score"": 0.0545, ""box"": [350, 300, 509, 501]}, {""label"": ""flame"", ""score"": 0.0535, ""box"": [471, 204, 495, 232]}, {""label"": ""flame"", ""score"": 0.0525, ""box"": [623, 145, 647, 276]}, {""label"": ""smoke"", ""score"": 0.0525, ""box"": [344, 272, 480, 514]}]",0,1,1,0,1,1
barbecue,yolo,0,0.0,1,1,1263.8,0.0,0.840425,"[{""label"": ""flame"", ""score"": 0.8404, ""box"": [467, 163, 674, 612]}, {""label"": ""flame"", ""score"": 0.5627, ""box"": [871, 19, 922, 42]}, {""label"": ""flame"", ""score"": 0.4149, ""box"": [441, 477, 464, 512]}]",0,1,1,0,1,1
barbecue,dfire_yolov8n,0,0.0,1,1,136.4,0.0,0.848261,"[{""label"": ""flame"", ""score"": 0.8483, ""box"": [487, 175, 660, 615]}, {""label"": ""flame"", ""score"": 0.1931, ""box"": [706, 123, 780, 212]}, {""label"": ""flame"", ""score"": 0.1038, ""box"": [564, 384, 657, 610]}, {""label"": ""flame"", ""score"": 0.0843, ""box"": [873, 23, 922, 41]}]",0,1,1,0,1,1
barbecue,soul,0,0.0,1,1,171.4,0.0,0.855995,"[{""label"": ""flame"", ""score"": 0.856, ""box"": [481, 154, 659, 613]}, {""label"": ""flame"", ""score"": 0.0924, ""box"": [872, 8, 922, 39]}]",0,1,1,0,1,1
barbecue,pyronear,0,0.0,1,1,615.5,0.0,0.0,[],0,0,0,0,0,0
barbecue,dfine,30,1.001,1,1,393.7,0.077387,0.890972,"[{""label"": ""flame"", ""score"": 0.891, ""box"": [502, 37, 699, 620]}, {""label"": ""flame"", ""score"": 0.6731, ""box"": [752, 19, 832, 135]}, {""label"": ""flame"", ""score"": 0.4596, ""box"": [449, 283, 494, 310]}, {""label"": ""flame"", ""score"": 0.3287, ""box"": [622, 694, 657, 717]}, {""label"": ""flame"", ""score"": 0.3055, ""box"": [630, 34, 650, 121]}, {""label"": ""flame"", ""score"": 0.2816, ""box"": [675, 111, 698, 201]}, {""label"": ""flame"", ""score"": 0.236, ""box"": [448, 251, 509, 311]}, {""label"": ""flame"", ""score"": 0.1863, ""box"": [606, 80, 627, 131]}, {""label"": ""flame"", ""score"": 0.1844, ""box"": [630, 33, 649, 120]}, {""label"": ""flame"", ""score"": 0.1827, ""box"": [608, 33, 651, 133]}, {""label"": ""flame"", ""score"": 0.1741, ""box"": [623, 695, 640, 711]}, {""label"": ""flame"", ""score"": 0.1443, ""box"": [497, 251, 511, 278]}, {""label"": ""flame"", ""score"": 0.1214, ""box"": [496, 252, 512, 300]}, {""label"": ""flame"", ""score"": 0.1128, ""box"": [632, 34, 649, 81]}, {""label"": ""flame"", ""score"": 0.1041, ""box"": [578, 560, 618, 619]}, {""label"": ""flame"", ""score"": 0.0857, ""box"": [639, 698, 657, 717]}, {""label"": ""flame"", ""score"": 0.0776, ""box"": [626, 33, 696, 207]}, {""label"": ""smoke"", ""score"": 0.0774, ""box"": [326, 383, 496, 495]}, {""label"": ""smoke"", ""score"": 0.0772, ""box"": [318, 289, 531, 595]}, {""label"": ""flame"", ""score"": 0.0753, ""box"": [632, 34, 648, 63]}, {""label"": ""flame"", ""score"": 0.0736, ""box"": [673, 110, 700, 234]}, {""label"": ""flame"", ""score"": 0.0694, ""box"": [623, 34, 695, 203]}, {""label"": ""smoke"", ""score"": 0.0675, ""box"": [296, 265, 517, 510]}, {""label"": ""smoke"", ""score"": 0.066, ""box"": [321, 356, 520, 508]}, {""label"": ""flame"", ""score"": 0.0645, ""box"": [800, 19, 831, 72]}, {""label"": ""smoke"", ""score"": 0.0626, ""box"": [331, 373, 534, 495]}, {""label"": ""smoke"", ""score"": 0.0615, ""box"": [295, 254, 532, 524]}, {""label"": ""flame"", ""score"": 0.0605, ""box"": [658, 552, 690, 605]}, {""label"": ""smoke"", ""score"": 0.0597, ""box"": [307, 381, 508, 624]}, {""label"": ""flame"", ""score"": 0.0594, ""box"": [487, 251, 512, 306]}, {""label"": ""smoke"", ""score"": 0.0546, ""box"": [315, 381, 505, 566]}, {""label"": ""flame"", ""score"": 0.0545, ""box"": [606, 79, 627, 141]}, {""label"": ""flame"", ""score"": 0.053, ""box"": [195, 319, 227, 416]}, {""label"": ""flame"", ""score"": 0.0528, ""box"": [681, 150, 695, 201]}, {""label"": ""flame"", ""score"": 0.0527, ""box"": [621, 34, 697, 202]}, {""label"": ""flame"", ""score"": 0.0512, ""box"": [569, 90, 591, 158]}, {""label"": ""flame"", ""score"": 0.0512, ""box"": [615, 689, 674, 718]}]",0,1,1,0,1,1
barbecue,yolo,30,1.001,1,1,793.8,0.0,0.820983,"[{""label"": ""flame"", ""score"": 0.821, ""box"": [513, 88, 695, 617]}, {""label"": ""flame"", ""score"": 0.1744, ""box"": [447, 280, 493, 312]}, {""label"": ""flame"", ""score"": 0.1652, ""box"": [621, 694, 659, 717]}]",0,1,1,0,1,1
barbecue,dfire_yolov8n,30,1.001,1,1,82.9,0.400425,0.849991,"[{""label"": ""flame"", ""score"": 0.85, ""box"": [510, 104, 696, 623]}, {""label"": ""smoke"", ""score"": 0.4004, ""box"": [965, 11, 1279, 318]}, {""label"": ""flame"", ""score"": 0.1089, ""box"": [449, 287, 491, 308]}]",1,1,1,0,1,1
barbecue,soul,30,1.001,1,1,66.6,0.0,0.901373,"[{""label"": ""flame"", ""score"": 0.9014, ""box"": [522, 37, 695, 617]}, {""label"": ""flame"", ""score"": 0.1015, ""box"": [1086, 0, 1279, 311]}, {""label"": ""flame"", ""score"": 0.055, ""box"": [771, 20, 831, 118]}]",0,1,1,0,1,1
barbecue,pyronear,30,1.001,1,1,349.2,0.053785,0.0,"[{""label"": ""smoke"", ""score"": 0.0538, ""box"": [554, 0, 609, 15]}]",0,0,0,0,0,0
barbecue,dfine,60,2.002,1,1,365.0,0.132064,0.870835,"[{""label"": ""flame"", ""score"": 0.8708, ""box"": [500, 282, 762, 606]}, {""label"": ""flame"", ""score"": 0.4281, ""box"": [1031, 148, 1064, 222]}, {""label"": ""flame"", ""score"": 0.2111, ""box"": [642, 681, 675, 702]}, {""label"": ""flame"", ""score"": 0.1574, ""box"": [552, 477, 574, 508]}, {""label"": ""smoke"", ""score"": 0.1321, ""box"": [453, 324, 562, 488]}, {""label"": ""flame"", ""score"": 0.1276, ""box"": [643, 682, 661, 696]}, {""label"": ""flame"", ""score"": 0.1158, ""box"": [593, 544, 636, 606]}, {""label"": ""smoke"", ""score"": 0.115, ""box"": [455, 324, 555, 480]}, {""label"": ""smoke"", ""score"": 0.1085, ""box"": [293, 270, 560, 493]}, {""label"": ""smoke"", ""score"": 0.1054, ""box"": [273, 264, 564, 494]}, {""label"": ""flame"", ""score"": 0.0882, ""box"": [672, 520, 711, 592]}, {""label"": ""flame"", ""score"": 0.0863, ""box"": [498, 252, 534, 266]}, {""label"": ""smoke"", ""score"": 0.0849, ""box"": [338, 301, 551, 491]}, {""label"": ""flame"", ""score"": 0.0849, ""box"": [590, 528, 639, 606]}, {""label"": ""flame"", ""score"": 0.0843, ""box"": [660, 687, 675, 702]}, {""label"": ""flame"", ""score"": 0.0811, ""box"": [1033, 149, 1059, 187]}, {""label"": ""flame"", ""score"": 0.0778, ""box"": [483, 325, 539, 382]}, {""label"": ""smoke"", ""score"": 0.0721, ""box"": [249, 265, 565, 494]}, {""label"": ""smoke"", ""score"": 0.0711, ""box"": [449, 263, 595, 496]}, {""label"": ""smoke"", ""score"": 0.0697, ""box"": [379, 277, 560, 488]}, {""label"": ""flame"", ""score"": 0.0681, ""box"": [586, 433, 698, 606]}, {""label"": ""flame"", ""score"": 0.0599, ""box"": [643, 681, 658, 694]}, {""label"": ""smoke"", ""score"": 0.058, ""box"": [360, 248, 577, 496]}, {""label"": ""smoke"", ""score"": 0.0573, ""box"": [384, 300, 554, 487]}, {""label"": ""smoke"", ""score"": 0.0566, ""box"": [420, 264, 565, 492]}, {""label"": ""smoke"", ""score"": 0.0556, ""box"": [345, 307, 550, 494]}, {""label"": ""smoke"", ""score"": 0.0541, ""box"": [459, 382, 562, 470]}, {""label"": ""smoke"", ""score"": 0.0537, ""box"": [381, 304, 556, 494]}, {""label"": ""smoke"", ""score"": 0.0511, ""box"": [455, 381, 554, 476]}, {""label"": ""flame"", ""score"": 0.0504, ""box"": [649, 519, 712, 598]}]",0,1,1,0,1,1
barbecue,yolo,60,2.002,1,1,704.9,0.0,0.820146,"[{""label"": ""flame"", ""score"": 0.8201, ""box"": [521, 282, 752, 604]}, {""label"": ""flame"", ""score"": 0.328, ""box"": [641, 680, 678, 704]}]",0,1,1,0,1,1
barbecue,dfire_yolov8n,60,2.002,1,1,51.0,0.318742,0.752746,"[{""label"": ""flame"", ""score"": 0.7527, ""box"": [511, 284, 738, 608]}, {""label"": ""flame"", ""score"": 0.4036, ""box"": [589, 420, 693, 606]}, {""label"": ""smoke"", ""score"": 0.3187, ""box"": [1000, 10, 1278, 265]}, {""label"": ""flame"", ""score"": 0.1436, ""box"": [642, 683, 678, 699]}, {""label"": ""smoke"", ""score"": 0.0786, ""box"": [1134, 20, 1280, 261]}]",1,1,1,0,1,1
barbecue,soul,60,2.002,1,1,67.4,0.0,0.93356,"[{""label"": ""flame"", ""score"": 0.9336, ""box"": [523, 291, 740, 604]}, {""label"": ""flame"", ""score"": 0.1032, ""box"": [1031, 151, 1055, 224]}]",0,1,1,0,1,1
barbecue,pyronear,60,2.002,1,1,336.0,0.0,0.0,[],0,0,0,0,0,0
barbecue,dfine,90,3.003,1,1,371.2,0.080975,0.926747,"[{""label"": ""flame"", ""score"": 0.9267, ""box"": [564, 218, 800, 599]}, {""label"": ""flame"", ""score"": 0.4491, ""box"": [639, 675, 672, 697]}, {""label"": ""flame"", ""score"": 0.3163, ""box"": [862, 202, 989, 248]}, {""label"": ""flame"", ""score"": 0.14, ""box"": [977, 0, 1035, 36]}, {""label"": ""flame"", ""score"": 0.0928, ""box"": [584, 538, 626, 597]}, {""label"": ""flame"", ""score"": 0.087, ""box"": [48, 69, 255, 230]}, {""label"": ""flame"", ""score"": 0.0838, ""box"": [649, 576, 663, 591]}, {""label"": ""flame"", ""score"": 0.0835, ""box"": [862, 225, 894, 248]}, {""label"": ""flame"", ""score"": 0.0817, ""box"": [862, 223, 897, 248]}, {""label"": ""smoke"", ""score"": 0.081, ""box"": [323, 176, 573, 459]}, {""label"": ""smoke"", ""score"": 0.0763, ""box"": [331, 174, 577, 443]}, {""label"": ""flame"", ""score"": 0.0729, ""box"": [893, 0, 1036, 75]}, {""label"": ""smoke"", ""score"": 0.0715, ""box"": [319, 172, 580, 505]}, {""label"": ""smoke"", ""score"": 0.069, ""box"": [316, 274, 565, 547]}, {""label"": ""flame"", ""score"": 0.0679, ""box"": [585, 539, 623, 597]}, {""label"": ""smoke"", ""score"": 0.0663, ""box"": [337, 294, 573, 548]}, {""label"": ""smoke"", ""score"": 0.0661, ""box"": [316, 246, 568, 528]}, {""label"": ""smoke"", ""score"": 0.0638, ""box"": [313, 293, 570, 570]}, {""label"": ""smoke"", ""score"": 0.06, ""box"": [564, 218, 800, 599]}, {""label"": ""flame"", ""score"": 0.0557, ""box"": [582, 533, 660, 598]}, {""label"": ""flame"", ""score"": 0.0523, ""box"": [642, 675, 670, 694]}, {""label"": ""flame"", ""score"": 0.0522, ""box"": [179, 4, 198, 22]}, {""label"": ""flame"", ""score"": 0.0511, ""box"": [586, 538, 619, 577]}, {""label"": ""flame"", ""score"": 0.0505, ""box"": [643, 574, 665, 592]}, {""label"": ""flame"", ""score"": 0.0505, ""box"": [937, 203, 987, 220]}]",0,1,1,0,1,1
barbecue,yolo,90,3.003,1,1,709.7,0.0,0.879002,"[{""label"": ""flame"", ""score"": 0.879, ""box"": [561, 213, 801, 600]}, {""label"": ""flame"", ""score"": 0.5414, ""box"": [864, 201, 987, 248]}, {""label"": ""flame"", ""score"": 0.4024, ""box"": [640, 676, 674, 697]}, {""label"": ""flame"", ""score"": 0.0815, ""box"": [891, 4, 970, 82]}, {""label"": ""flame"", ""score"": 0.0529, ""box"": [636, 675, 682, 705]}]",0,1,1,0,1,1
barbecue,dfire_yolov8n,90,3.003,1,1,57.6,0.0,0.873876,"[{""label"": ""flame"", ""score"": 0.8739, ""box"": [568, 210, 778, 600]}, {""label"": ""flame"", ""score"": 0.2539, ""box"": [864, 202, 987, 243]}, {""label"": ""flame"", ""score"": 0.1337, ""box"": [643, 678, 672, 694]}, {""label"": ""flame"", ""score"": 0.0994, ""box"": [984, 5, 1028, 35]}]",0,1,1,0,1,1
barbecue,soul,90,3.003,1,1,52.6,0.0,0.910012,"[{""label"": ""flame"", ""score"": 0.91, ""box"": [573, 226, 800, 596]}]",0,1,1,0,1,1
barbecue,pyronear,90,3.003,1,1,306.3,0.0,0.0,[],0,0,0,0,0,0
barbecue,dfine,120,4.004,1,1,357.9,0.057727,0.87224,"[{""label"": ""flame"", ""score"": 0.8722, ""box"": [556, 245, 756, 622]}, {""label"": ""flame"", ""score"": 0.6373, ""box"": [648, 88, 700, 246]}, {""label"": ""flame"", ""score"": 0.4964, ""box"": [729, 47, 755, 96]}, {""label"": ""flame"", ""score"": 0.4491, ""box"": [783, 256, 811, 314]}, {""label"": ""flame"", ""score"": 0.4085, ""box"": [936, 118, 957, 170]}, {""label"": ""flame"", ""score"": 0.3454, ""box"": [557, 87, 758, 622]}, {""label"": ""flame"", ""score"": 0.3269, ""box"": [820, 214, 880, 268]}, {""label"": ""flame"", ""score"": 0.3125, ""box"": [686, 0, 706, 25]}, {""label"": ""flame"", ""score"": 0.3054, ""box"": [686, 0, 706, 24]}, {""label"": ""flame"", ""score"": 0.2673, ""box"": [899, 88, 958, 170]}, {""label"": ""flame"", ""score"": 0.267, ""box"": [899, 88, 926, 147]}, {""label"": ""flame"", ""score"": 0.2555, ""box"": [656, 697, 678, 718]}, {""label"": ""flame"", ""score"": 0.2061, ""box"": [648, 696, 679, 719]}, {""label"": ""flame"", ""score"": 0.1904, ""box"": [782, 211, 881, 315]}, {""label"": ""flame"", ""score"": 0.1591, ""box"": [728, 44, 801, 112]}, {""label"": ""flame"", ""score"": 0.1552, ""box"": [684, 0, 756, 95]}, {""label"": ""flame"", ""score"": 0.1399, ""box"": [724, 45, 816, 314]}, {""label"": ""flame"", ""score"": 0.1357, ""box"": [785, 32, 803, 111]}, {""label"": ""flame"", ""score"": 0.1282, ""box"": [785, 59, 802, 111]}, {""label"": ""flame"", ""score"": 0.1172, ""box"": [784, 2, 804, 110]}, {""label"": ""flame"", ""score"": 0.1165, ""box"": [627, 694, 681, 719]}, {""label"": ""flame"", ""score"": 0.11, ""box"": [765, 205, 811, 311]}, {""label"": ""flame"", ""score"": 0.1001, ""box"": [786, 68, 801, 111]}, {""label"": ""flame"", ""score"": 0.0966, ""box"": [668, 87, 702, 145]}, {""label"": ""flame"", ""score"": 0.0953, ""box"": [725, 38, 819, 310]}, {""label"": ""flame"", ""score"": 0.0924, ""box"": [728, 47, 797, 257]}, {""label"": ""flame"", ""score"": 0.0776, ""box"": [174, 23, 194, 44]}, {""label"": ""flame"", ""score"": 0.0765, ""box"": [586, 568, 636, 621]}, {""label"": ""flame"", ""score"": 0.0759, ""box"": [640, 266, 658, 308]}, {""label"": ""flame"", ""score"": 0.072, ""box"": [914, 114, 958, 171]}, {""label"": ""flame"", ""score"": 0.0702, ""box"": [721, 80, 813, 311]}, {""label"": ""flame"", ""score"": 0.0698, ""box"": [557, 399, 582, 435]}, {""label"": ""flame"", ""score"": 0.0687, ""box"": [20, 86, 258, 271]}, {""label"": ""flame"", ""score"": 0.0664, ""box"": [719, 36, 770, 219]}, {""label"": ""flame"", ""score"": 0.066, ""box"": [758, 209, 883, 399]}, {""label"": ""flame"", ""score"": 0.0635, ""box"": [899, 88, 922, 125]}, {""label"": ""flame"", ""score"": 0.0618, ""box"": [554, 0, 910, 622]}, {""label"": ""flame"", ""score"": 0.0605, ""box"": [767, 205, 813, 313]}, {""label"": ""smoke"", ""score"": 0.0577, ""box"": [557, 87, 758, 622]}, {""label"": ""flame"", ""score"": 0.0577, ""box"": [579, 278, 627, 339]}, {""label"": ""smoke"", ""score"": 0.0573, ""box"": [648, 88, 700, 246]}, {""label"": ""flame"", ""score"": 0.055, ""box"": [153, 14, 195, 45]}, {""label"": ""flame"", ""score"": 0.0544, ""box"": [552, 3, 1268, 624]}, {""label"": ""flame"", ""score"": 0.0541, ""box"": [728, 47, 857, 312]}, {""label"": ""flame"", ""score"": 0.054, ""box"": [912, 118, 926, 147]}, {""label"": ""smoke"", ""score"": 0.0534, ""box"": [556, 245, 756, 622]}, {""label"": ""flame"", ""score"": 0.0527, ""box"": [726, 119, 815, 312]}, {""label"": ""smoke"", ""score"": 0.0522, ""box"": [988, 1, 1277, 244]}, {""label"": ""flame"", ""score"": 0.0519, ""box"": [658, 697, 677, 718]}, {""label"": ""smoke"", ""score"": 0.0519, ""box"": [726, 119, 815, 312]}, {""label"": ""flame"", ""score"": 0.0518, ""box"": [582, 279, 625, 332]}, {""label"": ""flame"", ""score"": 0.0518, ""box"": [563, 2, 778, 622]}, {""label"": ""flame"", ""score"": 0.0514, ""box"": [791, 286, 811, 314]}, {""label"": ""flame"", ""score"": 0.051, ""box"": [755, 225, 819, 393]}, {""label"": ""smoke"", ""score"": 0.0506, ""box"": [721, 80, 813, 311]}, {""label"": ""flame"", ""score"": 0.0504, ""box"": [666, 87, 702, 148]}, {""label"": ""smoke"", ""score"": 0.0504, ""box"": [982, 0, 1092, 65]}, {""label"": ""flame"", ""score"": 0.0502, ""box"": [580, 566, 637, 622]}]",0,1,1,0,1,1
barbecue,yolo,120,4.004,1,1,715.5,0.0,0.881039,"[{""label"": ""flame"", ""score"": 0.881, ""box"": [557, 254, 758, 622]}, {""label"": ""flame"", ""score"": 0.122, ""box"": [731, 48, 754, 95]}, {""label"": ""flame"", ""score"": 0.0754, ""box"": [937, 117, 959, 171]}]",0,1,1,0,1,1
barbecue,dfire_yolov8n,120,4.004,1,1,53.2,0.440961,0.862287,"[{""label"": ""flame"", ""score"": 0.8623, ""box"": [562, 256, 751, 615]}, {""label"": ""flame"", ""score"": 0.4846, ""box"": [821, 219, 878, 264]}, {""label"": ""smoke"", ""score"": 0.441, ""box"": [999, 8, 1279, 282]}]",1,1,1,0,1,1
barbecue,soul,120,4.004,1,1,58.4,0.0,0.933456,"[{""label"": ""flame"", ""score"": 0.9335, ""box"": [561, 257, 753, 620]}, {""label"": ""flame"", ""score"": 0.1968, ""box"": [650, 98, 686, 245]}, {""label"": ""flame"", ""score"": 0.1932, ""box"": [940, 112, 954, 169]}, {""label"": ""flame"", ""score"": 0.1264, ""box"": [907, 91, 929, 167]}, {""label"": ""flame"", ""score"": 0.0958, ""box"": [909, 90, 948, 167]}, {""label"": ""flame"", ""score"": 0.0745, ""box"": [691, 0, 702, 27]}, {""label"": ""flame"", ""score"": 0.0572, ""box"": [735, 49, 751, 97]}, {""label"": ""flame"", ""score"": 0.051, ""box"": [787, 261, 812, 313]}]",0,1,1,0,1,1
barbecue,pyronear,120,4.004,1,1,304.3,0.0,0.0,[],0,0,0,0,0,0
barbecue,dfine,150,5.005,1,1,373.7,0.541524,0.925001,"[{""label"": ""flame"", ""score"": 0.925, ""box"": [540, 223, 800, 612]}, {""label"": ""smoke"", ""score"": 0.5415, ""box"": [675, 65, 785, 222]}, {""label"": ""flame"", ""score"": 0.2752, ""box"": [756, 221, 786, 265]}, {""label"": ""flame"", ""score"": 0.1993, ""box"": [640, 263, 657, 307]}, {""label"": ""flame"", ""score"": 0.1845, ""box"": [655, 621, 675, 635]}, {""label"": ""flame"", ""score"": 0.1541, ""box"": [647, 688, 669, 710]}, {""label"": ""flame"", ""score"": 0.1528, ""box"": [756, 220, 806, 274]}, {""label"": ""flame"", ""score"": 0.1314, ""box"": [633, 685, 672, 713]}, {""label"": ""flame"", ""score"": 0.12, ""box"": [547, 425, 587, 473]}, {""label"": ""smoke"", ""score"": 0.1108, ""box"": [667, 51, 813, 295]}, {""label"": ""smoke"", ""score"": 0.1096, ""box"": [626, 7, 790, 212]}, {""label"": ""flame"", ""score"": 0.1062, ""box"": [624, 685, 676, 717]}, {""label"": ""flame"", ""score"": 0.0945, ""box"": [754, 221, 803, 291]}, {""label"": ""smoke"", ""score"": 0.0829, ""box"": [627, 21, 780, 204]}, {""label"": ""smoke"", ""score"": 0.0802, ""box"": [606, 10, 799, 262]}, {""label"": ""flame"", ""score"": 0.0782, ""box"": [577, 334, 595, 362]}, {""label"": ""smoke"", ""score"": 0.0772, ""box"": [612, 7, 803, 253]}, {""label"": ""flame"", ""score"": 0.0735, ""box"": [752, 221, 802, 311]}, {""label"": ""smoke"", ""score"": 0.0622, ""box"": [576, 31, 807, 452]}, {""label"": ""smoke"", ""score"": 0.0621, ""box"": [671, 4, 893, 219]}, {""label"": ""flame"", ""score"": 0.0611, ""box"": [754, 221, 803, 299]}, {""label"": ""flame"", ""score"": 0.0595, ""box"": [633, 687, 672, 718]}, {""label"": ""flame"", ""score"": 0.0574, ""box"": [752, 221, 797, 310]}, {""label"": ""flame"", ""score"": 0.0564, ""box"": [675, 65, 785, 222]}, {""label"": ""smoke"", ""score"": 0.0536, ""box"": [671, 1, 801, 218]}, {""label"": ""smoke"", ""score"": 0.0536, ""box"": [540, 223, 800, 612]}, {""label"": ""flame"", ""score"": 0.0526, ""box"": [172, 20, 193, 39]}, {""label"": ""smoke"", ""score"": 0.0524, ""box"": [540, 21, 805, 610]}, {""label"": ""flame"", ""score"": 0.0518, ""box"": [748, 221, 804, 336]}, {""label"": ""flame"", ""score"": 0.0504, ""box"": [560, 508, 631, 612]}, {""label"": ""flame"", ""score"": 0.0502, ""box"": [581, 580, 621, 611]}]",1,1,1,1,1,1
barbecue,yolo,150,5.005,1,1,715.1,0.060022,0.860237,"[{""label"": ""flame"", ""score"": 0.8602, ""box"": [546, 218, 807, 610]}, {""label"": ""flame"", ""score"": 0.074, ""box"": [656, 621, 674, 636]}, {""label"": ""smoke"", ""score"": 0.06, ""box"": [679, 30, 829, 223]}]",0,1,1,0,1,1
barbecue,dfire_yolov8n,150,5.005,1,1,58.0,0.0,0.900562,"[{""label"": ""flame"", ""score"": 0.9006, ""box"": [552, 224, 803, 599]}]",0,1,1,0,1,1
barbecue,soul,150,5.005,1,1,53.2,0.0,0.850556,"[{""label"": ""flame"", ""score"": 0.8506, ""box"": [548, 237, 801, 607]}]",0,1,1,0,1,1
barbecue,pyronear,150,5.005,1,1,312.3,0.0,0.0,[],0,0,0,0,0,0
barbecue,dfine,180,6.006,1,1,370.6,0.075989,0.753102,"[{""label"": ""flame"", ""score"": 0.7531, ""box"": [541, 272, 821, 608]}, {""label"": ""flame"", ""score"": 0.4915, ""box"": [911, 79, 940, 127]}, {""label"": ""flame"", ""score"": 0.4889, ""box"": [542, 4, 864, 607]}, {""label"": ""flame"", ""score"": 0.4737, ""box"": [762, 1, 842, 191]}, {""label"": ""flame"", ""score"": 0.4693, ""box"": [762, 1, 843, 192]}, {""label"": ""flame"", ""score"": 0.3868, ""box"": [831, 218, 866, 249]}, {""label"": ""flame"", ""score"": 0.3589, ""box"": [723, 166, 749, 279]}, {""label"": ""flame"", ""score"": 0.2614, ""box"": [720, 1, 857, 280]}, {""label"": ""flame"", ""score"": 0.2512, ""box"": [763, 88, 811, 192]}, {""label"": ""flame"", ""score"": 0.2383, ""box"": [808, 0, 841, 131]}, {""label"": ""flame"", ""score"": 0.237, ""box"": [728, 430, 746, 460]}, {""label"": ""flame"", ""score"": 0.2325, ""box"": [809, 0, 843, 159]}, {""label"": ""flame"", ""score"": 0.2148, ""box"": [800, 407, 846, 433]}, {""label"": ""flame"", ""score"": 0.2143, ""box"": [545, 90, 845, 607]}, {""label"": ""flame"", ""score"": 0.1974, ""box"": [763, 84, 822, 192]}, {""label"": ""flame"", ""score"": 0.1805, ""box"": [543, 83, 841, 608]}, {""label"": ""flame"", ""score"": 0.1749, ""box"": [538, 1, 1251, 608]}, {""label"": ""flame"", ""score"": 0.1679, ""box"": [720, 2, 858, 304]}, {""label"": ""flame"", ""score"": 0.1559, ""box"": [816, 0, 840, 110]}, {""label"": ""flame"", ""score"": 0.1435, ""box"": [545, 331, 699, 606]}, {""label"": ""flame"", ""score"": 0.139, ""box"": [722, 84, 824, 277]}, {""label"": ""flame"", ""score"": 0.1335, ""box"": [720, 88, 812, 280]}, {""label"": ""flame"", ""score"": 0.1314, ""box"": [731, 166, 744, 194]}, {""label"": ""flame"", ""score"": 0.1283, ""box"": [813, 0, 840, 130]}, {""label"": ""flame"", ""score"": 0.1196, ""box"": [634, 686, 651, 706]}, {""label"": ""flame"", ""score"": 0.1177, ""box"": [719, 1, 862, 330]}, {""label"": ""flame"", ""score"": 0.1163, ""box"": [544, 348, 656, 607]}, {""label"": ""flame"", ""score"": 0.1148, ""box"": [797, 370, 847, 433]}, {""label"": ""flame"", ""score"": 0.1103, ""box"": [720, 1, 850, 303]}, {""label"": ""flame"", ""score"": 0.1067, ""box"": [544, 81, 846, 608]}, {""label"": ""flame"", ""score"": 0.1035, ""box"": [820, 216, 871, 298]}, {""label"": ""flame"", ""score"": 0.1034, ""box"": [811, 65, 861, 163]}, {""label"": ""flame"", ""score"": 0.1018, ""box"": [779, 0, 841, 138]}, {""label"": ""flame"", ""score"": 0.098, ""box"": [614, 684, 653, 710]}, {""label"": ""flame"", ""score"": 0.0966, ""box"": [720, 2, 858, 363]}, {""label"": ""flame"", ""score"": 0.0934, ""box"": [744, 377, 767, 392]}, {""label"": ""flame"", ""score"": 0.0871, ""box"": [611, 684, 655, 713]}, {""label"": ""flame"", ""score"": 0.0859, ""box"": [559, 558, 595, 592]}, {""label"": ""flame"", ""score"": 0.0847, ""box"": [820, 0, 840, 79]}, {""label"": ""flame"", ""score"": 0.0841, ""box"": [545, -2, 1061, 608]}, {""label"": ""flame"", ""score"": 0.0829, ""box"": [820, 0, 840, 78]}, {""label"": ""flame"", ""score"": 0.0826, ""box"": [721, 254, 752, 281]}, {""label"": ""flame"", ""score"": 0.0799, ""box"": [718, 2, 950, 285]}, {""label"": ""flame"", ""score"": 0.0783, ""box"": [722, 2, 864, 394]}, {""label"": ""flame"", ""score"": 0.0761, ""box"": [721, 162, 787, 280]}, {""label"": ""smoke"", ""score"": 0.076, ""box"": [541, 272, 821, 608]}, {""label"": ""flame"", ""score"": 0.0746, ""box"": [808, 84, 830, 131]}, {""label"": ""flame"", ""score"": 0.0728, ""box"": [812, 68, 863, 140]}, {""label"": ""smoke"", ""score"": 0.0712, ""box"": [538, 1, 1251, 608]}, {""label"": ""flame"", ""score"": 0.0662, ""box"": [781, 87, 818, 140]}, {""label"": ""smoke"", ""score"": 0.0645, ""box"": [542, 4, 864, 607]}, {""label"": ""flame"", ""score"": 0.0642, ""box"": [731, 166, 745, 208]}, {""label"": ""flame"", ""score"": 0.0634, ""box"": [764, 88, 811, 191]}, {""label"": ""flame"", ""score"": 0.063, ""box"": [738, 375, 772, 423]}, {""label"": ""flame"", ""score"": 0.0607, ""box"": [622, 685, 651, 708]}, {""label"": ""flame"", ""score"": 0.0598, ""box"": [546, 364, 643, 603]}, {""label"": ""flame"", ""score"": 0.0595, ""box"": [1199, 0, 1259, 10]}, {""label"": ""flame"", ""score"": 0.059, ""box"": [610, 564, 634, 604]}, {""label"": ""flame"", ""score"": 0.0585, ""box"": [550, 509, 636, 607]}, {""label"": ""flame"", ""score"": 0.0581, ""box"": [722, 216, 809, 283]}, {""label"": ""flame"", ""score"": 0.0578, ""box"": [810, 215, 871, 308]}, {""label"": ""flame"", ""score"": 0.0574, ""box"": [549, 0, 1104, 590]}, {""label"": ""flame"", ""score"": 0.0568, ""box"": [542, 3, 972, 609]}, {""label"": ""flame"", ""score"": 0.0537, ""box"": [721, 77, 855, 280]}, {""label"": ""flame"", ""score"": 0.0537, ""box"": [817, 66, 864, 138]}, {""label"": ""smoke"", ""score"": 0.0533, ""box"": [952, 0, 1124, 87]}, {""label"": ""flame"", ""score"": 0.0528, ""box"": [609, 520, 639, 603]}, {""label"": ""flame"", ""score"": 0.0521, ""box"": [549, 486, 641, 607]}, {""label"": ""flame"", ""score"": 0.0518, ""box"": [538, -7, 1154, 616]}, {""label"": ""flame"", ""score"": 0.0517, ""box"": [762, 76, 850, 192]}, {""label"": ""flame"", ""score"": 0.0514, ""box"": [762, 77, 853, 193]}, {""label"": ""flame"", ""score"": 0.0509, ""box"": [729, 85, 811, 197]}, {""label"": ""smoke"", ""score"": 0.0502, ""box"": [762, 1, 843, 192]}]",0,1,1,0,1,1
barbecue,yolo,180,6.006,1,1,691.2,0.0,0.594115,"[{""label"": ""flame"", ""score"": 0.5941, ""box"": [543, 1, 869, 607]}, {""label"": ""flame"", ""score"": 0.1163, ""box"": [543, 343, 659, 605]}, {""label"": ""flame"", ""score"": 0.0712, ""box"": [910, 79, 939, 126]}]",0,1,1,0,1,1
barbecue,dfire_yolov8n,180,6.006,1,1,52.3,0.063089,0.357984,"[{""label"": ""flame"", ""score"": 0.358, ""box"": [542, 176, 812, 600]}, {""label"": ""smoke"", ""score"": 0.0631, ""box"": [981, 11, 1279, 315]}]",0,1,1,0,0,0
barbecue,soul,180,6.006,1,1,55.8,0.0,0.87241,"[{""label"": ""flame"", ""score"": 0.8724, ""box"": [543, 306, 810, 604]}, {""label"": ""flame"", ""score"": 0.2685, ""box"": [915, 79, 935, 125]}]",0,1,1,0,1,1
barbecue,pyronear,180,6.006,1,1,324.8,0.0,0.0,[],0,0,0,0,0,0
barbecue,dfine,210,7.007,1,1,379.8,0.0,0.914059,"[{""label"": ""flame"", ""score"": 0.9141, ""box"": [536, 235, 706, 616]}, {""label"": ""flame"", ""score"": 0.2837, ""box"": [609, 686, 648, 713]}, {""label"": ""flame"", ""score"": 0.1709, ""box"": [602, 532, 644, 609]}, {""label"": ""flame"", ""score"": 0.1283, ""box"": [592, 685, 665, 719]}, {""label"": ""flame"", ""score"": 0.127, ""box"": [618, 688, 646, 711]}, {""label"": ""flame"", ""score"": 0.1185, ""box"": [561, 570, 591, 615]}, {""label"": ""flame"", ""score"": 0.0836, ""box"": [603, 583, 626, 608]}, {""label"": ""flame"", ""score"": 0.0615, ""box"": [613, 532, 642, 570]}, {""label"": ""flame"", ""score"": 0.0574, ""box"": [529, 686, 552, 708]}, {""label"": ""flame"", ""score"": 0.0571, ""box"": [535, 683, 654, 718]}]",0,1,1,0,1,1
barbecue,yolo,210,7.007,1,1,723.9,0.0,0.897866,"[{""label"": ""flame"", ""score"": 0.8979, ""box"": [533, 237, 702, 615]}, {""label"": ""flame"", ""score"": 0.0653, ""box"": [608, 688, 650, 713]}]",0,1,1,0,1,1
barbecue,dfire_yolov8n,210,7.007,1,1,59.8,0.095882,0.824059,"[{""label"": ""flame"", ""score"": 0.8241, ""box"": [534, 235, 687, 617]}, {""label"": ""smoke"", ""score"": 0.0959, ""box"": [973, 9, 1279, 381]}]",0,1,1,0,1,1
barbecue,soul,210,7.007,1,1,55.0,0.0,0.887484,"[{""label"": ""flame"", ""score"": 0.8875, ""box"": [539, 243, 692, 614]}]",0,1,1,0,1,1
barbecue,pyronear,210,7.007,1,1,322.5,0.0,0.0,[],0,0,0,0,0,0
barbecue,dfine,240,8.008,1,1,383.2,0.0,0.90623,"[{""label"": ""flame"", ""score"": 0.9062, ""box"": [532, 127, 698, 614]}, {""label"": ""flame"", ""score"": 0.1856, ""box"": [562, 595, 579, 613]}, {""label"": ""flame"", ""score"": 0.1609, ""box"": [624, 687, 641, 708]}, {""label"": ""flame"", ""score"": 0.1247, ""box"": [606, 685, 643, 711]}, {""label"": ""flame"", ""score"": 0.1073, ""box"": [668, 141, 684, 179]}, {""label"": ""flame"", ""score"": 0.0891, ""box"": [603, 685, 656, 718]}, {""label"": ""flame"", ""score"": 0.0563, ""box"": [0, 76, 219, 288]}, {""label"": ""flame"", ""score"": 0.0528, ""box"": [560, 589, 624, 613]}, {""label"": ""flame"", ""score"": 0.0513, ""box"": [593, 531, 630, 607]}]",0,1,1,0,1,1
barbecue,yolo,240,8.008,1,1,722.2,0.0,0.875662,"[{""label"": ""flame"", ""score"": 0.8757, ""box"": [526, 146, 701, 609]}]",0,1,1,0,1,1
barbecue,dfire_yolov8n,240,8.008,1,1,60.1,0.0,0.863612,"[{""label"": ""flame"", ""score"": 0.8636, ""box"": [530, 157, 687, 612]}]",0,1,1,0,1,1
barbecue,soul,240,8.008,1,1,62.7,0.0,0.880833,"[{""label"": ""flame"", ""score"": 0.8808, ""box"": [537, 146, 693, 610]}, {""label"": ""flame"", ""score"": 0.1233, ""box"": [1077, 0, 1278, 302]}]",0,1,1,0,1,1
barbecue,pyronear,240,8.008,1,1,319.9,0.0,0.0,[],0,0,0,0,0,0
barbecue,dfine,270,9.009,1,1,360.4,0.181026,0.899804,"[{""label"": ""flame"", ""score"": 0.8998, ""box"": [506, 149, 710, 605]}, {""label"": ""flame"", ""score"": 0.6097, ""box"": [695, 76, 727, 135]}, {""label"": ""flame"", ""score"": 0.4369, ""box"": [597, 0, 615, 28]}, {""label"": ""flame"", ""score"": 0.3416, ""box"": [470, 404, 498, 441]}, {""label"": ""flame"", ""score"": 0.3124, ""box"": [629, 675, 653, 699]}, {""label"": ""flame"", ""score"": 0.2827, ""box"": [624, 674, 654, 700]}, {""label"": ""smoke"", ""score"": 0.181, ""box"": [968, 1, 1192, 159]}, {""label"": ""flame"", ""score"": 0.1628, ""box"": [687, 75, 731, 193]}, {""label"": ""smoke"", ""score"": 0.1324, ""box"": [1064, 2, 1191, 158]}, {""label"": ""flame"", ""score"": 0.1271, ""box"": [684, 75, 733, 247]}, {""label"": ""flame"", ""score"": 0.1168, ""box"": [615, 673, 660, 714]}, {""label"": ""flame"", ""score"": 0.1093, ""box"": [613, 673, 660, 715]}, {""label"": ""flame"", ""score"": 0.1061, ""box"": [612, 575, 639, 597]}, {""label"": ""flame"", ""score"": 0.099, ""box"": [1, 81, 221, 278]}, {""label"": ""smoke"", ""score"": 0.0687, ""box"": [610, 77, 668, 156]}, {""label"": ""smoke"", ""score"": 0.0673, ""box"": [607, 78, 668, 165]}, {""label"": ""flame"", ""score"": 0.0633, ""box"": [603, 549, 642, 599]}, {""label"": ""flame"", ""score"": 0.0621, ""box"": [1, 136, 154, 264]}, {""label"": ""flame"", ""score"": 0.0617, ""box"": [697, 78, 721, 105]}, {""label"": ""smoke"", ""score"": 0.0609, ""box"": [556, 63, 672, 185]}, {""label"": ""flame"", ""score"": 0.0595, ""box"": [648, 76, 729, 180]}, {""label"": ""flame"", ""score"": 0.0577, ""box"": [612, 671, 685, 718]}, {""label"": ""flame"", ""score"": 0.0574, ""box"": [597, 0, 615, 28]}, {""label"": ""flame"", ""score"": 0.0572, ""box"": [660, 75, 730, 210]}, {""label"": ""flame"", ""score"": 0.052, ""box"": [595, 0, 645, 29]}, {""label"": ""smoke"", ""score"": 0.0509, ""box"": [574, 1, 718, 168]}, {""label"": ""smoke"", ""score"": 0.0502, ""box"": [500, 2, 1254, 605]}]",0,1,1,0,1,1
barbecue,yolo,270,9.009,1,1,712.4,0.0,0.830482,"[{""label"": ""flame"", ""score"": 0.8305, ""box"": [504, 83, 716, 606]}, {""label"": ""flame"", ""score"": 0.1697, ""box"": [470, 404, 498, 440]}, {""label"": ""flame"", ""score"": 0.1563, ""box"": [618, 675, 655, 700]}, {""label"": ""flame"", ""score"": 0.0605, ""box"": [597, 0, 615, 28]}]",0,1,1,0,1,1
barbecue,dfire_yolov8n,270,9.009,1,1,58.2,0.0,0.776543,"[{""label"": ""flame"", ""score"": 0.7765, ""box"": [507, 140, 712, 546]}, {""label"": ""flame"", ""score"": 0.1604, ""box"": [535, 363, 638, 499]}, {""label"": ""flame"", ""score"": 0.0544, ""box"": [631, 679, 652, 695]}]",0,1,1,0,1,1
barbecue,soul,270,9.009,1,1,60.4,0.0,0.860038,"[{""label"": ""flame"", ""score"": 0.86, ""box"": [515, 157, 703, 602]}]",0,1,1,0,1,1
barbecue,pyronear,270,9.009,1,1,322.8,0.0,0.0,[],0,0,0,0,0,0
barbecue,dfine,300,10.01,1,1,351.2,0.077576,0.89298,"[{""label"": ""flame"", ""score"": 0.893, ""box"": [510, 334, 686, 681]}, {""label"": ""flame"", ""score"": 0.1069, ""box"": [617, 657, 633, 674]}, {""label"": ""flame"", ""score"": 0.1009, ""box"": [645, 206, 663, 223]}, {""label"": ""smoke"", ""score"": 0.0776, ""box"": [546, 0, 632, 85]}, {""label"": ""flame"", ""score"": 0.0774, ""box"": [511, 559, 535, 589]}, {""label"": ""flame"", ""score"": 0.0762, ""box"": [537, 529, 653, 679]}, {""label"": ""flame"", ""score"": 0.0739, ""box"": [207, 97, 230, 117]}, {""label"": ""smoke"", ""score"": 0.0704, ""box"": [554, 0, 1096, 162]}, {""label"": ""flame"", ""score"": 0.0665, ""box"": [61, 160, 276, 324]}, {""label"": ""flame"", ""score"": 0.0601, ""box"": [572, 653, 633, 680]}, {""label"": ""flame"", ""score"": 0.059, ""box"": [550, 528, 604, 586]}, {""label"": ""flame"", ""score"": 0.0584, ""box"": [542, 530, 636, 680]}, {""label"": ""flame"", ""score"": 0.0567, ""box"": [543, 528, 626, 613]}, {""label"": ""smoke"", ""score"": 0.0534, ""box"": [590, 326, 691, 390]}]",0,1,1,0,1,1
barbecue,yolo,300,10.01,1,1,699.6,0.0,0.853299,"[{""label"": ""flame"", ""score"": 0.8533, ""box"": [510, 334, 686, 681]}]",0,1,1,0,1,1
barbecue,dfire_yolov8n,300,10.01,1,1,58.6,0.181103,0.590289,"[{""label"": ""flame"", ""score"": 0.5903, ""box"": [511, 323, 679, 688]}, {""label"": ""smoke"", ""score"": 0.1811, ""box"": [543, 10, 1129, 241]}, {""label"": ""smoke"", ""score"": 0.1045, ""box"": [886, 16, 1279, 539]}, {""label"": ""smoke"", ""score"": 0.0858, ""box"": [692, 10, 1174, 368]}, {""label"": ""flame"", ""score"": 0.0748, ""box"": [542, 511, 630, 601]}]",0,1,1,0,1,1
barbecue,soul,300,10.01,1,1,52.8,0.0,0.927047,"[{""label"": ""flame"", ""score"": 0.927, ""box"": [514, 341, 684, 682]}, {""label"": ""flame"", ""score"": 0.1091, ""box"": [3, 183, 257, 387]}, {""label"": ""flame"", ""score"": 0.0768, ""box"": [1091, 0, 1279, 464]}]",0,1,1,0,1,1
barbecue,pyronear,300,10.01,1,1,322.8,0.0,0.0,[],0,0,0,0,0,0
barbecue,dfine,330,11.011,1,1,382.3,0.051781,0.921438,"[{""label"": ""flame"", ""score"": 0.9214, ""box"": [513, 162, 698, 628]}, {""label"": ""flame"", ""score"": 0.1707, ""box"": [563, 415, 601, 495]}, {""label"": ""flame"", ""score"": 0.155, ""box"": [660, 449, 681, 474]}, {""label"": ""flame"", ""score"": 0.1528, ""box"": [608, 699, 630, 718]}, {""label"": ""flame"", ""score"": 0.1088, ""box"": [589, 570, 629, 624]}, {""label"": ""flame"", ""score"": 0.107, ""box"": [549, 416, 638, 626]}, {""label"": ""flame"", ""score"": 0.0861, ""box"": [549, 415, 670, 626]}, {""label"": ""flame"", ""score"": 0.0728, ""box"": [70, 126, 277, 284]}, {""label"": ""flame"", ""score"": 0.0683, ""box"": [567, 560, 631, 627]}, {""label"": ""flame"", ""score"": 0.068, ""box"": [515, 326, 530, 351]}, {""label"": ""flame"", ""score"": 0.0671, ""box"": [597, 574, 627, 623]}, {""label"": ""flame"", ""score"": 0.0642, ""box"": [231, 58, 249, 79]}, {""label"": ""flame"", ""score"": 0.0632, ""box"": [409, 524, 433, 549]}, {""label"": ""flame"", ""score"": 0.0564, ""box"": [544, 416, 604, 570]}, {""label"": ""flame"", ""score"": 0.0527, ""box"": [607, 596, 632, 623]}, {""label"": ""flame"", ""score"": 0.0526, ""box"": [617, 603, 632, 621]}, {""label"": ""smoke"", ""score"": 0.0518, ""box"": [513, 162, 698, 628]}, {""label"": ""flame"", ""score"": 0.0507, ""box"": [598, 698, 634, 719]}]",0,1,1,0,1,1
barbecue,yolo,330,11.011,1,1,709.6,0.0,0.891563,"[{""label"": ""flame"", ""score"": 0.8916, ""box"": [512, 163, 696, 627]}]",0,1,1,0,1,1
barbecue,dfire_yolov8n,330,11.011,1,1,57.3,0.137159,0.67518,"[{""label"": ""flame"", ""score"": 0.6752, ""box"": [516, 162, 671, 629]}, {""label"": ""flame"", ""score"": 0.2367, ""box"": [564, 416, 614, 491]}, {""label"": ""flame"", ""score"": 0.1686, ""box"": [660, 450, 680, 475]}, {""label"": ""smoke"", ""score"": 0.1372, ""box"": [934, 10, 1279, 533]}]",0,1,1,0,1,1
barbecue,soul,330,11.011,1,1,47.9,0.0,0.899127,"[{""label"": ""flame"", ""score"": 0.8991, ""box"": [518, 167, 696, 622]}, {""label"": ""flame"", ""score"": 0.0845, ""box"": [1076, 0, 1279, 404]}, {""label"": ""flame"", ""score"": 0.0669, ""box"": [18, 139, 263, 341]}]",0,1,1,0,1,1
barbecue,pyronear,330,11.011,1,1,312.0,0.0,0.0,[],0,0,0,0,0,0
barbecue,dfine,360,12.012,1,1,364.1,0.145512,0.764874,"[{""label"": ""flame"", ""score"": 0.7649, ""box"": [519, 226, 639, 602]}, {""label"": ""flame"", ""score"": 0.6135, ""box"": [503, 0, 583, 208]}, {""label"": ""flame"", ""score"": 0.52, ""box"": [497, 1, 637, 602]}, {""label"": ""flame"", ""score"": 0.3014, ""box"": [570, 582, 598, 606]}, {""label"": ""flame"", ""score"": 0.2658, ""box"": [522, 117, 543, 209]}, {""label"": ""flame"", ""score"": 0.2426, ""box"": [497, 2, 639, 532]}, {""label"": ""flame"", ""score"": 0.219, ""box"": [500, 1, 582, 108]}, {""label"": ""flame"", ""score"": 0.1952, ""box"": [500, 1, 581, 105]}, {""label"": ""flame"", ""score"": 0.1869, ""box"": [561, 574, 600, 606]}, {""label"": ""flame"", ""score"": 0.1777, ""box"": [645, 416, 664, 471]}, {""label"": ""flame"", ""score"": 0.1458, ""box"": [546, 2, 582, 107]}, {""label"": ""smoke"", ""score"": 0.1455, ""box"": [605, 281, 699, 412]}, {""label"": ""smoke"", ""score"": 0.1447, ""box"": [601, 259, 699, 410]}, {""label"": ""flame"", ""score"": 0.1422, ""box"": [548, 518, 600, 606]}, {""label"": ""flame"", ""score"": 0.1398, ""box"": [615, 108, 645, 192]}, {""label"": ""flame"", ""score"": 0.1279, ""box"": [547, 456, 561, 471]}, {""label"": ""smoke"", ""score"": 0.1216, ""box"": [575, 221, 700, 412]}, {""label"": ""flame"", ""score"": 0.1188, ""box"": [548, 518, 569, 562]}, {""label"": ""flame"", ""score"": 0.1166, ""box"": [528, 239, 635, 506]}, {""label"": ""smoke"", ""score"": 0.1161, ""box"": [614, 310, 699, 409]}, {""label"": ""flame"", ""score"": 0.1069, ""box"": [553, 568, 602, 607]}, {""label"": ""smoke"", ""score"": 0.1042, ""box"": [497, 0, 696, 408]}, {""label"": ""smoke"", ""score"": 0.1023, ""box"": [498, 0, 692, 406]}, {""label"": ""smoke"", ""score"": 0.1014, ""box"": [597, 251, 693, 463]}, {""label"": ""flame"", ""score"": 0.1012, ""box"": [550, 60, 580, 153]}, {""label"": ""flame"", ""score"": 0.0969, ""box"": [550, 61, 580, 107]}, {""label"": ""flame"", ""score"": 0.0956, ""box"": [554, 63, 581, 153]}, {""label"": ""smoke"", ""score"": 0.0952, ""box"": [503, 0, 583, 208]}, {""label"": ""smoke"", ""score"": 0.0949, ""box"": [585, 413, 899, 671]}, {""label"": ""flame"", ""score"": 0.0946, ""box"": [549, 63, 581, 154]}, {""label"": ""flame"", ""score"": 0.0922, ""box"": [499, 0, 531, 54]}, {""label"": ""smoke"", ""score"": 0.0853, ""box"": [586, 414, 899, 673]}, {""label"": ""flame"", ""score"": 0.0853, ""box"": [551, 65, 580, 154]}, {""label"": ""smoke"", ""score"": 0.0849, ""box"": [539, 223, 697, 412]}, {""label"": ""flame"", ""score"": 0.0822, ""box"": [548, 517, 584, 562]}, {""label"": ""flame"", ""score"": 0.0801, ""box"": [535, 3, 582, 106]}, {""label"": ""smoke"", ""score"": 0.0771, ""box"": [599, 414, 899, 667]}, {""label"": ""flame"", ""score"": 0.0717, ""box"": [573, 589, 596, 606]}, {""label"": ""smoke"", ""score"": 0.0689, ""box"": [497, 1, 637, 602]}, {""label"": ""flame"", ""score"": 0.0652, ""box"": [547, 513, 588, 563]}, {""label"": ""flame"", ""score"": 0.0642, ""box"": [56, 89, 295, 271]}, {""label"": ""flame"", ""score"": 0.064, ""box"": [543, 66, 581, 154]}, {""label"": ""flame"", ""score"": 0.0618, ""box"": [499, 273, 526, 347]}, {""label"": ""flame"", ""score"": 0.0616, ""box"": [544, 447, 601, 605]}, {""label"": ""flame"", ""score"": 0.0605, ""box"": [554, 69, 580, 153]}, {""label"": ""flame"", ""score"": 0.0597, ""box"": [556, 566, 601, 607]}, {""label"": ""flame"", ""score"": 0.0576, ""box"": [554, 554, 601, 607]}, {""label"": ""smoke"", ""score"": 0.0562, ""box"": [558, 244, 699, 414]}, {""label"": ""smoke"", ""score"": 0.0556, ""box"": [589, 491, 844, 671]}, {""label"": ""smoke"", ""score"": 0.0553, ""box"": [497, 2, 639, 532]}, {""label"": ""flame"", ""score"": 0.0549, ""box"": [496, 0, 649, 606]}, {""label"": ""flame"", ""score"": 0.0547, ""box"": [521, 110, 546, 209]}, {""label"": ""smoke"", ""score"": 0.0539, ""box"": [481, 0, 875, 661]}, {""label"": ""flame"", ""score"": 0.0531, ""box"": [230, 31, 253, 51]}, {""label"": ""flame"", ""score"": 0.0529, ""box"": [499, 1, 636, 494]}, {""label"": ""smoke"", ""score"": 0.0515, ""box"": [486, -1, 874, 660]}, {""label"": ""smoke"", ""score"": 0.0513, ""box"": [490, 0, 889, 640]}, {""label"": ""smoke"", ""score"": 0.0513, ""box"": [550, 427, 902, 695]}, {""label"": ""smoke"", ""score"": 0.0513, ""box"": [519, 226, 639, 602]}, {""label"": ""flame"", ""score"": 0.0512, ""box"": [551, 546, 601, 607]}, {""label"": ""smoke"", ""score"": 0.0503, ""box"": [500, 1, 582, 108]}]",0,1,1,0,1,1
barbecue,yolo,360,12.012,1,1,698.2,0.0,0.707494,"[{""label"": ""flame"", ""score"": 0.7075, ""box"": [530, 240, 632, 574]}, {""label"": ""flame"", ""score"": 0.1748, ""box"": [559, 573, 598, 607]}]",0,1,0,0,1,0
barbecue,dfire_yolov8n,360,12.012,1,1,58.9,0.353424,0.254087,"[{""label"": ""smoke"", ""score"": 0.3534, ""box"": [960, 12, 1278, 428]}, {""label"": ""flame"", ""score"": 0.2541, ""box"": [525, 231, 635, 529]}, {""label"": ""flame"", ""score"": 0.169, ""box"": [566, 579, 598, 606]}, {""label"": ""flame"", ""score"": 0.0858, ""box"": [545, 431, 624, 507]}, {""label"": ""flame"", ""score"": 0.0654, ""box"": [549, 441, 601, 496]}, {""label"": ""flame"", ""score"": 0.0533, ""box"": [537, 240, 616, 443]}]",1,1,0,0,0,0
barbecue,soul,360,12.012,1,1,53.3,0.0,0.785334,"[{""label"": ""flame"", ""score"": 0.7853, ""box"": [505, 5, 576, 209]}, {""label"": ""flame"", ""score"": 0.5585, ""box"": [536, 214, 633, 548]}, {""label"": ""flame"", ""score"": 0.2148, ""box"": [1077, 0, 1279, 423]}]",0,1,0,0,1,0
barbecue,pyronear,360,12.012,1,1,328.7,0.165391,0.0,"[{""label"": ""smoke"", ""score"": 0.1654, ""box"": [593, 0, 632, 15]}]",0,0,0,0,0,0
barbecue,dfine,390,13.013,1,1,365.7,0.083569,0.856012,"[{""label"": ""flame"", ""score"": 0.856, ""box"": [503, 133, 657, 597]}, {""label"": ""flame"", ""score"": 0.4338, ""box"": [463, 202, 520, 231]}, {""label"": ""flame"", ""score"": 0.1361, ""box"": [572, 561, 595, 596]}, {""label"": ""flame"", ""score"": 0.1301, ""box"": [754, 140, 768, 157]}, {""label"": ""flame"", ""score"": 0.1268, ""box"": [616, 572, 633, 590]}, {""label"": ""flame"", ""score"": 0.1236, ""box"": [613, 668, 632, 684]}, {""label"": ""flame"", ""score"": 0.1022, ""box"": [599, 668, 634, 699]}, {""label"": ""flame"", ""score"": 0.1005, ""box"": [230, 21, 248, 40]}, {""label"": ""flame"", ""score"": 0.0983, ""box"": [574, 569, 594, 596]}, {""label"": ""flame"", ""score"": 0.0889, ""box"": [610, 668, 635, 691]}, {""label"": ""smoke"", ""score"": 0.0836, ""box"": [611, 221, 675, 379]}, {""label"": ""flame"", ""score"": 0.0791, ""box"": [77, 155, 190, 247]}, {""label"": ""smoke"", ""score"": 0.0772, ""box"": [584, 127, 663, 303]}, {""label"": ""smoke"", ""score"": 0.0766, ""box"": [625, 221, 681, 396]}, {""label"": ""smoke"", ""score"": 0.0718, ""box"": [614, 221, 674, 359]}, {""label"": ""smoke"", ""score"": 0.07, ""box"": [606, 220, 672, 365]}, {""label"": ""flame"", ""score"": 0.0695, ""box"": [570, 560, 631, 597]}, {""label"": ""flame"", ""score"": 0.0651, ""box"": [569, 536, 598, 596]}, {""label"": ""flame"", ""score"": 0.0633, ""box"": [67, 91, 276, 255]}, {""label"": ""smoke"", ""score"": 0.0623, ""box"": [614, 222, 668, 322]}, {""label"": ""flame"", ""score"": 0.0622, ""box"": [659, 305, 681, 363]}, {""label"": ""flame"", ""score"": 0.062, ""box"": [603, 235, 627, 299]}, {""label"": ""smoke"", ""score"": 0.0607, ""box"": [616, 215, 680, 427]}, {""label"": ""smoke"", ""score"": 0.0599, ""box"": [608, 221, 665, 316]}, {""label"": ""smoke"", ""score"": 0.0596, ""box"": [590, 160, 666, 371]}, {""label"": ""flame"", ""score"": 0.0587, ""box"": [617, 572, 632, 589]}, {""label"": ""smoke"", ""score"": 0.0551, ""box"": [624, 225, 663, 304]}, {""label"": ""flame"", ""score"": 0.0538, ""box"": [22, 86, 287, 311]}, {""label"": ""smoke"", ""score"": 0.0519, ""box"": [463, 202, 520, 231]}, {""label"": ""flame"", ""score"": 0.0516, ""box"": [581, 125, 632, 227]}, {""label"": ""smoke"", ""score"": 0.0508, ""box"": [589, 140, 680, 478]}]",0,1,1,0,1,1
barbecue,yolo,390,13.013,1,1,703.3,0.0,0.864856,"[{""label"": ""flame"", ""score"": 0.8649, ""box"": [471, 155, 656, 597]}, {""label"": ""flame"", ""score"": 0.0833, ""box"": [462, 197, 520, 231]}]",0,1,1,0,1,1
barbecue,dfire_yolov8n,390,13.013,1,1,47.6,0.360704,0.829413,"[{""label"": ""flame"", ""score"": 0.8294, ""box"": [511, 151, 649, 602]}, {""label"": ""smoke"", ""score"": 0.3607, ""box"": [967, 11, 1279, 417]}]",1,1,1,0,1,1
barbecue,soul,390,13.013,1,1,52.7,0.0,0.883142,"[{""label"": ""flame"", ""score"": 0.8831, ""box"": [514, 137, 650, 596]}, {""label"": ""flame"", ""score"": 0.1849, ""box"": [1075, 0, 1279, 412]}]",0,1,1,0,1,1
barbecue,pyronear,390,13.013,1,1,352.1,0.0,0.0,[],0,0,0,0,0,0
barbecue,dfine,420,14.014,1,1,414.5,0.083919,0.871217,"[{""label"": ""flame"", ""score"": 0.8712, ""box"": [234, 39, 662, 615]}, {""label"": ""flame"", ""score"": 0.4072, ""box"": [636, 99, 676, 126]}, {""label"": ""flame"", ""score"": 0.319, ""box"": [484, 0, 533, 113]}, {""label"": ""flame"", ""score"": 0.2809, ""box"": [507, 0, 529, 42]}, {""label"": ""flame"", ""score"": 0.2799, ""box"": [225, 190, 273, 230]}, {""label"": ""flame"", ""score"": 0.2758, ""box"": [650, 526, 672, 571]}, {""label"": ""flame"", ""score"": 0.2573, ""box"": [302, 242, 345, 314]}, {""label"": ""flame"", ""score"": 0.2542, ""box"": [572, 0, 599, 43]}, {""label"": ""flame"", ""score"": 0.2373, ""box"": [490, 36, 529, 113]}, {""label"": ""flame"", ""score"": 0.2294, ""box"": [549, 563, 631, 615]}, {""label"": ""flame"", ""score"": 0.2211, ""box"": [383, 54, 492, 189]}, {""label"": ""flame"", ""score"": 0.2144, ""box"": [239, 74, 264, 97]}, {""label"": ""flame"", ""score"": 0.1844, ""box"": [623, 475, 674, 573]}, {""label"": ""flame"", ""score"": 0.181, ""box"": [224, 149, 336, 245]}, {""label"": ""flame"", ""score"": 0.1779, ""box"": [595, 483, 617, 531]}, {""label"": ""flame"", ""score"": 0.1761, ""box"": [438, 363, 462, 418]}, {""label"": ""flame"", ""score"": 0.1526, ""box"": [271, 149, 337, 247]}, {""label"": ""flame"", ""score"": 0.1506, ""box"": [347, 53, 493, 192]}, {""label"": ""flame"", ""score"": 0.1478, ""box"": [550, 582, 596, 614]}, {""label"": ""flame"", ""score"": 0.1446, ""box"": [472, 482, 491, 522]}, {""label"": ""flame"", ""score"": 0.1441, ""box"": [223, 149, 344, 316]}, {""label"": ""flame"", ""score"": 0.1431, ""box"": [574, 130, 601, 170]}, {""label"": ""flame"", ""score"": 0.143, ""box"": [504, 0, 531, 108]}, {""label"": ""flame"", ""score"": 0.1418, ""box"": [344, 200, 365, 242]}, {""label"": ""flame"", ""score"": 0.1363, ""box"": [492, 0, 529, 43]}, {""label"": ""flame"", ""score"": 0.1356, ""box"": [404, 302, 435, 351]}, {""label"": ""flame"", ""score"": 0.1289, ""box"": [349, 291, 394, 340]}, {""label"": ""flame"", ""score"": 0.1224, ""box"": [226, 209, 248, 227]}, {""label"": ""flame"", ""score"": 0.1217, ""box"": [442, 334, 641, 613]}, {""label"": ""flame"", ""score"": 0.1195, ""box"": [380, 190, 422, 264]}, {""label"": ""flame"", ""score"": 0.1186, ""box"": [570, 129, 638, 256]}, {""label"": ""flame"", ""score"": 0.1183, ""box"": [435, 320, 642, 613]}, {""label"": ""flame"", ""score"": 0.1181, ""box"": [604, 562, 631, 595]}, {""label"": ""flame"", ""score"": 0.1129, ""box"": [279, 150, 344, 313]}, {""label"": ""flame"", ""score"": 0.1127, ""box"": [362, 166, 394, 191]}, {""label"": ""flame"", ""score"": 0.1111, ""box"": [294, 177, 314, 246]}, {""label"": ""flame"", ""score"": 0.1109, ""box"": [274, 149, 344, 313]}, {""label"": ""flame"", ""score"": 0.1086, ""box"": [343, 196, 367, 243]}, {""label"": ""flame"", ""score"": 0.1069, ""box"": [302, 241, 397, 343]}, {""label"": ""flame"", ""score"": 0.1053, ""box"": [481, 0, 599, 116]}, {""label"": ""flame"", ""score"": 0.1024, ""box"": [223, 149, 372, 322]}, {""label"": ""flame"", ""score"": 0.1, ""box"": [612, 475, 671, 569]}, {""label"": ""flame"", ""score"": 0.0988, ""box"": [225, 149, 385, 331]}, {""label"": ""flame"", ""score"": 0.0979, ""box"": [491, 0, 599, 46]}, {""label"": ""flame"", ""score"": 0.0937, ""box"": [411, 145, 439, 190]}, {""label"": ""flame"", ""score"": 0.0932, ""box"": [268, 148, 339, 198]}, {""label"": ""flame"", ""score"": 0.0892, ""box"": [274, 303, 298, 322]}, {""label"": ""flame"", ""score"": 0.0873, ""box"": [300, 245, 457, 352]}, {""label"": ""flame"", ""score"": 0.0872, ""box"": [638, 479, 675, 576]}, {""label"": ""flame"", ""score"": 0.0872, ""box"": [382, 190, 401, 214]}, {""label"": ""flame"", ""score"": 0.087, ""box"": [409, 142, 439, 190]}, {""label"": ""flame"", ""score"": 0.0867, ""box"": [542, 483, 637, 615]}, {""label"": ""smoke"", ""score"": 0.0839, ""box"": [475, 0, 606, 149]}, {""label"": ""flame"", ""score"": 0.0831, ""box"": [404, 301, 463, 353]}, {""label"": ""flame"", ""score"": 0.083, ""box"": [478, 0, 529, 57]}, {""label"": ""flame"", ""score"": 0.083, ""box"": [574, 129, 635, 197]}, {""label"": ""flame"", ""score"": 0.0805, ""box"": [382, 190, 401, 215]}, {""label"": ""flame"", ""score"": 0.0803, ""box"": [224, 181, 316, 244]}, {""label"": ""smoke"", ""score"": 0.08, ""box"": [481, 0, 599, 116]}, {""label"": ""flame"", ""score"": 0.0797, ""box"": [481, 0, 538, 158]}, {""label"": ""flame"", ""score"": 0.0778, ""box"": [268, 148, 339, 204]}, {""label"": ""flame"", ""score"": 0.0771, ""box"": [475, 0, 606, 149]}, {""label"": ""flame"", ""score"": 0.0767, ""box"": [301, 241, 422, 347]}, {""label"": ""flame"", ""score"": 0.0764, ""box"": [572, 129, 638, 212]}, {""label"": ""flame"", ""score"": 0.0752, ""box"": [474, 0, 611, 165]}, {""label"": ""flame"", ""score"": 0.0739, ""box"": [550, 581, 598, 614]}, {""label"": ""flame"", ""score"": 0.072, ""box"": [293, 173, 314, 246]}, {""label"": ""flame"", ""score"": 0.0716, ""box"": [446, 110, 490, 171]}, {""label"": ""flame"", ""score"": 0.0682, ""box"": [630, 476, 677, 592]}, {""label"": ""flame"", ""score"": 0.0682, ""box"": [337, 60, 370, 113]}, {""label"": ""flame"", ""score"": 0.068, ""box"": [288, 236, 391, 344]}, {""label"": ""flame"", ""score"": 0.0672, ""box"": [570, 344, 608, 400]}, {""label"": ""flame"", ""score"": 0.0672, ""box"": [621, 97, 680, 171]}, {""label"": ""flame"", ""score"": 0.0662, ""box"": [479, 0, 636, 176]}, {""label"": ""flame"", ""score"": 0.0645, ""box"": [549, 579, 580, 614]}, {""label"": ""flame"", ""score"": 0.0628, ""box"": [301, 54, 500, 348]}, {""label"": ""smoke"", ""score"": 0.0622, ""box"": [474, 0, 611, 165]}, {""label"": ""flame"", ""score"": 0.0593, ""box"": [273, 150, 340, 195]}, {""label"": ""flame"", ""score"": 0.0586, ""box"": [236, 58, 285, 98]}, {""label"": ""flame"", ""score"": 0.0586, ""box"": [221, 151, 301, 236]}, {""label"": ""smoke"", ""score"": 0.0545, ""box"": [479, 0, 636, 176]}, {""label"": ""flame"", ""score"": 0.0543, ""box"": [473, 482, 490, 520]}, {""label"": ""flame"", ""score"": 0.0522, ""box"": [214, 0, 234, 17]}, {""label"": ""smoke"", ""score"": 0.0515, ""box"": [491, 28, 677, 135]}, {""label"": ""flame"", ""score"": 0.0514, ""box"": [451, 119, 490, 171]}, {""label"": ""smoke"", ""score"": 0.0509, ""box"": [434, 0, 632, 131]}, {""label"": ""flame"", ""score"": 0.05, ""box"": [424, 284, 465, 310]}]",0,1,1,0,1,1
barbecue,yolo,420,14.014,1,1,675.9,0.0,0.374113,"[{""label"": ""flame"", ""score"": 0.3741, ""box"": [296, 6, 648, 616]}, {""label"": ""flame"", ""score"": 0.2133, ""box"": [637, 101, 676, 126]}, {""label"": ""flame"", ""score"": 0.0842, ""box"": [598, 482, 616, 529]}]",0,1,1,0,0,0
barbecue,dfire_yolov8n,420,14.014,1,1,57.5,0.148771,0.43323,"[{""label"": ""flame"", ""score"": 0.4332, ""box"": [550, 564, 628, 614]}, {""label"": ""flame"", ""score"": 0.238, ""box"": [453, 335, 592, 488]}, {""label"": ""smoke"", ""score"": 0.1488, ""box"": [983, 12, 1278, 404]}, {""label"": ""flame"", ""score"": 0.1078, ""box"": [642, 104, 675, 122]}]",0,1,0,0,0,0
barbecue,soul,420,14.014,1,1,52.1,0.0,0.812523,"[{""label"": ""flame"", ""score"": 0.8125, ""box"": [340, 32, 645, 613]}, {""label"": ""flame"", ""score"": 0.1757, ""box"": [318, 255, 337, 305]}, {""label"": ""flame"", ""score"": 0.1598, ""box"": [1070, 0, 1278, 386]}]",0,1,1,0,1,1
barbecue,pyronear,420,14.014,1,1,313.5,0.0,0.0,[],0,0,0,0,0,0
barbecue,dfine,450,15.015,1,1,377.7,0.169832,0.754881,"[{""label"": ""flame"", ""score"": 0.7549, ""box"": [372, 340, 640, 635]}, {""label"": ""flame"", ""score"": 0.6326, ""box"": [546, 448, 639, 634]}, {""label"": ""flame"", ""score"": 0.4666, ""box"": [431, 529, 471, 595]}, {""label"": ""flame"", ""score"": 0.439, ""box"": [538, 208, 554, 228]}, {""label"": ""flame"", ""score"": 0.3774, ""box"": [372, 341, 585, 500]}, {""label"": ""flame"", ""score"": 0.3694, ""box"": [366, 253, 408, 317]}, {""label"": ""flame"", ""score"": 0.3576, ""box"": [383, 461, 402, 498]}, {""label"": ""flame"", ""score"": 0.2344, ""box"": [579, 238, 597, 260]}, {""label"": ""flame"", ""score"": 0.2224, ""box"": [428, 528, 486, 620]}, {""label"": ""smoke"", ""score"": 0.1698, ""box"": [449, 217, 564, 354]}, {""label"": ""flame"", ""score"": 0.1669, ""box"": [562, 586, 636, 634]}, {""label"": ""flame"", ""score"": 0.1654, ""box"": [380, 442, 422, 498]}, {""label"": ""flame"", ""score"": 0.1619, ""box"": [550, 451, 614, 574]}, {""label"": ""flame"", ""score"": 0.1572, ""box"": [537, 204, 599, 260]}, {""label"": ""smoke"", ""score"": 0.1543, ""box"": [372, 341, 585, 500]}, {""label"": ""smoke"", ""score"": 0.1516, ""box"": [278, 59, 576, 348]}, {""label"": ""flame"", ""score"": 0.1503, ""box"": [466, 602, 480, 614]}, {""label"": ""flame"", ""score"": 0.1487, ""box"": [427, 527, 492, 623]}, {""label"": ""flame"", ""score"": 0.14, ""box"": [371, 341, 599, 548]}, {""label"": ""smoke"", ""score"": 0.1396, ""box"": [311, 8, 578, 342]}, {""label"": ""smoke"", ""score"": 0.1387, ""box"": [356, 114, 582, 352]}, {""label"": ""smoke"", ""score"": 0.1378, ""box"": [279, 5, 580, 345]}, {""label"": ""smoke"", ""score"": 0.1371, ""box"": [336, 87, 578, 348]}, {""label"": ""smoke"", ""score"": 0.1346, ""box"": [252, 80, 361, 201]}, {""label"": ""flame"", ""score"": 0.1323, ""box"": [341, 15, 362, 34]}, {""label"": ""smoke"", ""score"": 0.1281, ""box"": [415, 217, 566, 356]}, {""label"": ""flame"", ""score"": 0.1278, ""box"": [67, 87, 280, 252]}, {""label"": ""flame"", ""score"": 0.1245, ""box"": [433, 568, 454, 595]}, {""label"": ""smoke"", ""score"": 0.1235, ""box"": [281, 73, 583, 352]}, {""label"": ""smoke"", ""score"": 0.1222, ""box"": [366, 222, 562, 360]}, {""label"": ""smoke"", ""score"": 0.115, ""box"": [241, 4, 577, 346]}, {""label"": ""smoke"", ""score"": 0.1146, ""box"": [278, 78, 592, 322]}, {""label"": ""flame"", ""score"": 0.1107, ""box"": [390, 443, 421, 473]}, {""label"": ""smoke"", ""score"": 0.1086, ""box"": [116, 3, 581, 343]}, {""label"": ""smoke"", ""score"": 0.107, ""box"": [421, 163, 569, 349]}, {""label"": ""flame"", ""score"": 0.1068, ""box"": [550, 451, 602, 529]}, {""label"": ""flame"", ""score"": 0.1063, ""box"": [75, 154, 191, 244]}, {""label"": ""smoke"", ""score"": 0.1049, ""box"": [265, 81, 362, 200]}, {""label"": ""flame"", ""score"": 0.1016, ""box"": [454, 122, 467, 136]}, {""label"": ""smoke"", ""score"": 0.1015, ""box"": [428, 146, 584, 350]}, {""label"": ""smoke"", ""score"": 0.0995, ""box"": [372, 340, 640, 635]}, {""label"": ""flame"", ""score"": 0.0991, ""box"": [337, 11, 362, 34]}, {""label"": ""flame"", ""score"": 0.0947, ""box"": [613, 587, 639, 618]}, {""label"": ""smoke"", ""score"": 0.0924, ""box"": [340, 73, 591, 479]}, {""label"": ""smoke"", ""score"": 0.0921, ""box"": [78, 19, 592, 356]}, {""label"": ""flame"", ""score"": 0.0873, ""box"": [23, 83, 296, 308]}, {""label"": ""flame"", ""score"": 0.0842, ""box"": [563, 599, 590, 633]}, {""label"": ""flame"", ""score"": 0.084, ""box"": [429, 529, 560, 634]}, {""label"": ""flame"", ""score"": 0.0837, ""box"": [565, 604, 613, 633]}, {""label"": ""smoke"", ""score"": 0.0836, ""box"": [439, 218, 568, 365]}, {""label"": ""smoke"", ""score"": 0.08, ""box"": [442, 219, 578, 365]}, {""label"": ""smoke"", ""score"": 0.0796, ""box"": [233, 47, 587, 469]}, {""label"": ""flame"", ""score"": 0.0792, ""box"": [569, 608, 614, 631]}, {""label"": ""flame"", ""score"": 0.0783, ""box"": [16, 81, 298, 325]}, {""label"": ""smoke"", ""score"": 0.078, ""box"": [303, 109, 364, 201]}, {""label"": ""smoke"", ""score"": 0.0754, ""box"": [330, 7, 613, 493]}, {""label"": ""flame"", ""score"": 0.0752, ""box"": [334, 79, 641, 620]}, {""label"": ""flame"", ""score"": 0.0747, ""box"": [385, 442, 423, 481]}, {""label"": ""flame"", ""score"": 0.0746, ""box"": [304, 423, 333, 439]}, {""label"": ""smoke"", ""score"": 0.0744, ""box"": [45, 8, 599, 490]}, {""label"": ""smoke"", ""score"": 0.0738, ""box"": [371, 341, 599, 548]}, {""label"": ""smoke"", ""score"": 0.0727, ""box"": [338, 55, 619, 551]}, {""label"": ""flame"", ""score"": 0.0715, ""box"": [232, 20, 249, 39]}, {""label"": ""smoke"", ""score"": 0.0712, ""box"": [307, 89, 511, 325]}, {""label"": ""flame"", ""score"": 0.0709, ""box"": [396, 343, 572, 430]}, {""label"": ""smoke"", ""score"": 0.0707, ""box"": [317, 77, 577, 398]}, {""label"": ""smoke"", ""score"": 0.07, ""box"": [57, 2, 614, 400]}, {""label"": ""smoke"", ""score"": 0.0697, ""box"": [431, 529, 471, 595]}, {""label"": ""smoke"", ""score"": 0.0687, ""box"": [266, 10, 574, 344]}, {""label"": ""flame"", ""score"": 0.0683, ""box"": [58, 76, 358, 260]}, {""label"": ""flame"", ""score"": 0.0652, ""box"": [383, 426, 485, 597]}, {""label"": ""flame"", ""score"": 0.0645, ""box"": [104, 117, 172, 154]}, {""label"": ""flame"", ""score"": 0.0633, ""box"": [369, 409, 425, 498]}, {""label"": ""smoke"", ""score"": 0.0619, ""box"": [248, 1, 654, 349]}, {""label"": ""flame"", ""score"": 0.0614, ""box"": [370, 410, 429, 498]}, {""label"": ""smoke"", ""score"": 0.0601, ""box"": [60, 4, 651, 460]}, {""label"": ""flame"", ""score"": 0.0599, ""box"": [20, 81, 303, 323]}, {""label"": ""smoke"", ""score"": 0.0597, ""box"": [307, 85, 540, 237]}, {""label"": ""flame"", ""score"": 0.0597, ""box"": [562, 546, 637, 633]}, {""label"": ""flame"", ""score"": 0.0594, ""box"": [503, 448, 641, 634]}, {""label"": ""smoke"", ""score"": 0.0594, ""box"": [383, 461, 402, 498]}, {""label"": ""smoke"", ""score"": 0.0584, ""box"": [58, 76, 358, 260]}, {""label"": ""flame"", ""score"": 0.0557, ""box"": [551, 451, 613, 573]}, {""label"": ""smoke"", ""score"": 0.0547, ""box"": [74, 70, 580, 454]}, {""label"": ""smoke"", ""score"": 0.0546, ""box"": [54, 43, 595, 491]}, {""label"": ""flame"", ""score"": 0.054, ""box"": [314, 0, 363, 34]}, {""label"": ""smoke"", ""score"": 0.053, ""box"": [538, 208, 554, 228]}, {""label"": ""smoke"", ""score"": 0.0527, ""box"": [334, 79, 641, 620]}, {""label"": ""smoke"", ""score"": 0.0525, ""box"": [253, 80, 311, 137]}, {""label"": ""smoke"", ""score"": 0.0517, ""box"": [269, 0, 697, 590]}, {""label"": ""smoke"", ""score"": 0.0512, ""box"": [546, 448, 639, 634]}, {""label"": ""smoke"", ""score"": 0.0509, ""box"": [367, 340, 599, 559]}, {""label"": ""flame"", ""score"": 0.0503, ""box"": [367, 340, 599, 559]}]",0,1,1,0,1,1
barbecue,yolo,450,15.015,1,1,696.2,0.0,0.632294,"[{""label"": ""flame"", ""score"": 0.6323, ""box"": [546, 448, 632, 636]}, {""label"": ""flame"", ""score"": 0.1755, ""box"": [431, 529, 474, 596]}, {""label"": ""flame"", ""score"": 0.1328, ""box"": [365, 341, 631, 633]}, {""label"": ""flame"", ""score"": 0.1255, ""box"": [385, 464, 399, 497]}, {""label"": ""flame"", ""score"": 0.0809, ""box"": [537, 208, 554, 227]}]",0,1,0,0,1,0
barbecue,dfire_yolov8n,450,15.015,1,1,57.7,0.282229,0.426258,"[{""label"": ""flame"", ""score"": 0.4263, ""box"": [370, 337, 640, 627]}, {""label"": ""flame"", ""score"": 0.2905, ""box"": [543, 448, 620, 589]}, {""label"": ""smoke"", ""score"": 0.2822, ""box"": [965, 12, 1278, 425]}, {""label"": ""flame"", ""score"": 0.261, ""box"": [560, 592, 634, 634]}, {""label"": ""flame"", ""score"": 0.1052, ""box"": [550, 472, 639, 635]}, {""label"": ""flame"", ""score"": 0.0835, ""box"": [368, 256, 411, 316]}, {""label"": ""flame"", ""score"": 0.0817, ""box"": [550, 563, 640, 634]}]",1,1,1,0,0,0
barbecue,soul,450,15.015,1,1,50.2,0.0,0.851722,"[{""label"": ""flame"", ""score"": 0.8517, ""box"": [368, 344, 634, 634]}, {""label"": ""flame"", ""score"": 0.1713, ""box"": [1077, 0, 1280, 415]}, {""label"": ""flame"", ""score"": 0.1549, ""box"": [435, 531, 466, 595]}]",0,1,1,0,1,1
barbecue,pyronear,450,15.015,1,1,290.3,0.0,0.0,[],0,0,0,0,0,0
barbecue,dfine,480,16.016,1,1,383.3,0.071597,0.884732,"[{""label"": ""flame"", ""score"": 0.8847, ""box"": [472, 401, 669, 619]}, {""label"": ""flame"", ""score"": 0.1854, ""box"": [557, 540, 606, 616]}, {""label"": ""flame"", ""score"": 0.1634, ""box"": [572, 541, 604, 612]}, {""label"": ""flame"", ""score"": 0.0917, ""box"": [61, 79, 277, 248]}, {""label"": ""flame"", ""score"": 0.0755, ""box"": [91, 145, 193, 229]}, {""label"": ""smoke"", ""score"": 0.0716, ""box"": [304, 18, 740, 435]}, {""label"": ""flame"", ""score"": 0.0616, ""box"": [553, 596, 582, 620]}, {""label"": ""smoke"", ""score"": 0.0613, ""box"": [302, 11, 739, 422]}, {""label"": ""smoke"", ""score"": 0.0608, ""box"": [29, 5, 668, 444]}, {""label"": ""smoke"", ""score"": 0.0597, ""box"": [25, 3, 751, 483]}, {""label"": ""smoke"", ""score"": 0.0576, ""box"": [472, 401, 669, 619]}, {""label"": ""flame"", ""score"": 0.0566, ""box"": [65, 144, 195, 244]}, {""label"": ""smoke"", ""score"": 0.0561, ""box"": [23, 5, 809, 486]}, {""label"": ""smoke"", ""score"": 0.0558, ""box"": [10, 7, 697, 616]}, {""label"": ""flame"", ""score"": 0.0522, ""box"": [553, 595, 587, 620]}]",0,1,1,0,1,1
barbecue,yolo,480,16.016,1,1,685.2,0.0,0.826252,"[{""label"": ""flame"", ""score"": 0.8263, ""box"": [484, 399, 667, 619]}, {""label"": ""flame"", ""score"": 0.0722, ""box"": [553, 537, 605, 618]}]",0,1,1,0,1,1
barbecue,dfire_yolov8n,480,16.016,1,1,55.9,0.166059,0.551368,"[{""label"": ""flame"", ""score"": 0.5514, ""box"": [476, 397, 670, 618]}, {""label"": ""flame"", ""score"": 0.2566, ""box"": [551, 540, 634, 619]}, {""label"": ""smoke"", ""score"": 0.1661, ""box"": [974, 10, 1279, 482]}]",0,1,1,0,1,1
barbecue,soul,480,16.016,1,1,58.6,0.0,0.911237,"[{""label"": ""flame"", ""score"": 0.9112, ""box"": [490, 405, 662, 615]}, {""label"": ""flame"", ""score"": 0.0983, ""box"": [1072, 0, 1278, 370]}]",0,1,0,0,1,0
barbecue,pyronear,480,16.016,1,1,308.5,0.0,0.0,[],0,0,0,0,0,0
barbecue,dfine,510,17.017,1,1,381.2,0.089214,0.838002,"[{""label"": ""flame"", ""score"": 0.838, ""box"": [439, 352, 591, 421]}, {""label"": ""flame"", ""score"": 0.8231, ""box"": [558, 455, 637, 598]}, {""label"": ""flame"", ""score"": 0.6102, ""box"": [461, 189, 483, 249]}, {""label"": ""flame"", ""score"": 0.4341, ""box"": [594, 456, 615, 494]}, {""label"": ""flame"", ""score"": 0.392, ""box"": [192, 66, 227, 103]}, {""label"": ""flame"", ""score"": 0.2394, ""box"": [601, 496, 635, 580]}, {""label"": ""flame"", ""score"": 0.2124, ""box"": [560, 536, 590, 597]}, {""label"": ""flame"", ""score"": 0.1287, ""box"": [437, 348, 641, 599]}, {""label"": ""flame"", ""score"": 0.1122, ""box"": [596, 456, 636, 581]}, {""label"": ""smoke"", ""score"": 0.0892, ""box"": [385, 266, 473, 367]}, {""label"": ""smoke"", ""score"": 0.0685, ""box"": [228, 36, 353, 160]}, {""label"": ""flame"", ""score"": 0.068, ""box"": [560, 574, 585, 598]}, {""label"": ""smoke"", ""score"": 0.0663, ""box"": [380, 192, 496, 368]}, {""label"": ""smoke"", ""score"": 0.0657, ""box"": [439, 352, 591, 421]}, {""label"": ""smoke"", ""score"": 0.0654, ""box"": [229, 37, 312, 106]}, {""label"": ""flame"", ""score"": 0.0575, ""box"": [559, 578, 583, 599]}, {""label"": ""flame"", ""score"": 0.0558, ""box"": [559, 542, 598, 597]}, {""label"": ""smoke"", ""score"": 0.0541, ""box"": [334, 6, 763, 417]}, {""label"": ""flame"", ""score"": 0.0512, ""box"": [462, 191, 481, 249]}, {""label"": ""smoke"", ""score"": 0.0503, ""box"": [191, 38, 302, 104]}]",0,1,0,0,1,0
barbecue,yolo,510,17.017,1,1,675.5,0.0,0.559691,"[{""label"": ""flame"", ""score"": 0.5597, ""box"": [440, 356, 590, 418]}, {""label"": ""flame"", ""score"": 0.3708, ""box"": [559, 452, 635, 597]}, {""label"": ""flame"", ""score"": 0.2032, ""box"": [596, 455, 613, 492]}, {""label"": ""flame"", ""score"": 0.0832, ""box"": [603, 508, 633, 579]}, {""label"": ""flame"", ""score"": 0.0568, ""box"": [463, 189, 482, 248]}]",0,1,0,0,1,0
barbecue,dfire_yolov8n,510,17.017,1,1,51.1,0.0,0.564748,"[{""label"": ""flame"", ""score"": 0.5647, ""box"": [444, 357, 588, 421]}, {""label"": ""flame"", ""score"": 0.5585, ""box"": [555, 454, 646, 598]}]",0,1,0,0,1,0
barbecue,soul,510,17.017,1,1,60.6,0.0,0.827034,"[{""label"": ""flame"", ""score"": 0.827, ""box"": [560, 458, 635, 598]}, {""label"": ""flame"", ""score"": 0.7112, ""box"": [443, 360, 586, 424]}, {""label"": ""flame"", ""score"": 0.5216, ""box"": [467, 190, 479, 248]}, {""label"": ""flame"", ""score"": 0.1251, ""box"": [458, 190, 474, 249]}, {""label"": ""flame"", ""score"": 0.1183, ""box"": [1088, 0, 1279, 167]}, {""label"": ""flame"", ""score"": 0.0812, ""box"": [1087, 0, 1279, 354]}]",0,1,0,0,1,0
barbecue,pyronear,510,17.017,1,1,310.7,0.148648,0.0,"[{""label"": ""smoke"", ""score"": 0.1486, ""box"": [442, 357, 587, 409]}]",0,0,0,0,0,0
barbecue,dfine,540,18.018,1,1,337.8,0.225036,0.870881,"[{""label"": ""flame"", ""score"": 0.8709, ""box"": [486, 299, 649, 587]}, {""label"": ""flame"", ""score"": 0.6647, ""box"": [658, 491, 694, 541]}, {""label"": ""flame"", ""score"": 0.259, ""box"": [570, 538, 645, 587]}, {""label"": ""smoke"", ""score"": 0.225, ""box"": [250, 38, 434, 213]}, {""label"": ""smoke"", ""score"": 0.2095, ""box"": [197, 33, 435, 210]}, {""label"": ""smoke"", ""score"": 0.1909, ""box"": [243, 37, 431, 193]}, {""label"": ""smoke"", ""score"": 0.1792, ""box"": [343, 84, 430, 202]}, {""label"": ""smoke"", ""score"": 0.1651, ""box"": [260, 42, 536, 316]}, {""label"": ""smoke"", ""score"": 0.163, ""box"": [339, 75, 439, 230]}, {""label"": ""flame"", ""score"": 0.1587, ""box"": [486, 421, 531, 462]}, {""label"": ""smoke"", ""score"": 0.1451, ""box"": [320, 58, 545, 322]}, {""label"": ""smoke"", ""score"": 0.1376, ""box"": [213, 20, 568, 323]}, {""label"": ""smoke"", ""score"": 0.135, ""box"": [337, 74, 539, 325]}, {""label"": ""smoke"", ""score"": 0.1316, ""box"": [308, 52, 431, 192]}, {""label"": ""smoke"", ""score"": 0.1249, ""box"": [323, 56, 506, 319]}, {""label"": ""flame"", ""score"": 0.1174, ""box"": [618, 539, 645, 571]}, {""label"": ""smoke"", ""score"": 0.1113, ""box"": [438, 212, 530, 318]}, {""label"": ""flame"", ""score"": 0.1061, ""box"": [512, 303, 627, 401]}, {""label"": ""smoke"", ""score"": 0.1058, ""box"": [69, 5, 435, 213]}, {""label"": ""smoke"", ""score"": 0.1033, ""box"": [264, 43, 528, 329]}, {""label"": ""smoke"", ""score"": 0.1024, ""box"": [93, 24, 438, 237]}, {""label"": ""smoke"", ""score"": 0.102, ""box"": [189, 30, 485, 306]}, {""label"": ""smoke"", ""score"": 0.0959, ""box"": [221, 11, 624, 447]}, {""label"": ""smoke"", ""score"": 0.0951, ""box"": [205, 18, 595, 391]}, {""label"": ""flame"", ""score"": 0.0906, ""box"": [571, 562, 595, 587]}, {""label"": ""smoke"", ""score"": 0.0893, ""box"": [328, 61, 453, 277]}, {""label"": ""smoke"", ""score"": 0.0863, ""box"": [205, 8, 632, 383]}, {""label"": ""smoke"", ""score"": 0.0853, ""box"": [68, 28, 435, 220]}, {""label"": ""smoke"", ""score"": 0.0846, ""box"": [203, 34, 525, 361]}, {""label"": ""smoke"", ""score"": 0.0831, ""box"": [210, 28, 459, 346]}, {""label"": ""smoke"", ""score"": 0.0793, ""box"": [0, 25, 441, 380]}, {""label"": ""smoke"", ""score"": 0.0783, ""box"": [152, 5, 444, 239]}, {""label"": ""smoke"", ""score"": 0.0765, ""box"": [251, 40, 468, 389]}, {""label"": ""smoke"", ""score"": 0.0756, ""box"": [115, 17, 529, 381]}, {""label"": ""smoke"", ""score"": 0.0742, ""box"": [233, 31, 443, 238]}, {""label"": ""smoke"", ""score"": 0.0732, ""box"": [227, 6, 646, 533]}, {""label"": ""smoke"", ""score"": 0.0712, ""box"": [32, 26, 439, 287]}, {""label"": ""smoke"", ""score"": 0.0698, ""box"": [658, 491, 694, 541]}, {""label"": ""flame"", ""score"": 0.0688, ""box"": [572, 540, 589, 559]}, {""label"": ""smoke"", ""score"": 0.0685, ""box"": [2, 11, 501, 430]}, {""label"": ""smoke"", ""score"": 0.0684, ""box"": [20, 7, 654, 584]}, {""label"": ""smoke"", ""score"": 0.0662, ""box"": [102, 17, 528, 419]}, {""label"": ""smoke"", ""score"": 0.066, ""box"": [72, 4, 609, 413]}, {""label"": ""smoke"", ""score"": 0.0644, ""box"": [64, 1, 634, 330]}, {""label"": ""flame"", ""score"": 0.0639, ""box"": [96, 44, 274, 189]}, {""label"": ""smoke"", ""score"": 0.0614, ""box"": [319, 91, 546, 348]}, {""label"": ""smoke"", ""score"": 0.0599, ""box"": [91, 4, 651, 581]}, {""label"": ""flame"", ""score"": 0.0589, ""box"": [572, 563, 617, 586]}, {""label"": ""smoke"", ""score"": 0.0583, ""box"": [232, 33, 445, 288]}, {""label"": ""flame"", ""score"": 0.0572, ""box"": [573, 562, 616, 585]}, {""label"": ""smoke"", ""score"": 0.0559, ""box"": [432, 212, 567, 378]}, {""label"": ""flame"", ""score"": 0.0554, ""box"": [664, 494, 692, 540]}, {""label"": ""flame"", ""score"": 0.0537, ""box"": [598, 331, 627, 397]}, {""label"": ""smoke"", ""score"": 0.0533, ""box"": [95, 5, 577, 442]}, {""label"": ""smoke"", ""score"": 0.0531, ""box"": [189, 44, 276, 125]}, {""label"": ""smoke"", ""score"": 0.0524, ""box"": [73, 2, 650, 313]}, {""label"": ""smoke"", ""score"": 0.0515, ""box"": [38, 3, 570, 421]}, {""label"": ""flame"", ""score"": 0.0509, ""box"": [569, 495, 646, 586]}, {""label"": ""smoke"", ""score"": 0.0508, ""box"": [194, 45, 274, 123]}, {""label"": ""flame"", ""score"": 0.0508, ""box"": [109, 102, 193, 179]}, {""label"": ""smoke"", ""score"": 0.0508, ""box"": [179, 0, 707, 565]}]",0,1,1,0,1,1
barbecue,yolo,540,18.018,1,1,687.2,0.0,0.726121,"[{""label"": ""flame"", ""score"": 0.7261, ""box"": [488, 294, 657, 587]}, {""label"": ""flame"", ""score"": 0.3352, ""box"": [657, 489, 695, 541]}]",0,1,1,0,1,1
barbecue,dfire_yolov8n,540,18.018,1,1,49.2,0.052814,0.703681,"[{""label"": ""flame"", ""score"": 0.7037, ""box"": [473, 298, 651, 585]}, {""label"": ""flame"", ""score"": 0.1792, ""box"": [571, 545, 645, 587]}, {""label"": ""flame"", ""score"": 0.087, ""box"": [660, 494, 693, 538]}, {""label"": ""smoke"", ""score"": 0.0528, ""box"": [177, 16, 592, 326]}]",0,1,1,0,1,1
barbecue,soul,540,18.018,1,1,58.4,0.0,0.859487,"[{""label"": ""flame"", ""score"": 0.8595, ""box"": [490, 305, 641, 587]}, {""label"": ""flame"", ""score"": 0.0932, ""box"": [665, 494, 692, 539]}, {""label"": ""flame"", ""score"": 0.0553, ""box"": [7, 53, 267, 270]}, {""label"": ""flame"", ""score"": 0.0529, ""box"": [1072, 0, 1279, 310]}]",0,1,1,0,1,1
barbecue,pyronear,540,18.018,1,1,329.2,0.0,0.0,[],0,0,0,0,0,0
barbecue,dfine,570,19.019,1,1,367.9,0.261127,0.916547,"[{""label"": ""flame"", ""score"": 0.9165, ""box"": [415, 259, 650, 573]}, {""label"": ""flame"", ""score"": 0.6184, ""box"": [363, 431, 390, 483]}, {""label"": ""smoke"", ""score"": 0.2611, ""box"": [182, 6, 309, 177]}, {""label"": ""smoke"", ""score"": 0.1712, ""box"": [55, 7, 310, 185]}, {""label"": ""smoke"", ""score"": 0.1515, ""box"": [76, 7, 304, 173]}, {""label"": ""smoke"", ""score"": 0.1487, ""box"": [21, 7, 311, 233]}, {""label"": ""flame"", ""score"": 0.1424, ""box"": [21, 7, 311, 233]}, {""label"": ""flame"", ""score"": 0.1375, ""box"": [568, 503, 642, 572]}, {""label"": ""flame"", ""score"": 0.1347, ""box"": [81, 80, 190, 171]}, {""label"": ""flame"", ""score"": 0.1277, ""box"": [76, 7, 304, 173]}, {""label"": ""flame"", ""score"": 0.123, ""box"": [55, 7, 310, 185]}, {""label"": ""flame"", ""score"": 0.1151, ""box"": [19, 79, 193, 235]}, {""label"": ""flame"", ""score"": 0.108, ""box"": [12, 6, 312, 321]}, {""label"": ""smoke"", ""score"": 0.1062, ""box"": [12, 6, 312, 321]}, {""label"": ""flame"", ""score"": 0.1035, ""box"": [568, 506, 641, 572]}, {""label"": ""smoke"", ""score"": 0.0974, ""box"": [186, 7, 306, 104]}, {""label"": ""flame"", ""score"": 0.0943, ""box"": [570, 544, 620, 571]}, {""label"": ""smoke"", ""score"": 0.0943, ""box"": [41, 3, 362, 195]}, {""label"": ""smoke"", ""score"": 0.0936, ""box"": [176, 2, 372, 169]}, {""label"": ""flame"", ""score"": 0.0925, ""box"": [615, 504, 642, 549]}, {""label"": ""flame"", ""score"": 0.0782, ""box"": [569, 542, 626, 572]}, {""label"": ""smoke"", ""score"": 0.0773, ""box"": [17, 2, 384, 243]}, {""label"": ""smoke"", ""score"": 0.0738, ""box"": [10, 2, 373, 342]}, {""label"": ""smoke"", ""score"": 0.0732, ""box"": [177, 2, 370, 170]}, {""label"": ""smoke"", ""score"": 0.0703, ""box"": [165, 6, 306, 233]}, {""label"": ""flame"", ""score"": 0.0644, ""box"": [182, 6, 309, 177]}, {""label"": ""smoke"", ""score"": 0.0626, ""box"": [338, 27, 372, 131]}, {""label"": ""smoke"", ""score"": 0.0612, ""box"": [18, 1, 395, 232]}, {""label"": ""smoke"", ""score"": 0.0596, ""box"": [5, 4, 319, 421]}, {""label"": ""flame"", ""score"": 0.0594, ""box"": [50, 78, 192, 191]}, {""label"": ""flame"", ""score"": 0.0587, ""box"": [570, 546, 597, 571]}, {""label"": ""smoke"", ""score"": 0.0575, ""box"": [8, 3, 356, 402]}, {""label"": ""flame"", ""score"": 0.0561, ""box"": [568, 461, 644, 571]}, {""label"": ""smoke"", ""score"": 0.051, ""box"": [2, 3, 327, 549]}, {""label"": ""flame"", ""score"": 0.0501, ""box"": [568, 506, 641, 571]}]",1,1,1,0,1,1
barbecue,yolo,570,19.019,1,1,703.3,0.0,0.805433,"[{""label"": ""flame"", ""score"": 0.8054, ""box"": [428, 250, 647, 574]}, {""label"": ""flame"", ""score"": 0.5162, ""box"": [364, 432, 389, 482]}]",0,1,1,0,1,1
barbecue,dfire_yolov8n,570,19.019,1,1,56.1,0.0,0.526027,"[{""label"": ""flame"", ""score"": 0.526, ""box"": [423, 255, 655, 574]}, {""label"": ""flame"", ""score"": 0.125, ""box"": [568, 402, 650, 566]}, {""label"": ""flame"", ""score"": 0.0571, ""box"": [569, 543, 629, 569]}]",0,1,1,0,1,1
barbecue,soul,570,19.019,1,1,53.6,0.0,0.886959,"[{""label"": ""flame"", ""score"": 0.887, ""box"": [422, 267, 641, 569]}, {""label"": ""flame"", ""score"": 0.5648, ""box"": [372, 434, 384, 485]}, {""label"": ""flame"", ""score"": 0.1251, ""box"": [1098, 0, 1279, 362]}, {""label"": ""flame"", ""score"": 0.0553, ""box"": [1204, 0, 1279, 366]}]",0,1,1,0,1,1
barbecue,pyronear,570,19.019,1,1,314.4,0.0,0.0,[],0,0,0,0,0,0
barbecue,dfine,600,20.02,0,0,373.2,0.06767,0.644299,"[{""label"": ""flame"", ""score"": 0.6443, ""box"": [478, 508, 568, 572]}, {""label"": ""smoke"", ""score"": 0.0677, ""box"": [1, 1, 665, 547]}, {""label"": ""smoke"", ""score"": 0.0618, ""box"": [2, 0, 735, 526]}, {""label"": ""smoke"", ""score"": 0.0562, ""box"": [383, 0, 663, 174]}, {""label"": ""flame"", ""score"": 0.0539, ""box"": [903, 389, 956, 446]}, {""label"": ""smoke"", ""score"": 0.0538, ""box"": [2, 0, 666, 369]}, {""label"": ""smoke"", ""score"": 0.0517, ""box"": [382, 0, 678, 262]}, {""label"": ""flame"", ""score"": 0.0514, ""box"": [242, 494, 399, 712]}, {""label"": ""smoke"", ""score"": 0.0511, ""box"": [387, 0, 580, 133]}, {""label"": ""smoke"", ""score"": 0.0501, ""box"": [384, 0, 654, 139]}]",0,1,0,0,1,0
barbecue,yolo,600,20.02,0,0,705.5,0.0,0.0,[],0,0,0,0,0,0
barbecue,dfire_yolov8n,600,20.02,0,0,51.9,0.0,0.683025,"[{""label"": ""flame"", ""score"": 0.683, ""box"": [483, 511, 562, 570]}]",0,1,0,0,1,0
barbecue,soul,600,20.02,0,0,49.7,0.0,0.728639,"[{""label"": ""flame"", ""score"": 0.7286, ""box"": [485, 519, 561, 566]}]",0,1,0,0,1,0
barbecue,pyronear,600,20.02,0,0,312.3,0.0,0.0,[],0,0,0,0,0,0
barbecue,dfine,630,21.021,1,1,380.6,0.158917,0.767344,"[{""label"": ""flame"", ""score"": 0.7673, ""box"": [571, 447, 657, 530]}, {""label"": ""flame"", ""score"": 0.3885, ""box"": [574, 475, 623, 529]}, {""label"": ""flame"", ""score"": 0.3473, ""box"": [629, 448, 657, 516]}, {""label"": ""smoke"", ""score"": 0.1589, ""box"": [643, 0, 810, 130]}, {""label"": ""smoke"", ""score"": 0.1223, ""box"": [271, 1, 827, 482]}, {""label"": ""flame"", ""score"": 0.1193, ""box"": [602, 479, 621, 509]}, {""label"": ""smoke"", ""score"": 0.1082, ""box"": [277, 1, 843, 477]}, {""label"": ""flame"", ""score"": 0.1018, ""box"": [573, 508, 600, 529]}, {""label"": ""flame"", ""score"": 0.0964, ""box"": [682, 468, 700, 505]}, {""label"": ""smoke"", ""score"": 0.0839, ""box"": [271, 1, 827, 453]}, {""label"": ""smoke"", ""score"": 0.0823, ""box"": [94, 1, 823, 515]}, {""label"": ""smoke"", ""score"": 0.0758, ""box"": [139, 1, 827, 496]}, {""label"": ""flame"", ""score"": 0.0661, ""box"": [632, 492, 652, 515]}, {""label"": ""smoke"", ""score"": 0.0654, ""box"": [635, 0, 816, 203]}, {""label"": ""smoke"", ""score"": 0.0643, ""box"": [13, 0, 821, 459]}, {""label"": ""smoke"", ""score"": 0.0618, ""box"": [16, 0, 812, 405]}, {""label"": ""smoke"", ""score"": 0.0617, ""box"": [4, 0, 814, 377]}, {""label"": ""smoke"", ""score"": 0.0614, ""box"": [571, 447, 657, 530]}, {""label"": ""smoke"", ""score"": 0.0553, ""box"": [574, 475, 623, 529]}, {""label"": ""flame"", ""score"": 0.055, ""box"": [277, 183, 295, 213]}, {""label"": ""smoke"", ""score"": 0.0531, ""box"": [21, 0, 929, 500]}, {""label"": ""smoke"", ""score"": 0.0527, ""box"": [15, 0, 1273, 551]}, {""label"": ""smoke"", ""score"": 0.0519, ""box"": [628, 0, 820, 258]}, {""label"": ""smoke"", ""score"": 0.0518, ""box"": [46, 1, 890, 509]}, {""label"": ""flame"", ""score"": 0.0518, ""box"": [632, 487, 650, 514]}, {""label"": ""smoke"", ""score"": 0.0514, ""box"": [19, 0, 958, 521]}, {""label"": ""smoke"", ""score"": 0.0504, ""box"": [328, 1, 829, 462]}, {""label"": ""smoke"", ""score"": 0.0503, ""box"": [629, 448, 657, 516]}]",0,1,0,0,1,0
barbecue,yolo,630,21.021,1,1,735.7,0.0,0.061359,"[{""label"": ""flame"", ""score"": 0.0614, ""box"": [603, 482, 620, 510]}]",0,0,0,0,0,0
barbecue,dfire_yolov8n,630,21.021,1,1,59.2,0.29055,0.671354,"[{""label"": ""flame"", ""score"": 0.6714, ""box"": [570, 449, 655, 527]}, {""label"": ""smoke"", ""score"": 0.2905, ""box"": [1115, 10, 1279, 368]}, {""label"": ""smoke"", ""score"": 0.1036, ""box"": [547, 10, 1119, 612]}, {""label"": ""flame"", ""score"": 0.0688, ""box"": [572, 468, 627, 527]}]",1,1,0,0,1,0
barbecue,soul,630,21.021,1,1,54.8,0.0,0.620204,"[{""label"": ""flame"", ""score"": 0.6202, ""box"": [574, 454, 655, 525]}, {""label"": ""flame"", ""score"": 0.484, ""box"": [612, 454, 652, 520]}, {""label"": ""flame"", ""score"": 0.1643, ""box"": [631, 453, 651, 516]}, {""label"": ""flame"", ""score"": 0.0785, ""box"": [0, 0, 1152, 0]}, {""label"": ""flame"", ""score"": 0.0682, ""box"": [987, 351, 1073, 444]}]",0,1,0,0,1,0
barbecue,pyronear,630,21.021,1,1,321.5,0.073846,0.0,"[{""label"": ""smoke"", ""score"": 0.0738, ""box"": [569, 404, 692, 527]}]",0,0,0,0,0,0
barbecue,dfine,660,22.022,1,1,381.9,0.05379,0.864929,"[{""label"": ""flame"", ""score"": 0.8649, ""box"": [396, 264, 618, 509]}, {""label"": ""flame"", ""score"": 0.249, ""box"": [403, 344, 427, 372]}, {""label"": ""flame"", ""score"": 0.1795, ""box"": [271, 62, 323, 111]}, {""label"": ""flame"", ""score"": 0.0914, ""box"": [533, 451, 610, 507]}, {""label"": ""flame"", ""score"": 0.0818, ""box"": [534, 454, 579, 506]}, {""label"": ""flame"", ""score"": 0.0758, ""box"": [16, 0, 260, 174]}, {""label"": ""flame"", ""score"": 0.0591, ""box"": [534, 392, 614, 506]}, {""label"": ""flame"", ""score"": 0.0589, ""box"": [88, 26, 192, 109]}, {""label"": ""smoke"", ""score"": 0.0538, ""box"": [396, 264, 618, 509]}, {""label"": ""flame"", ""score"": 0.0509, ""box"": [17, 23, 197, 174]}]",0,1,1,0,1,1
barbecue,yolo,660,22.022,1,1,694.6,0.0,0.401731,"[{""label"": ""flame"", ""score"": 0.4017, ""box"": [396, 268, 614, 506]}, {""label"": ""flame"", ""score"": 0.2169, ""box"": [268, 60, 326, 113]}]",0,1,1,0,0,0
barbecue,dfire_yolov8n,660,22.022,1,1,53.5,0.0,0.135101,"[{""label"": ""flame"", ""score"": 0.1351, ""box"": [393, 262, 623, 506]}]",0,0,0,0,0,0
barbecue,soul,660,22.022,1,1,50.6,0.0,0.859675,"[{""label"": ""flame"", ""score"": 0.8597, ""box"": [399, 276, 611, 507]}, {""label"": ""flame"", ""score"": 0.0848, ""box"": [1091, 0, 1279, 293]}]",0,1,1,0,1,1
barbecue,pyronear,660,22.022,1,1,297.0,0.0,0.0,[],0,0,0,0,0,0
barbecue,dfine,690,23.023,1,1,388.8,0.292881,0.88842,"[{""label"": ""flame"", ""score"": 0.8884, ""box"": [551, 226, 676, 606]}, {""label"": ""flame"", ""score"": 0.6197, ""box"": [683, 545, 703, 595]}, {""label"": ""smoke"", ""score"": 0.2929, ""box"": [405, 3, 708, 214]}, {""label"": ""smoke"", ""score"": 0.2757, ""box"": [408, 3, 729, 271]}, {""label"": ""smoke"", ""score"": 0.2742, ""box"": [411, 4, 651, 195]}, {""label"": ""flame"", ""score"": 0.2598, ""box"": [630, 571, 652, 599]}, {""label"": ""smoke"", ""score"": 0.201, ""box"": [420, 12, 626, 185]}, {""label"": ""smoke"", ""score"": 0.1822, ""box"": [17, 2, 706, 596]}, {""label"": ""smoke"", ""score"": 0.1782, ""box"": [419, 5, 650, 263]}, {""label"": ""smoke"", ""score"": 0.1717, ""box"": [12, 1, 737, 281]}, {""label"": ""smoke"", ""score"": 0.1677, ""box"": [413, 4, 656, 308]}, {""label"": ""smoke"", ""score"": 0.1673, ""box"": [344, 4, 705, 533]}, {""label"": ""smoke"", ""score"": 0.1595, ""box"": [12, 1, 729, 282]}, {""label"": ""smoke"", ""score"": 0.1578, ""box"": [9, 0, 872, 523]}, {""label"": ""smoke"", ""score"": 0.1557, ""box"": [15, 1, 706, 256]}, {""label"": ""smoke"", ""score"": 0.1556, ""box"": [421, 7, 686, 598]}, {""label"": ""smoke"", ""score"": 0.1556, ""box"": [429, 6, 720, 332]}, {""label"": ""smoke"", ""score"": 0.155, ""box"": [387, 2, 710, 384]}, {""label"": ""smoke"", ""score"": 0.1542, ""box"": [11, 2, 702, 442]}, {""label"": ""smoke"", ""score"": 0.1534, ""box"": [405, 2, 729, 344]}, {""label"": ""smoke"", ""score"": 0.1505, ""box"": [318, 1, 737, 274]}, {""label"": ""smoke"", ""score"": 0.1487, ""box"": [417, 4, 710, 363]}, {""label"": ""smoke"", ""score"": 0.1482, ""box"": [401, 2, 816, 341]}, {""label"": ""smoke"", ""score"": 0.148, ""box"": [16, 3, 702, 397]}, {""label"": ""smoke"", ""score"": 0.1457, ""box"": [460, 38, 728, 268]}, {""label"": ""smoke"", ""score"": 0.145, ""box"": [21, 3, 691, 447]}, {""label"": ""smoke"", ""score"": 0.1439, ""box"": [16, 3, 696, 511]}, {""label"": ""smoke"", ""score"": 0.1428, ""box"": [22, 3, 691, 484]}, {""label"": ""smoke"", ""score"": 0.1385, ""box"": [37, 327, 262, 427]}, {""label"": ""smoke"", ""score"": 0.1364, ""box"": [344, 1, 627, 199]}, {""label"": ""smoke"", ""score"": 0.1356, ""box"": [259, 2, 726, 264]}, {""label"": ""smoke"", ""score"": 0.1345, ""box"": [380, 3, 819, 553]}, {""label"": ""smoke"", ""score"": 0.1333, ""box"": [11, 1, 712, 276]}, {""label"": ""flame"", ""score"": 0.1325, ""box"": [156, 70, 333, 197]}, {""label"": ""smoke"", ""score"": 0.1323, ""box"": [402, 3, 707, 428]}, {""label"": ""smoke"", ""score"": 0.1313, ""box"": [330, 1, 805, 477]}, {""label"": ""smoke"", ""score"": 0.131, ""box"": [15, 2, 699, 420]}, {""label"": ""smoke"", ""score"": 0.13, ""box"": [21, 1, 700, 280]}, {""label"": ""smoke"", ""score"": 0.1288, ""box"": [380, 1, 838, 450]}, {""label"": ""smoke"", ""score"": 0.1279, ""box"": [15, 0, 865, 467]}, {""label"": ""flame"", ""score"": 0.1274, ""box"": [241, 73, 330, 139]}, {""label"": ""smoke"", ""score"": 0.1267, ""box"": [400, 2, 808, 419]}, {""label"": ""smoke"", ""score"": 0.1263, ""box"": [394, 3, 736, 520]}, {""label"": ""smoke"", ""score"": 0.1254, ""box"": [15, 2, 691, 375]}, {""label"": ""smoke"", ""score"": 0.1254, ""box"": [54, 3, 678, 367]}, {""label"": ""flame"", ""score"": 0.1245, ""box"": [237, 73, 330, 144]}, {""label"": ""smoke"", ""score"": 0.1241, ""box"": [22, 2, 683, 356]}, {""label"": ""smoke"", ""score"": 0.123, ""box"": [258, 220, 582, 523]}, {""label"": ""smoke"", ""score"": 0.121, ""box"": [8, 0, 891, 537]}, {""label"": ""smoke"", ""score"": 0.1202, ""box"": [13, 2, 696, 450]}, {""label"": ""smoke"", ""score"": 0.1191, ""box"": [155, 5, 688, 421]}, {""label"": ""smoke"", ""score"": 0.1187, ""box"": [20, 5, 643, 389]}, {""label"": ""smoke"", ""score"": 0.1186, ""box"": [103, 3, 680, 398]}, {""label"": ""smoke"", ""score"": 0.1182, ""box"": [189, 1, 856, 498]}, {""label"": ""smoke"", ""score"": 0.1178, ""box"": [236, 2, 712, 240]}, {""label"": ""smoke"", ""score"": 0.1165, ""box"": [420, 6, 627, 246]}, {""label"": ""flame"", ""score"": 0.1159, ""box"": [575, 565, 653, 605]}, {""label"": ""smoke"", ""score"": 0.1155, ""box"": [323, 1, 860, 576]}, {""label"": ""smoke"", ""score"": 0.115, ""box"": [394, 3, 680, 389]}, {""label"": ""flame"", ""score"": 0.1142, ""box"": [576, 557, 609, 605]}, {""label"": ""smoke"", ""score"": 0.1141, ""box"": [450, 40, 698, 210]}, {""label"": ""smoke"", ""score"": 0.1126, ""box"": [453, 41, 707, 233]}, {""label"": ""smoke"", ""score"": 0.1115, ""box"": [443, 27, 693, 337]}, {""label"": ""smoke"", ""score"": 0.11, ""box"": [187, 1, 793, 389]}, {""label"": ""smoke"", ""score"": 0.1086, ""box"": [186, 43, 571, 529]}, {""label"": ""flame"", ""score"": 0.1086, ""box"": [576, 555, 653, 605]}, {""label"": ""smoke"", ""score"": 0.1064, ""box"": [13, 4, 541, 402]}, {""label"": ""smoke"", ""score"": 0.105, ""box"": [13, 2, 416, 191]}, {""label"": ""smoke"", ""score"": 0.1039, ""box"": [190, 67, 585, 552]}, {""label"": ""smoke"", ""score"": 0.1031, ""box"": [75, 0, 824, 326]}, {""label"": ""flame"", ""score"": 0.1002, ""box"": [549, 226, 610, 293]}, {""label"": ""smoke"", ""score"": 0.0997, ""box"": [434, 32, 631, 209]}, {""label"": ""smoke"", ""score"": 0.099, ""box"": [15, 10, 179, 183]}, {""label"": ""smoke"", ""score"": 0.0989, ""box"": [60, 0, 1255, 580]}, {""label"": ""smoke"", ""score"": 0.0984, ""box"": [454, 39, 711, 328]}, {""label"": ""smoke"", ""score"": 0.0981, ""box"": [61, 2, 689, 302]}, {""label"": ""smoke"", ""score"": 0.0972, ""box"": [125, 1, 623, 601]}, {""label"": ""smoke"", ""score"": 0.0971, ""box"": [196, 2, 648, 194]}, {""label"": ""flame"", ""score"": 0.0963, ""box"": [103, 69, 335, 234]}, {""label"": ""flame"", ""score"": 0.0961, ""box"": [576, 551, 612, 605]}, {""label"": ""smoke"", ""score"": 0.0949, ""box"": [410, 4, 685, 406]}, {""label"": ""smoke"", ""score"": 0.0943, ""box"": [183, 0, 850, 606]}, {""label"": ""smoke"", ""score"": 0.0924, ""box"": [5, 6, 413, 413]}, {""label"": ""smoke"", ""score"": 0.0924, ""box"": [11, 1, 1222, 535]}, {""label"": ""flame"", ""score"": 0.0894, ""box"": [17, 2, 706, 596]}, {""label"": ""smoke"", ""score"": 0.0887, ""box"": [543, 52, 734, 285]}, {""label"": ""smoke"", ""score"": 0.0885, ""box"": [358, 2, 718, 586]}, {""label"": ""smoke"", ""score"": 0.0883, ""box"": [176, 0, 893, 607]}, {""label"": ""smoke"", ""score"": 0.086, ""box"": [252, 137, 571, 501]}, {""label"": ""smoke"", ""score"": 0.0845, ""box"": [234, 271, 478, 497]}, {""label"": ""smoke"", ""score"": 0.0842, ""box"": [445, 50, 718, 335]}, {""label"": ""flame"", ""score"": 0.0842, ""box"": [576, 548, 613, 605]}, {""label"": ""smoke"", ""score"": 0.0813, ""box"": [15, 4, 414, 291]}, {""label"": ""smoke"", ""score"": 0.0809, ""box"": [333, 220, 538, 390]}, {""label"": ""smoke"", ""score"": 0.0809, ""box"": [200, 222, 611, 589]}, {""label"": ""smoke"", ""score"": 0.0808, ""box"": [185, 0, 889, 607]}, {""label"": ""smoke"", ""score"": 0.0803, ""box"": [192, 219, 674, 601]}, {""label"": ""smoke"", ""score"": 0.0802, ""box"": [15, 3, 253, 166]}, {""label"": ""flame"", ""score"": 0.0791, ""box"": [655, 440, 674, 465]}, {""label"": ""flame"", ""score"": 0.0785, ""box"": [575, 579, 605, 606]}, {""label"": ""flame"", ""score"": 0.0777, ""box"": [231, 392, 254, 423]}, {""label"": ""smoke"", ""score"": 0.077, ""box"": [21, 3, 254, 179]}, {""label"": ""smoke"", ""score"": 0.0764, ""box"": [417, 5, 702, 354]}, {""label"": ""smoke"", ""score"": 0.0762, ""box"": [567, 57, 736, 258]}, {""label"": ""smoke"", ""score"": 0.0753, ""box"": [6, 319, 270, 498]}, {""label"": ""smoke"", ""score"": 0.0751, ""box"": [251, 293, 464, 500]}, {""label"": ""smoke"", ""score"": 0.074, ""box"": [12, 1, 1267, 620]}, {""label"": ""smoke"", ""score"": 0.074, ""box"": [430, 44, 706, 385]}, {""label"": ""smoke"", ""score"": 0.074, ""box"": [446, 43, 866, 590]}, {""label"": ""smoke"", ""score"": 0.0733, ""box"": [65, 1, 679, 213]}, {""label"": ""smoke"", ""score"": 0.0726, ""box"": [551, 226, 676, 606]}, {""label"": ""flame"", ""score"": 0.0721, ""box"": [421, 7, 686, 598]}, {""label"": ""flame"", ""score"": 0.072, ""box"": [233, 23, 416, 150]}, {""label"": ""smoke"", ""score"": 0.0715, ""box"": [406, 2, 631, 224]}, {""label"": ""smoke"", ""score"": 0.0714, ""box"": [683, 545, 703, 595]}, {""label"": ""smoke"", ""score"": 0.0713, ""box"": [46, 56, 179, 186]}, {""label"": ""smoke"", ""score"": 0.0703, ""box"": [494, 46, 723, 314]}, {""label"": ""smoke"", ""score"": 0.0681, ""box"": [109, 66, 680, 589]}, {""label"": ""smoke"", ""score"": 0.0677, ""box"": [262, 223, 671, 599]}, {""label"": ""smoke"", ""score"": 0.0667, ""box"": [190, 211, 675, 601]}, {""label"": ""smoke"", ""score"": 0.0664, ""box"": [459, 62, 714, 319]}, {""label"": ""flame"", ""score"": 0.0653, ""box"": [575, 539, 620, 605]}, {""label"": ""smoke"", ""score"": 0.065, ""box"": [220, 220, 680, 603]}, {""label"": ""flame"", ""score"": 0.0644, ""box"": [648, 440, 674, 482]}, {""label"": ""smoke"", ""score"": 0.0636, ""box"": [45, 324, 272, 501]}, {""label"": ""smoke"", ""score"": 0.0634, ""box"": [2, 0, 1282, 690]}, {""label"": ""flame"", ""score"": 0.0629, ""box"": [195, 25, 416, 176]}, {""label"": ""smoke"", ""score"": 0.0617, ""box"": [232, 265, 479, 465]}, {""label"": ""smoke"", ""score"": 0.0616, ""box"": [1, 8, 326, 518]}, {""label"": ""smoke"", ""score"": 0.0608, ""box"": [914, 0, 986, 18]}, {""label"": ""smoke"", ""score"": 0.0604, ""box"": [0, 8, 436, 710]}, {""label"": ""smoke"", ""score"": 0.0587, ""box"": [1, 0, 1082, 674]}, {""label"": ""smoke"", ""score"": 0.0582, ""box"": [176, 358, 257, 423]}, {""label"": ""smoke"", ""score"": 0.0582, ""box"": [6, 315, 266, 462]}, {""label"": ""flame"", ""score"": 0.0572, ""box"": [576, 501, 653, 605]}, {""label"": ""flame"", ""score"": 0.0566, ""box"": [684, 547, 702, 595]}, {""label"": ""smoke"", ""score"": 0.0565, ""box"": [66, 3, 685, 424]}, {""label"": ""smoke"", ""score"": 0.0563, ""box"": [1, 319, 280, 583]}, {""label"": ""smoke"", ""score"": 0.056, ""box"": [186, 208, 707, 604]}, {""label"": ""smoke"", ""score"": 0.0556, ""box"": [50, 324, 279, 535]}, {""label"": ""smoke"", ""score"": 0.0547, ""box"": [58, 22, 412, 242]}, {""label"": ""smoke"", ""score"": 0.0541, ""box"": [20, 31, 151, 90]}, {""label"": ""smoke"", ""score"": 0.0533, ""box"": [398, 3, 679, 352]}, {""label"": ""flame"", ""score"": 0.0525, ""box"": [58, 22, 412, 242]}, {""label"": ""smoke"", ""score"": 0.0521, ""box"": [54, 48, 236, 191]}, {""label"": ""smoke"", ""score"": 0.052, ""box"": [440, 37, 672, 213]}, {""label"": ""smoke"", ""score"": 0.0519, ""box"": [233, 23, 416, 150]}, {""label"": ""smoke"", ""score"": 0.0513, ""box"": [22, 0, 1136, 688]}, {""label"": ""flame"", ""score"": 0.0507, ""box"": [338, 139, 488, 224]}, {""label"": ""smoke"", ""score"": 0.0503, ""box"": [236, 293, 374, 420]}, {""label"": ""smoke"", ""score"": 0.0503, ""box"": [451, 49, 690, 600]}, {""label"": ""smoke"", ""score"": 0.0501, ""box"": [247, 296, 399, 431]}]",1,1,1,0,1,1
barbecue,yolo,690,23.023,1,1,708.3,0.094807,0.761275,"[{""label"": ""flame"", ""score"": 0.7613, ""box"": [563, 228, 674, 604]}, {""label"": ""flame"", ""score"": 0.3643, ""box"": [684, 547, 703, 595]}, {""label"": ""smoke"", ""score"": 0.0948, ""box"": [78, 6, 632, 404]}]",0,1,1,0,1,1
barbecue,dfire_yolov8n,690,23.023,1,1,50.2,0.507064,0.636149,"[{""label"": ""flame"", ""score"": 0.6361, ""box"": [558, 233, 676, 595]}, {""label"": ""smoke"", ""score"": 0.5071, ""box"": [1080, 10, 1279, 365]}, {""label"": ""flame"", ""score"": 0.3151, ""box"": [681, 548, 704, 592]}, {""label"": ""smoke"", ""score"": 0.3143, ""box"": [372, 14, 894, 613]}, {""label"": ""flame"", ""score"": 0.0663, ""box"": [633, 575, 652, 599]}, {""label"": ""flame"", ""score"": 0.0527, ""box"": [573, 553, 654, 606]}]",1,1,1,1,1,1
barbecue,soul,690,23.023,1,1,55.7,0.0,0.83482,"[{""label"": ""flame"", ""score"": 0.8348, ""box"": [554, 225, 669, 601]}, {""label"": ""flame"", ""score"": 0.6174, ""box"": [687, 549, 700, 593]}, {""label"": ""flame"", ""score"": 0.2521, ""box"": [1078, 0, 1279, 321]}, {""label"": ""flame"", ""score"": 0.0724, ""box"": [1072, 0, 1279, 348]}, {""label"": ""flame"", ""score"": 0.059, ""box"": [116, 34, 421, 198]}]",0,1,1,0,1,1
barbecue,pyronear,690,23.023,1,1,336.2,0.0,0.0,[],0,0,0,0,0,0
barbecue,dfine,720,24.024,1,1,376.0,0.415685,0.892901,"[{""label"": ""flame"", ""score"": 0.8929, ""box"": [502, 380, 684, 600]}, {""label"": ""flame"", ""score"": 0.5797, ""box"": [699, 555, 719, 594]}, {""label"": ""smoke"", ""score"": 0.4157, ""box"": [236, 47, 730, 424]}, {""label"": ""smoke"", ""score"": 0.3738, ""box"": [414, 190, 720, 418]}, {""label"": ""smoke"", ""score"": 0.3721, ""box"": [422, 194, 637, 388]}, {""label"": ""smoke"", ""score"": 0.3311, ""box"": [249, 104, 697, 408]}, {""label"": ""flame"", ""score"": 0.2785, ""box"": [586, 547, 665, 599]}, {""label"": ""smoke"", ""score"": 0.2484, ""box"": [98, 3, 747, 421]}, {""label"": ""smoke"", ""score"": 0.2383, ""box"": [265, 160, 702, 417]}, {""label"": ""smoke"", ""score"": 0.2323, ""box"": [204, 4, 852, 428]}, {""label"": ""smoke"", ""score"": 0.2221, ""box"": [230, 18, 657, 397]}, {""label"": ""smoke"", ""score"": 0.2125, ""box"": [437, 224, 625, 386]}, {""label"": ""smoke"", ""score"": 0.1999, ""box"": [227, 34, 695, 540]}, {""label"": ""smoke"", ""score"": 0.1915, ""box"": [45, 1, 818, 424]}, {""label"": ""flame"", ""score"": 0.189, ""box"": [264, 36, 392, 111]}, {""label"": ""smoke"", ""score"": 0.1859, ""box"": [466, 242, 617, 386]}, {""label"": ""smoke"", ""score"": 0.1772, ""box"": [241, 88, 706, 567]}, {""label"": ""smoke"", ""score"": 0.1758, ""box"": [237, 87, 390, 253]}, {""label"": ""smoke"", ""score"": 0.1685, ""box"": [78, 1, 749, 434]}, {""label"": ""smoke"", ""score"": 0.1681, ""box"": [207, 2, 863, 478]}, {""label"": ""smoke"", ""score"": 0.1658, ""box"": [106, 3, 645, 382]}, {""label"": ""smoke"", ""score"": 0.1599, ""box"": [228, 42, 699, 546]}, {""label"": ""smoke"", ""score"": 0.1583, ""box"": [362, 73, 741, 427]}, {""label"": ""smoke"", ""score"": 0.1582, ""box"": [423, 184, 738, 486]}, {""label"": ""smoke"", ""score"": 0.1574, ""box"": [88, 2, 736, 467]}, {""label"": ""smoke"", ""score"": 0.1561, ""box"": [141, 2, 743, 496]}, {""label"": ""smoke"", ""score"": 0.1552, ""box"": [395, 181, 711, 511]}, {""label"": ""smoke"", ""score"": 0.1544, ""box"": [235, 10, 858, 550]}, {""label"": ""smoke"", ""score"": 0.1453, ""box"": [227, 4, 860, 588]}, {""label"": ""smoke"", ""score"": 0.1437, ""box"": [423, 188, 724, 479]}, {""label"": ""smoke"", ""score"": 0.1415, ""box"": [192, 8, 620, 368]}, {""label"": ""flame"", ""score"": 0.1402, ""box"": [269, 40, 370, 108]}, {""label"": ""smoke"", ""score"": 0.1375, ""box"": [144, 1, 697, 535]}, {""label"": ""smoke"", ""score"": 0.1373, ""box"": [88, 1, 813, 529]}, {""label"": ""smoke"", ""score"": 0.1365, ""box"": [128, 2, 821, 540]}, {""label"": ""smoke"", ""score"": 0.1335, ""box"": [420, 221, 690, 520]}, {""label"": ""flame"", ""score"": 0.1333, ""box"": [266, 43, 368, 111]}, {""label"": ""smoke"", ""score"": 0.1317, ""box"": [183, 4, 752, 588]}, {""label"": ""smoke"", ""score"": 0.1314, ""box"": [215, 26, 715, 580]}, {""label"": ""smoke"", ""score"": 0.129, ""box"": [151, 2, 704, 541]}, {""label"": ""smoke"", ""score"": 0.1263, ""box"": [88, 0, 864, 457]}, {""label"": ""flame"", ""score"": 0.1248, ""box"": [266, 41, 373, 109]}, {""label"": ""smoke"", ""score"": 0.1243, ""box"": [455, 234, 648, 456]}, {""label"": ""smoke"", ""score"": 0.1242, ""box"": [419, 191, 643, 389]}, {""label"": ""smoke"", ""score"": 0.1188, ""box"": [454, 218, 663, 467]}, {""label"": ""smoke"", ""score"": 0.113, ""box"": [253, 88, 399, 288]}, {""label"": ""smoke"", ""score"": 0.112, ""box"": [407, 182, 701, 558]}, {""label"": ""smoke"", ""score"": 0.1112, ""box"": [235, 84, 402, 351]}, {""label"": ""flame"", ""score"": 0.1079, ""box"": [261, 3, 452, 112]}, {""label"": ""smoke"", ""score"": 0.107, ""box"": [220, 93, 396, 346]}, {""label"": ""smoke"", ""score"": 0.107, ""box"": [232, 82, 406, 346]}, {""label"": ""smoke"", ""score"": 0.104, ""box"": [325, 102, 856, 582]}, {""label"": ""smoke"", ""score"": 0.1034, ""box"": [248, 83, 469, 243]}, {""label"": ""smoke"", ""score"": 0.1018, ""box"": [355, 84, 773, 441]}, {""label"": ""smoke"", ""score"": 0.1017, ""box"": [6, 0, 894, 550]}, {""label"": ""smoke"", ""score"": 0.1015, ""box"": [212, 10, 403, 251]}, {""label"": ""smoke"", ""score"": 0.1013, ""box"": [239, 95, 403, 344]}, {""label"": ""smoke"", ""score"": 0.1009, ""box"": [7, 0, 497, 255]}, {""label"": ""flame"", ""score"": 0.1007, ""box"": [144, 134, 235, 262]}, {""label"": ""smoke"", ""score"": 0.0987, ""box"": [219, 10, 411, 239]}, {""label"": ""smoke"", ""score"": 0.0987, ""box"": [216, 5, 481, 235]}, {""label"": ""smoke"", ""score"": 0.0926, ""box"": [6, 0, 760, 615]}, {""label"": ""smoke"", ""score"": 0.092, ""box"": [65, 0, 954, 570]}, {""label"": ""smoke"", ""score"": 0.092, ""box"": [699, 555, 719, 594]}, {""label"": ""smoke"", ""score"": 0.0913, ""box"": [619, 277, 751, 429]}, {""label"": ""flame"", ""score"": 0.0895, ""box"": [142, 115, 263, 261]}, {""label"": ""smoke"", ""score"": 0.0881, ""box"": [142, 5, 745, 645]}, {""label"": ""smoke"", ""score"": 0.0854, ""box"": [227, 44, 508, 362]}, {""label"": ""smoke"", ""score"": 0.085, ""box"": [71, 0, 459, 131]}, {""label"": ""smoke"", ""score"": 0.0847, ""box"": [72, 0, 1270, 437]}, {""label"": ""smoke"", ""score"": 0.0836, ""box"": [502, 380, 684, 600]}, {""label"": ""smoke"", ""score"": 0.0831, ""box"": [198, 7, 444, 301]}, {""label"": ""smoke"", ""score"": 0.0818, ""box"": [463, 245, 725, 483]}, {""label"": ""smoke"", ""score"": 0.0815, ""box"": [425, 245, 698, 477]}, {""label"": ""smoke"", ""score"": 0.0811, ""box"": [51, 1, 753, 442]}, {""label"": ""smoke"", ""score"": 0.0811, ""box"": [481, 263, 731, 447]}, {""label"": ""smoke"", ""score"": 0.081, ""box"": [609, 277, 752, 433]}, {""label"": ""flame"", ""score"": 0.0804, ""box"": [647, 566, 666, 593]}, {""label"": ""smoke"", ""score"": 0.0801, ""box"": [188, 4, 724, 599]}, {""label"": ""smoke"", ""score"": 0.0797, ""box"": [60, 0, 437, 135]}, {""label"": ""smoke"", ""score"": 0.0791, ""box"": [503, 269, 739, 434]}, {""label"": ""smoke"", ""score"": 0.0785, ""box"": [66, 0, 993, 469]}, {""label"": ""smoke"", ""score"": 0.0776, ""box"": [52, 0, 404, 130]}, {""label"": ""smoke"", ""score"": 0.0774, ""box"": [11, 0, 1274, 600]}, {""label"": ""smoke"", ""score"": 0.0771, ""box"": [214, 18, 400, 242]}, {""label"": ""smoke"", ""score"": 0.0766, ""box"": [397, 87, 764, 530]}, {""label"": ""smoke"", ""score"": 0.0762, ""box"": [218, 176, 261, 220]}, {""label"": ""flame"", ""score"": 0.0761, ""box"": [206, 26, 398, 168]}, {""label"": ""smoke"", ""score"": 0.0759, ""box"": [177, 3, 511, 323]}, {""label"": ""smoke"", ""score"": 0.0758, ""box"": [53, 0, 1269, 529]}, {""label"": ""flame"", ""score"": 0.0751, ""box"": [582, 502, 669, 600]}, {""label"": ""smoke"", ""score"": 0.075, ""box"": [94, 0, 1267, 477]}, {""label"": ""smoke"", ""score"": 0.0742, ""box"": [34, 1, 495, 333]}, {""label"": ""smoke"", ""score"": 0.0724, ""box"": [436, 246, 704, 492]}, {""label"": ""smoke"", ""score"": 0.0722, ""box"": [5, 1, 459, 378]}, {""label"": ""smoke"", ""score"": 0.0715, ""box"": [422, 147, 850, 583]}, {""label"": ""smoke"", ""score"": 0.0708, ""box"": [57, 1, 407, 176]}, {""label"": ""smoke"", ""score"": 0.0703, ""box"": [177, 1, 352, 117]}, {""label"": ""smoke"", ""score"": 0.07, ""box"": [2, 1, 305, 245]}, {""label"": ""smoke"", ""score"": 0.0699, ""box"": [66, 2, 483, 337]}, {""label"": ""smoke"", ""score"": 0.0689, ""box"": [481, 262, 713, 436]}, {""label"": ""flame"", ""score"": 0.0685, ""box"": [175, 236, 227, 263]}, {""label"": ""flame"", ""score"": 0.0683, ""box"": [701, 561, 718, 593]}, {""label"": ""flame"", ""score"": 0.0681, ""box"": [336, 44, 368, 69]}, {""label"": ""smoke"", ""score"": 0.0672, ""box"": [352, 472, 396, 690]}, {""label"": ""smoke"", ""score"": 0.0667, ""box"": [283, 14, 871, 586]}, {""label"": ""smoke"", ""score"": 0.0663, ""box"": [595, 265, 749, 424]}, {""label"": ""smoke"", ""score"": 0.0662, ""box"": [261, 3, 452, 112]}, {""label"": ""smoke"", ""score"": 0.0657, ""box"": [58, 1, 699, 428]}, {""label"": ""flame"", ""score"": 0.0655, ""box"": [586, 571, 617, 598]}, {""label"": ""smoke"", ""score"": 0.0652, ""box"": [72, 0, 1103, 433]}, {""label"": ""smoke"", ""score"": 0.0647, ""box"": [115, 5, 783, 680]}, {""label"": ""smoke"", ""score"": 0.0638, ""box"": [478, 258, 705, 451]}, {""label"": ""flame"", ""score"": 0.0631, ""box"": [189, 239, 227, 262]}, {""label"": ""smoke"", ""score"": 0.0631, ""box"": [1, 106, 103, 246]}, {""label"": ""smoke"", ""score"": 0.0628, ""box"": [136, 1, 837, 438]}, {""label"": ""smoke"", ""score"": 0.0628, ""box"": [0, 0, 857, 691]}, {""label"": ""smoke"", ""score"": 0.0624, ""box"": [472, 254, 726, 435]}, {""label"": ""smoke"", ""score"": 0.0612, ""box"": [92, 3, 840, 685]}, {""label"": ""smoke"", ""score"": 0.0596, ""box"": [160, 2, 442, 196]}, {""label"": ""smoke"", ""score"": 0.0592, ""box"": [1, 9, 121, 238]}, {""label"": ""smoke"", ""score"": 0.0586, ""box"": [50, 1, 437, 210]}, {""label"": ""flame"", ""score"": 0.0572, ""box"": [369, 44, 395, 65]}, {""label"": ""flame"", ""score"": 0.0569, ""box"": [212, 10, 403, 251]}, {""label"": ""smoke"", ""score"": 0.0557, ""box"": [198, 5, 856, 416]}, {""label"": ""flame"", ""score"": 0.0557, ""box"": [218, 176, 261, 220]}, {""label"": ""smoke"", ""score"": 0.0545, ""box"": [471, 253, 690, 595]}, {""label"": ""smoke"", ""score"": 0.0533, ""box"": [5, 1, 309, 220]}, {""label"": ""smoke"", ""score"": 0.0528, ""box"": [197, 14, 700, 565]}, {""label"": ""smoke"", ""score"": 0.0521, ""box"": [336, 50, 819, 578]}, {""label"": ""smoke"", ""score"": 0.0509, ""box"": [1, 2, 797, 684]}]",1,1,1,0,1,1
barbecue,yolo,720,24.024,1,1,676.5,0.141951,0.772222,"[{""label"": ""flame"", ""score"": 0.7722, ""box"": [505, 378, 681, 598]}, {""label"": ""flame"", ""score"": 0.1524, ""box"": [700, 564, 718, 593]}, {""label"": ""smoke"", ""score"": 0.142, ""box"": [1150, 5, 1277, 336]}, {""label"": ""smoke"", ""score"": 0.1097, ""box"": [428, 186, 643, 391]}]",0,1,1,0,1,1
barbecue,dfire_yolov8n,720,24.024,1,1,57.0,0.571364,0.717714,"[{""label"": ""flame"", ""score"": 0.7177, ""box"": [500, 375, 690, 597]}, {""label"": ""smoke"", ""score"": 0.5714, ""box"": [1118, 13, 1279, 299]}, {""label"": ""flame"", ""score"": 0.4047, ""box"": [581, 544, 666, 601]}, {""label"": ""flame"", ""score"": 0.1263, ""box"": [698, 562, 719, 593]}, {""label"": ""smoke"", ""score"": 0.0868, ""box"": [10, 19, 889, 608]}]",1,1,1,1,1,1
barbecue,soul,720,24.024,1,1,60.1,0.0,0.911375,"[{""label"": ""flame"", ""score"": 0.9114, ""box"": [504, 382, 678, 595]}, {""label"": ""flame"", ""score"": 0.4245, ""box"": [1127, 0, 1279, 293]}, {""label"": ""flame"", ""score"": 0.0882, ""box"": [1113, 0, 1280, 298]}, {""label"": ""flame"", ""score"": 0.0568, ""box"": [145, 125, 260, 259]}]",0,1,1,0,1,1
barbecue,pyronear,720,24.024,1,1,331.2,0.0,0.0,[],0,0,0,0,0,0
barbecue,dfine,750,25.025,1,1,381.4,0.441862,0.788096,"[{""label"": ""flame"", ""score"": 0.7881, ""box"": [545, 505, 629, 567]}, {""label"": ""flame"", ""score"": 0.7001, ""box"": [660, 509, 681, 558]}, {""label"": ""smoke"", ""score"": 0.4419, ""box"": [337, 1, 657, 356]}, {""label"": ""smoke"", ""score"": 0.4106, ""box"": [325, 0, 828, 533]}, {""label"": ""smoke"", ""score"": 0.3975, ""box"": [335, 1, 662, 445]}, {""label"": ""smoke"", ""score"": 0.3237, ""box"": [330, 1, 673, 512]}, {""label"": ""smoke"", ""score"": 0.314, ""box"": [328, 0, 832, 478]}, {""label"": ""smoke"", ""score"": 0.2878, ""box"": [329, 0, 827, 456]}, {""label"": ""smoke"", ""score"": 0.2534, ""box"": [331, 1, 742, 440]}, {""label"": ""flame"", ""score"": 0.2248, ""box"": [216, 2, 339, 76]}, {""label"": ""smoke"", ""score"": 0.2137, ""box"": [311, 0, 825, 386]}, {""label"": ""smoke"", ""score"": 0.2059, ""box"": [179, 0, 839, 570]}, {""label"": ""smoke"", ""score"": 0.1983, ""box"": [188, 0, 829, 521]}, {""label"": ""smoke"", ""score"": 0.1771, ""box"": [206, 0, 681, 438]}, {""label"": ""smoke"", ""score"": 0.1765, ""box"": [225, 0, 845, 443]}, {""label"": ""smoke"", ""score"": 0.176, ""box"": [310, 0, 985, 516]}, {""label"": ""smoke"", ""score"": 0.1727, ""box"": [204, 0, 686, 413]}, {""label"": ""smoke"", ""score"": 0.1672, ""box"": [219, 0, 756, 475]}, {""label"": ""smoke"", ""score"": 0.1667, ""box"": [240, 0, 821, 369]}, {""label"": ""flame"", ""score"": 0.1652, ""box"": [137, 1, 352, 136]}, {""label"": ""smoke"", ""score"": 0.1623, ""box"": [147, 0, 835, 553]}, {""label"": ""smoke"", ""score"": 0.1578, ""box"": [181, 0, 669, 300]}, {""label"": ""smoke"", ""score"": 0.1571, ""box"": [314, 0, 1017, 503]}, {""label"": ""smoke"", ""score"": 0.1553, ""box"": [411, 3, 642, 365]}, {""label"": ""smoke"", ""score"": 0.1545, ""box"": [320, 0, 742, 467]}, {""label"": ""flame"", ""score"": 0.1483, ""box"": [231, 7, 323, 70]}, {""label"": ""flame"", ""score"": 0.1451, ""box"": [231, 2, 353, 70]}, {""label"": ""smoke"", ""score"": 0.1402, ""box"": [280, 0, 720, 473]}, {""label"": ""smoke"", ""score"": 0.1344, ""box"": [304, 0, 1269, 541]}, {""label"": ""flame"", ""score"": 0.1328, ""box"": [183, 391, 253, 496]}, {""label"": ""smoke"", ""score"": 0.1319, ""box"": [313, 0, 1105, 503]}, {""label"": ""smoke"", ""score"": 0.1317, ""box"": [166, 0, 723, 564]}, {""label"": ""smoke"", ""score"": 0.1298, ""box"": [120, 0, 743, 496]}, {""label"": ""smoke"", ""score"": 0.128, ""box"": [20, 0, 822, 546]}, {""label"": ""smoke"", ""score"": 0.1251, ""box"": [40, 0, 829, 411]}, {""label"": ""smoke"", ""score"": 0.1237, ""box"": [186, 0, 850, 548]}, {""label"": ""smoke"", ""score"": 0.1231, ""box"": [316, 0, 1092, 569]}, {""label"": ""smoke"", ""score"": 0.1225, ""box"": [109, 0, 748, 478]}, {""label"": ""smoke"", ""score"": 0.1224, ""box"": [12, 0, 818, 558]}, {""label"": ""smoke"", ""score"": 0.1204, ""box"": [43, 0, 754, 492]}, {""label"": ""smoke"", ""score"": 0.1196, ""box"": [254, 0, 1227, 555]}, {""label"": ""smoke"", ""score"": 0.1188, ""box"": [340, 0, 642, 165]}, {""label"": ""smoke"", ""score"": 0.1112, ""box"": [423, 9, 625, 324]}, {""label"": ""smoke"", ""score"": 0.1107, ""box"": [341, 1, 643, 172]}, {""label"": ""smoke"", ""score"": 0.1095, ""box"": [19, 0, 833, 576]}, {""label"": ""smoke"", ""score"": 0.1094, ""box"": [290, 0, 1264, 549]}, {""label"": ""smoke"", ""score"": 0.1072, ""box"": [503, 2, 852, 550]}, {""label"": ""smoke"", ""score"": 0.0987, ""box"": [320, 0, 836, 448]}, {""label"": ""smoke"", ""score"": 0.0979, ""box"": [216, 0, 1271, 570]}, {""label"": ""smoke"", ""score"": 0.0971, ""box"": [380, 5, 596, 308]}, {""label"": ""smoke"", ""score"": 0.0954, ""box"": [351, 0, 642, 105]}, {""label"": ""smoke"", ""score"": 0.0951, ""box"": [213, 0, 1176, 569]}, {""label"": ""smoke"", ""score"": 0.0922, ""box"": [660, 509, 681, 558]}, {""label"": ""smoke"", ""score"": 0.0911, ""box"": [105, 1, 849, 642]}, {""label"": ""smoke"", ""score"": 0.0897, ""box"": [115, 1, 845, 635]}, {""label"": ""smoke"", ""score"": 0.0895, ""box"": [105, 0, 636, 303]}, {""label"": ""smoke"", ""score"": 0.0895, ""box"": [0, 0, 854, 671]}, {""label"": ""smoke"", ""score"": 0.0887, ""box"": [158, 6, 813, 652]}, {""label"": ""smoke"", ""score"": 0.0875, ""box"": [178, 0, 1274, 592]}, {""label"": ""smoke"", ""score"": 0.087, ""box"": [545, 505, 629, 567]}, {""label"": ""smoke"", ""score"": 0.0856, ""box"": [101, 1, 849, 651]}, {""label"": ""smoke"", ""score"": 0.0831, ""box"": [360, 0, 640, 86]}, {""label"": ""smoke"", ""score"": 0.081, ""box"": [0, 0, 868, 592]}, {""label"": ""smoke"", ""score"": 0.0803, ""box"": [500, 104, 838, 535]}, {""label"": ""smoke"", ""score"": 0.0772, ""box"": [439, 173, 819, 547]}, {""label"": ""smoke"", ""score"": 0.0764, ""box"": [427, 136, 631, 376]}, {""label"": ""smoke"", ""score"": 0.0762, ""box"": [218, 0, 774, 554]}, {""label"": ""smoke"", ""score"": 0.0749, ""box"": [422, 144, 631, 378]}, {""label"": ""flame"", ""score"": 0.0737, ""box"": [545, 548, 573, 566]}, {""label"": ""smoke"", ""score"": 0.0734, ""box"": [13, 0, 1266, 571]}, {""label"": ""smoke"", ""score"": 0.0723, ""box"": [183, 391, 253, 496]}, {""label"": ""flame"", ""score"": 0.0718, ""box"": [337, 1, 657, 356]}, {""label"": ""flame"", ""score"": 0.0706, ""box"": [546, 548, 575, 566]}, {""label"": ""smoke"", ""score"": 0.0695, ""box"": [303, 0, 1043, 648]}, {""label"": ""smoke"", ""score"": 0.0693, ""box"": [419, 152, 652, 486]}, {""label"": ""smoke"", ""score"": 0.0688, ""box"": [332, 0, 784, 511]}, {""label"": ""smoke"", ""score"": 0.0679, ""box"": [429, 131, 638, 426]}, {""label"": ""smoke"", ""score"": 0.0673, ""box"": [319, -1, 1020, 671]}, {""label"": ""smoke"", ""score"": 0.0663, ""box"": [2, 0, 849, 693]}, {""label"": ""smoke"", ""score"": 0.0658, ""box"": [0, -1, 1281, 601]}, {""label"": ""smoke"", ""score"": 0.0645, ""box"": [426, 149, 654, 470]}, {""label"": ""smoke"", ""score"": 0.0642, ""box"": [329, 1, 500, 170]}, {""label"": ""smoke"", ""score"": 0.0637, ""box"": [544, 141, 848, 543]}, {""label"": ""flame"", ""score"": 0.0632, ""box"": [598, 512, 628, 557]}, {""label"": ""smoke"", ""score"": 0.0627, ""box"": [422, 102, 625, 370]}, {""label"": ""flame"", ""score"": 0.0627, ""box"": [604, 524, 628, 557]}, {""label"": ""flame"", ""score"": 0.0623, ""box"": [335, 1, 662, 445]}, {""label"": ""smoke"", ""score"": 0.0621, ""box"": [169, 0, 1274, 693]}, {""label"": ""smoke"", ""score"": 0.062, ""box"": [107, 0, 1257, 377]}, {""label"": ""flame"", ""score"": 0.0614, ""box"": [230, 36, 311, 70]}, {""label"": ""smoke"", ""score"": 0.0609, ""box"": [120, -1, 827, 648]}, {""label"": ""smoke"", ""score"": 0.0606, ""box"": [323, 0, 843, 466]}, {""label"": ""smoke"", ""score"": 0.0594, ""box"": [394, 2, 624, 322]}, {""label"": ""smoke"", ""score"": 0.0593, ""box"": [63, 0, 1246, 459]}, {""label"": ""smoke"", ""score"": 0.0586, ""box"": [4, 0, 926, 582]}, {""label"": ""smoke"", ""score"": 0.0574, ""box"": [418, 96, 593, 325]}, {""label"": ""smoke"", ""score"": 0.0559, ""box"": [392, 182, 694, 551]}, {""label"": ""smoke"", ""score"": 0.0555, ""box"": [418, 121, 608, 341]}, {""label"": ""smoke"", ""score"": 0.0555, ""box"": [358, 0, 475, 81]}, {""label"": ""smoke"", ""score"": 0.0553, ""box"": [522, 244, 834, 551]}, {""label"": ""smoke"", ""score"": 0.0551, ""box"": [340, 2, 549, 219]}, {""label"": ""smoke"", ""score"": 0.0542, ""box"": [537, 269, 846, 555]}, {""label"": ""smoke"", ""score"": 0.0534, ""box"": [424, 114, 626, 369]}, {""label"": ""flame"", ""score"": 0.0528, ""box"": [4, 0, 353, 147]}, {""label"": ""smoke"", ""score"": 0.052, ""box"": [497, 1, 640, 119]}, {""label"": ""smoke"", ""score"": 0.0516, ""box"": [1, 0, 362, 335]}, {""label"": ""flame"", ""score"": 0.0514, ""box"": [325, 0, 828, 533]}, {""label"": ""flame"", ""score"": 0.0508, ""box"": [3, 0, 353, 197]}]",1,1,0,0,1,0
barbecue,yolo,750,25.025,1,1,685.0,0.346901,0.374095,"[{""label"": ""flame"", ""score"": 0.3741, ""box"": [545, 510, 626, 565]}, {""label"": ""smoke"", ""score"": 0.3469, ""box"": [354, 3, 632, 377]}, {""label"": ""flame"", ""score"": 0.1976, ""box"": [662, 511, 680, 557]}]",1,1,0,0,0,0
barbecue,dfire_yolov8n,750,25.025,1,1,58.3,0.603136,0.603457,"[{""label"": ""flame"", ""score"": 0.6035, ""box"": [545, 508, 629, 569]}, {""label"": ""smoke"", ""score"": 0.6031, ""box"": [1096, 8, 1280, 340]}, {""label"": ""smoke"", ""score"": 0.2298, ""box"": [20, 9, 936, 558]}, {""label"": ""flame"", ""score"": 0.2235, ""box"": [659, 514, 679, 556]}]",1,1,0,1,1,0
barbecue,soul,750,25.025,1,1,61.8,0.0,0.623612,"[{""label"": ""flame"", ""score"": 0.6236, ""box"": [152, 6, 352, 139]}, {""label"": ""flame"", ""score"": 0.6173, ""box"": [545, 514, 628, 566]}, {""label"": ""flame"", ""score"": 0.4838, ""box"": [662, 513, 676, 555]}, {""label"": ""flame"", ""score"": 0.2244, ""box"": [1122, 0, 1279, 329]}, {""label"": ""flame"", ""score"": 0.0847, ""box"": [1104, 0, 1280, 322]}]",0,1,0,0,1,0
barbecue,pyronear,750,25.025,1,1,350.7,0.0,0.0,[],0,0,0,0,0,0
barbecue,dfine,780,26.026,1,1,366.3,0.56487,0.75379,"[{""label"": ""flame"", ""score"": 0.7538, ""box"": [549, 480, 633, 541]}, {""label"": ""flame"", ""score"": 0.6542, ""box"": [666, 481, 687, 531]}, {""label"": ""smoke"", ""score"": 0.5649, ""box"": [501, 1, 817, 414]}, {""label"": ""smoke"", ""score"": 0.5097, ""box"": [490, 2, 832, 505]}, {""label"": ""smoke"", ""score"": 0.3048, ""box"": [507, 1, 817, 165]}, {""label"": ""smoke"", ""score"": 0.3027, ""box"": [369, 1, 846, 526]}, {""label"": ""smoke"", ""score"": 0.2851, ""box"": [331, 1, 841, 430]}, {""label"": ""smoke"", ""score"": 0.276, ""box"": [299, 1, 843, 433]}, {""label"": ""smoke"", ""score"": 0.2715, ""box"": [396, 1, 839, 442]}, {""label"": ""smoke"", ""score"": 0.2678, ""box"": [306, 1, 843, 468]}, {""label"": ""flame"", ""score"": 0.2671, ""box"": [616, 505, 633, 530]}, {""label"": ""smoke"", ""score"": 0.2606, ""box"": [501, 1, 818, 219]}, {""label"": ""smoke"", ""score"": 0.2039, ""box"": [160, 0, 843, 433]}, {""label"": ""smoke"", ""score"": 0.1983, ""box"": [560, 4, 720, 406]}, {""label"": ""smoke"", ""score"": 0.1921, ""box"": [177, 0, 843, 453]}, {""label"": ""smoke"", ""score"": 0.1806, ""box"": [501, 1, 819, 195]}, {""label"": ""smoke"", ""score"": 0.1786, ""box"": [154, 0, 848, 483]}, {""label"": ""flame"", ""score"": 0.1739, ""box"": [143, 0, 323, 104]}, {""label"": ""smoke"", ""score"": 0.1703, ""box"": [138, 0, 862, 507]}, {""label"": ""smoke"", ""score"": 0.1683, ""box"": [348, 1, 841, 435]}, {""label"": ""smoke"", ""score"": 0.1662, ""box"": [159, 1, 838, 390]}, {""label"": ""smoke"", ""score"": 0.1625, ""box"": [19, 0, 870, 530]}, {""label"": ""smoke"", ""score"": 0.1621, ""box"": [570, 4, 715, 419]}, {""label"": ""smoke"", ""score"": 0.1581, ""box"": [359, 0, 956, 538]}, {""label"": ""smoke"", ""score"": 0.1528, ""box"": [353, 0, 972, 535]}, {""label"": ""smoke"", ""score"": 0.1467, ""box"": [433, 0, 848, 274]}, {""label"": ""smoke"", ""score"": 0.1457, ""box"": [421, 0, 837, 243]}, {""label"": ""flame"", ""score"": 0.144, ""box"": [228, 0, 315, 42]}, {""label"": ""smoke"", ""score"": 0.1412, ""box"": [571, 5, 710, 409]}, {""label"": ""flame"", ""score"": 0.1361, ""box"": [185, 0, 319, 58]}, {""label"": ""smoke"", ""score"": 0.1346, ""box"": [499, 3, 729, 458]}, {""label"": ""smoke"", ""score"": 0.1336, ""box"": [232, 0, 858, 572]}, {""label"": ""smoke"", ""score"": 0.1313, ""box"": [87, 0, 893, 551]}, {""label"": ""smoke"", ""score"": 0.1309, ""box"": [29, 0, 884, 549]}, {""label"": ""smoke"", ""score"": 0.1288, ""box"": [110, 0, 900, 536]}, {""label"": ""smoke"", ""score"": 0.1249, ""box"": [42, 0, 873, 567]}, {""label"": ""smoke"", ""score"": 0.1236, ""box"": [521, 1, 797, 328]}, {""label"": ""smoke"", ""score"": 0.1228, ""box"": [141, 0, 861, 596]}, {""label"": ""smoke"", ""score"": 0.1206, ""box"": [376, 0, 949, 514]}, {""label"": ""flame"", ""score"": 0.1201, ""box"": [552, 514, 591, 539]}, {""label"": ""smoke"", ""score"": 0.1135, ""box"": [467, 0, 1067, 481]}, {""label"": ""smoke"", ""score"": 0.1131, ""box"": [304, 0, 1267, 533]}, {""label"": ""smoke"", ""score"": 0.1113, ""box"": [440, 0, 1121, 523]}, {""label"": ""smoke"", ""score"": 0.1111, ""box"": [595, 160, 689, 415]}, {""label"": ""smoke"", ""score"": 0.1105, ""box"": [502, 4, 729, 482]}, {""label"": ""smoke"", ""score"": 0.1105, ""box"": [97, 0, 870, 643]}, {""label"": ""smoke"", ""score"": 0.1101, ""box"": [296, 0, 1265, 535]}, {""label"": ""smoke"", ""score"": 0.1094, ""box"": [395, 0, 1162, 537]}, {""label"": ""smoke"", ""score"": 0.1048, ""box"": [510, 1, 780, 321]}, {""label"": ""smoke"", ""score"": 0.1046, ""box"": [517, 1, 768, 323]}, {""label"": ""smoke"", ""score"": 0.1028, ""box"": [46, 0, 862, 597]}, {""label"": ""flame"", ""score"": 0.1002, ""box"": [545, 466, 692, 544]}, {""label"": ""smoke"", ""score"": 0.1002, ""box"": [8, 0, 996, 546]}, {""label"": ""smoke"", ""score"": 0.099, ""box"": [58, 0, 983, 425]}, {""label"": ""smoke"", ""score"": 0.0987, ""box"": [417, 0, 1065, 516]}, {""label"": ""smoke"", ""score"": 0.0976, ""box"": [459, -5, 950, 577]}, {""label"": ""flame"", ""score"": 0.0948, ""box"": [594, 484, 614, 509]}, {""label"": ""smoke"", ""score"": 0.0915, ""box"": [0, 0, 864, 689]}, {""label"": ""flame"", ""score"": 0.0891, ""box"": [543, 456, 702, 544]}, {""label"": ""smoke"", ""score"": 0.089, ""box"": [549, 480, 633, 541]}, {""label"": ""smoke"", ""score"": 0.0862, ""box"": [19, 0, 905, 321]}, {""label"": ""smoke"", ""score"": 0.0855, ""box"": [666, 481, 687, 531]}, {""label"": ""smoke"", ""score"": 0.0829, ""box"": [526, 1, 807, 117]}, {""label"": ""flame"", ""score"": 0.0826, ""box"": [161, 329, 257, 472]}, {""label"": ""smoke"", ""score"": 0.0825, ""box"": [19, 0, 1001, 565]}, {""label"": ""flame"", ""score"": 0.0819, ""box"": [566, 484, 613, 509]}, {""label"": ""smoke"", ""score"": 0.0817, ""box"": [161, 0, 1267, 622]}, {""label"": ""flame"", ""score"": 0.0814, ""box"": [566, 483, 613, 510]}, {""label"": ""smoke"", ""score"": 0.0814, ""box"": [7, 0, 852, 681]}, {""label"": ""smoke"", ""score"": 0.081, ""box"": [-3, 0, 872, 688]}, {""label"": ""smoke"", ""score"": 0.0806, ""box"": [34, 0, 930, 533]}, {""label"": ""smoke"", ""score"": 0.0794, ""box"": [14, 0, 1042, 558]}, {""label"": ""smoke"", ""score"": 0.0778, ""box"": [0, 0, 881, 702]}, {""label"": ""smoke"", ""score"": 0.0743, ""box"": [73, 0, 842, 192]}, {""label"": ""smoke"", ""score"": 0.0738, ""box"": [0, 0, 1280, 574]}, {""label"": ""smoke"", ""score"": 0.0731, ""box"": [11, 0, 1269, 623]}, {""label"": ""smoke"", ""score"": 0.0725, ""box"": [492, 1, 822, 478]}, {""label"": ""smoke"", ""score"": 0.0713, ""box"": [530, 1, 811, 89]}, {""label"": ""smoke"", ""score"": 0.0708, ""box"": [433, 1, 947, 699]}, {""label"": ""smoke"", ""score"": 0.0704, ""box"": [388, 0, 956, 541]}, {""label"": ""smoke"", ""score"": 0.0694, ""box"": [588, 171, 690, 478]}, {""label"": ""smoke"", ""score"": 0.0664, ""box"": [589, 169, 691, 481]}, {""label"": ""smoke"", ""score"": 0.066, ""box"": [64, 1, 894, 685]}, {""label"": ""smoke"", ""score"": 0.0643, ""box"": [0, 0, 1279, 566]}, {""label"": ""smoke"", ""score"": 0.0642, ""box"": [513, 1, 800, 321]}, {""label"": ""smoke"", ""score"": 0.0641, ""box"": [584, 176, 689, 480]}, {""label"": ""smoke"", ""score"": 0.064, ""box"": [453, 2, 917, 676]}, {""label"": ""smoke"", ""score"": 0.063, ""box"": [227, 0, 1270, 659]}, {""label"": ""smoke"", ""score"": 0.0627, ""box"": [593, 144, 695, 419]}, {""label"": ""smoke"", ""score"": 0.0624, ""box"": [0, 0, 941, 701]}, {""label"": ""smoke"", ""score"": 0.0616, ""box"": [0, 0, 1280, 718]}, {""label"": ""flame"", ""score"": 0.0609, ""box"": [501, 1, 817, 414]}, {""label"": ""smoke"", ""score"": 0.0606, ""box"": [143, 0, 323, 104]}, {""label"": ""flame"", ""score"": 0.0602, ""box"": [143, 43, 247, 104]}, {""label"": ""smoke"", ""score"": 0.0582, ""box"": [1, 0, 1032, 697]}, {""label"": ""smoke"", ""score"": 0.0577, ""box"": [516, 3, 723, 412]}, {""label"": ""smoke"", ""score"": 0.0573, ""box"": [498, 1, 822, 291]}, {""label"": ""flame"", ""score"": 0.0571, ""box"": [143, 0, 436, 105]}, {""label"": ""smoke"", ""score"": 0.0569, ""box"": [527, 3, 725, 413]}, {""label"": ""smoke"", ""score"": 0.0569, ""box"": [22, 0, 1250, 370]}, {""label"": ""smoke"", ""score"": 0.0558, ""box"": [554, 1, 806, 83]}, {""label"": ""smoke"", ""score"": 0.0545, ""box"": [212, 1, 977, 689]}, {""label"": ""flame"", ""score"": 0.0544, ""box"": [369, 1, 846, 526]}, {""label"": ""flame"", ""score"": 0.0543, ""box"": [490, 2, 832, 505]}, {""label"": ""flame"", ""score"": 0.0527, ""box"": [566, 488, 599, 509]}, {""label"": ""flame"", ""score"": 0.051, ""box"": [668, 488, 685, 530]}, {""label"": ""smoke"", ""score"": 0.051, ""box"": [324, 0, 1255, 706]}, {""label"": ""smoke"", ""score"": 0.0509, ""box"": [33, 1, 1022, 646]}]",1,1,0,1,1,0
barbecue,yolo,780,26.026,1,1,739.0,0.602588,0.302559,"[{""label"": ""smoke"", ""score"": 0.6026, ""box"": [516, 4, 823, 418]}, {""label"": ""flame"", ""score"": 0.3026, ""box"": [668, 481, 685, 529]}, {""label"": ""flame"", ""score"": 0.2363, ""box"": [551, 485, 632, 540]}]",1,1,0,1,0,0
barbecue,dfire_yolov8n,780,26.026,1,1,49.7,0.553582,0.54978,"[{""label"": ""smoke"", ""score"": 0.5536, ""box"": [1142, 16, 1280, 285]}, {""label"": ""flame"", ""score"": 0.5498, ""box"": [550, 481, 634, 539]}, {""label"": ""smoke"", ""score"": 0.373, ""box"": [517, 10, 920, 412]}, {""label"": ""flame"", ""score"": 0.1059, ""box"": [665, 488, 686, 529]}]",1,1,0,1,1,0
barbecue,soul,780,26.026,1,1,57.3,0.0,0.744347,"[{""label"": ""flame"", ""score"": 0.7443, ""box"": [149, 0, 306, 105]}, {""label"": ""flame"", ""score"": 0.5941, ""box"": [551, 483, 632, 538]}, {""label"": ""flame"", ""score"": 0.52, ""box"": [669, 486, 683, 529]}, {""label"": ""flame"", ""score"": 0.516, ""box"": [1140, 1, 1279, 275]}]",0,1,0,0,1,0
barbecue,pyronear,780,26.026,1,1,298.7,0.0,0.0,[],0,0,0,0,0,0
barbecue,dfine,810,27.027,1,1,391.9,0.545846,0.564989,"[{""label"": ""flame"", ""score"": 0.565, ""box"": [536, 414, 705, 539]}, {""label"": ""flame"", ""score"": 0.5591, ""box"": [535, 369, 716, 538]}, {""label"": ""flame"", ""score"": 0.552, ""box"": [538, 477, 637, 538]}, {""label"": ""smoke"", ""score"": 0.5458, ""box"": [286, 6, 694, 447]}, {""label"": ""flame"", ""score"": 0.5386, ""box"": [670, 491, 686, 529]}, {""label"": ""flame"", ""score"": 0.3778, ""box"": [696, 368, 715, 394]}, {""label"": ""smoke"", ""score"": 0.3723, ""box"": [263, 2, 830, 450]}, {""label"": ""smoke"", ""score"": 0.3687, ""box"": [380, 84, 680, 433]}, {""label"": ""smoke"", ""score"": 0.3675, ""box"": [270, 2, 835, 433]}, {""label"": ""smoke"", ""score"": 0.354, ""box"": [399, 104, 651, 420]}, {""label"": ""smoke"", ""score"": 0.3323, ""box"": [260, 2, 836, 515]}, {""label"": ""flame"", ""score"": 0.3149, ""box"": [605, 481, 636, 531]}, {""label"": ""smoke"", ""score"": 0.3053, ""box"": [245, 1, 712, 524]}, {""label"": ""smoke"", ""score"": 0.2796, ""box"": [368, 77, 708, 498]}, {""label"": ""smoke"", ""score"": 0.2741, ""box"": [385, 79, 706, 486]}, {""label"": ""flame"", ""score"": 0.265, ""box"": [631, 418, 703, 486]}, {""label"": ""smoke"", ""score"": 0.2557, ""box"": [367, 13, 663, 417]}, {""label"": ""flame"", ""score"": 0.2346, ""box"": [601, 417, 704, 526]}, {""label"": ""flame"", ""score"": 0.2266, ""box"": [606, 417, 704, 492]}, {""label"": ""smoke"", ""score"": 0.2208, ""box"": [389, 93, 602, 391]}, {""label"": ""smoke"", ""score"": 0.2171, ""box"": [276, 3, 655, 379]}, {""label"": ""smoke"", ""score"": 0.2139, ""box"": [375, 7, 712, 503]}, {""label"": ""flame"", ""score"": 0.2094, ""box"": [636, 418, 704, 529]}, {""label"": ""flame"", ""score"": 0.2076, ""box"": [611, 369, 715, 491]}, {""label"": ""smoke"", ""score"": 0.1997, ""box"": [151, 1, 718, 483]}, {""label"": ""flame"", ""score"": 0.1994, ""box"": [671, 365, 716, 400]}, {""label"": ""smoke"", ""score"": 0.1892, ""box"": [148, 1, 712, 470]}, {""label"": ""flame"", ""score"": 0.186, ""box"": [537, 510, 593, 536]}, {""label"": ""smoke"", ""score"": 0.1833, ""box"": [381, 99, 706, 505]}, {""label"": ""smoke"", ""score"": 0.1699, ""box"": [97, 1, 858, 485]}, {""label"": ""flame"", ""score"": 0.1676, ""box"": [571, 490, 593, 509]}, {""label"": ""smoke"", ""score"": 0.1651, ""box"": [47, 1, 845, 474]}, {""label"": ""flame"", ""score"": 0.1632, ""box"": [620, 368, 716, 498]}, {""label"": ""smoke"", ""score"": 0.1583, ""box"": [244, 0, 972, 448]}, {""label"": ""flame"", ""score"": 0.1582, ""box"": [542, 513, 595, 537]}, {""label"": ""smoke"", ""score"": 0.1569, ""box"": [434, 144, 654, 411]}, {""label"": ""smoke"", ""score"": 0.1551, ""box"": [121, 1, 725, 541]}, {""label"": ""smoke"", ""score"": 0.1527, ""box"": [146, 1, 706, 476]}, {""label"": ""smoke"", ""score"": 0.1487, ""box"": [41, 1, 746, 474]}, {""label"": ""smoke"", ""score"": 0.1359, ""box"": [265, 3, 637, 345]}, {""label"": ""smoke"", ""score"": 0.1336, ""box"": [264, 1, 850, 494]}, {""label"": ""smoke"", ""score"": 0.1301, ""box"": [66, 1, 850, 538]}, {""label"": ""smoke"", ""score"": 0.1296, ""box"": [317, 95, 714, 529]}, {""label"": ""smoke"", ""score"": 0.1288, ""box"": [244, 0, 983, 544]}, {""label"": ""smoke"", ""score"": 0.1206, ""box"": [150, 0, 1264, 494]}, {""label"": ""smoke"", ""score"": 0.1205, ""box"": [226, 0, 1155, 455]}, {""label"": ""flame"", ""score"": 0.1177, ""box"": [682, 366, 717, 413]}, {""label"": ""smoke"", ""score"": 0.1162, ""box"": [24, 1, 778, 524]}, {""label"": ""smoke"", ""score"": 0.1113, ""box"": [231, 1, 1153, 537]}, {""label"": ""smoke"", ""score"": 0.1081, ""box"": [30, 0, 868, 532]}, {""label"": ""smoke"", ""score"": 0.1066, ""box"": [535, 369, 716, 538]}, {""label"": ""smoke"", ""score"": 0.1026, ""box"": [182, 0, 1258, 516]}, {""label"": ""smoke"", ""score"": 0.1002, ""box"": [631, 418, 703, 486]}, {""label"": ""flame"", ""score"": 0.0994, ""box"": [550, 517, 618, 537]}, {""label"": ""flame"", ""score"": 0.0986, ""box"": [571, 483, 627, 510]}, {""label"": ""smoke"", ""score"": 0.0985, ""box"": [88, 0, 1265, 539]}, {""label"": ""flame"", ""score"": 0.0973, ""box"": [541, 485, 685, 538]}, {""label"": ""flame"", ""score"": 0.0965, ""box"": [537, 509, 571, 524]}, {""label"": ""flame"", ""score"": 0.0962, ""box"": [231, 0, 312, 33]}, {""label"": ""smoke"", ""score"": 0.0959, ""box"": [455, 175, 658, 422]}, {""label"": ""flame"", ""score"": 0.0947, ""box"": [655, 367, 716, 477]}, {""label"": ""smoke"", ""score"": 0.0923, ""box"": [146, 0, 1117, 539]}, {""label"": ""smoke"", ""score"": 0.0919, ""box"": [277, 4, 578, 253]}, {""label"": ""smoke"", ""score"": 0.0915, ""box"": [464, 212, 658, 424]}, {""label"": ""smoke"", ""score"": 0.0914, ""box"": [279, 3, 577, 263]}, {""label"": ""smoke"", ""score"": 0.0906, ""box"": [462, 214, 683, 432]}, {""label"": ""smoke"", ""score"": 0.0904, ""box"": [448, 192, 696, 487]}, {""label"": ""smoke"", ""score"": 0.0894, ""box"": [606, 417, 704, 492]}, {""label"": ""flame"", ""score"": 0.0889, ""box"": [627, 366, 715, 433]}, {""label"": ""smoke"", ""score"": 0.0886, ""box"": [164, 1, 713, 452]}, {""label"": ""smoke"", ""score"": 0.0864, ""box"": [457, 202, 706, 489]}, {""label"": ""smoke"", ""score"": 0.0857, ""box"": [464, 218, 708, 475]}, {""label"": ""smoke"", ""score"": 0.0841, ""box"": [611, 369, 715, 491]}, {""label"": ""flame"", ""score"": 0.0839, ""box"": [601, 420, 703, 530]}, {""label"": ""smoke"", ""score"": 0.0809, ""box"": [536, 414, 705, 539]}, {""label"": ""smoke"", ""score"": 0.0797, ""box"": [460, 209, 687, 453]}, {""label"": ""smoke"", ""score"": 0.0796, ""box"": [390, 14, 589, 368]}, {""label"": ""flame"", ""score"": 0.0789, ""box"": [666, 366, 693, 393]}, {""label"": ""smoke"", ""score"": 0.0787, ""box"": [355, 8, 583, 363]}, {""label"": ""smoke"", ""score"": 0.0783, ""box"": [211, 4, 852, 677]}, {""label"": ""smoke"", ""score"": 0.078, ""box"": [472, 209, 711, 456]}, {""label"": ""smoke"", ""score"": 0.0767, ""box"": [492, 255, 711, 483]}, {""label"": ""smoke"", ""score"": 0.0765, ""box"": [538, 477, 637, 538]}, {""label"": ""flame"", ""score"": 0.0751, ""box"": [191, 0, 314, 49]}, {""label"": ""smoke"", ""score"": 0.0747, ""box"": [670, 491, 686, 529]}, {""label"": ""smoke"", ""score"": 0.0746, ""box"": [55, 0, 1262, 575]}, {""label"": ""smoke"", ""score"": 0.0744, ""box"": [95, 1, 1235, 558]}, {""label"": ""smoke"", ""score"": 0.0742, ""box"": [281, 0, 822, 220]}, {""label"": ""smoke"", ""score"": 0.0727, ""box"": [9, 0, 1279, 600]}, {""label"": ""smoke"", ""score"": 0.0721, ""box"": [601, 417, 704, 526]}, {""label"": ""smoke"", ""score"": 0.0719, ""box"": [459, 200, 671, 449]}, {""label"": ""smoke"", ""score"": 0.0715, ""box"": [627, 366, 715, 433]}, {""label"": ""smoke"", ""score"": 0.0712, ""box"": [428, 172, 717, 523]}, {""label"": ""smoke"", ""score"": 0.0688, ""box"": [54, 1, 1265, 541]}, {""label"": ""smoke"", ""score"": 0.0687, ""box"": [6, 1, 837, 629]}, {""label"": ""flame"", ""score"": 0.0678, ""box"": [226, 0, 313, 36]}, {""label"": ""flame"", ""score"": 0.0678, ""box"": [656, 463, 677, 481]}, {""label"": ""smoke"", ""score"": 0.0674, ""box"": [696, 368, 715, 394]}, {""label"": ""smoke"", ""score"": 0.0673, ""box"": [373, 82, 701, 495]}, {""label"": ""flame"", ""score"": 0.0673, ""box"": [672, 511, 685, 529]}, {""label"": ""smoke"", ""score"": 0.0673, ""box"": [320, 5, 579, 327]}, {""label"": ""flame"", ""score"": 0.067, ""box"": [671, 493, 685, 529]}, {""label"": ""smoke"", ""score"": 0.0665, ""box"": [267, 0, 529, 78]}, {""label"": ""smoke"", ""score"": 0.0665, ""box"": [388, 86, 577, 305]}, {""label"": ""smoke"", ""score"": 0.0663, ""box"": [265, 1, 545, 136]}, {""label"": ""smoke"", ""score"": 0.0661, ""box"": [168, 0, 1253, 546]}, {""label"": ""smoke"", ""score"": 0.0659, ""box"": [495, 276, 715, 531]}, {""label"": ""smoke"", ""score"": 0.0654, ""box"": [620, 368, 716, 498]}, {""label"": ""smoke"", ""score"": 0.0639, ""box"": [318, 5, 567, 266]}, {""label"": ""smoke"", ""score"": 0.062, ""box"": [468, 241, 718, 514]}, {""label"": ""smoke"", ""score"": 0.0613, ""box"": [143, 1, 829, 541]}, {""label"": ""flame"", ""score"": 0.0609, ""box"": [534, 419, 644, 539]}, {""label"": ""smoke"", ""score"": 0.0606, ""box"": [298, 131, 319, 160]}, {""label"": ""smoke"", ""score"": 0.0602, ""box"": [439, 195, 711, 520]}, {""label"": ""flame"", ""score"": 0.0592, ""box"": [556, 525, 586, 537]}, {""label"": ""smoke"", ""score"": 0.0588, ""box"": [605, 481, 636, 531]}, {""label"": ""smoke"", ""score"": 0.0566, ""box"": [509, 13, 860, 524]}, {""label"": ""smoke"", ""score"": 0.0563, ""box"": [342, 7, 576, 304]}, {""label"": ""smoke"", ""score"": 0.0563, ""box"": [174, 3, 837, 665]}, {""label"": ""smoke"", ""score"": 0.0551, ""box"": [347, 6, 577, 304]}, {""label"": ""flame"", ""score"": 0.0548, ""box"": [146, 321, 259, 465]}, {""label"": ""flame"", ""score"": 0.0545, ""box"": [568, 474, 601, 510]}, {""label"": ""smoke"", ""score"": 0.0537, ""box"": [636, 418, 704, 529]}, {""label"": ""smoke"", ""score"": 0.0532, ""box"": [527, 271, 713, 494]}, {""label"": ""flame"", ""score"": 0.0526, ""box"": [149, 322, 258, 464]}, {""label"": ""smoke"", ""score"": 0.0525, ""box"": [383, 10, 718, 439]}, {""label"": ""smoke"", ""score"": 0.0524, ""box"": [65, 1, 979, 619]}, {""label"": ""smoke"", ""score"": 0.0522, ""box"": [60, 0, 1257, 567]}, {""label"": ""smoke"", ""score"": 0.052, ""box"": [216, 0, 1213, 697]}, {""label"": ""smoke"", ""score"": 0.051, ""box"": [269, 1, 470, 107]}, {""label"": ""smoke"", ""score"": 0.0506, ""box"": [494, 0, 1277, 536]}, {""label"": ""smoke"", ""score"": 0.0505, ""box"": [385, 74, 576, 294]}, {""label"": ""smoke"", ""score"": 0.0502, ""box"": [29, 3, 856, 688]}]",1,1,1,1,1,1
barbecue,yolo,810,27.027,1,1,721.6,0.210862,0.321158,"[{""label"": ""flame"", ""score"": 0.3212, ""box"": [538, 397, 708, 536]}, {""label"": ""flame"", ""score"": 0.2748, ""box"": [538, 480, 637, 538]}, {""label"": ""smoke"", ""score"": 0.2109, ""box"": [279, 3, 689, 459]}, {""label"": ""flame"", ""score"": 0.1468, ""box"": [671, 494, 685, 528]}, {""label"": ""flame"", ""score"": 0.0637, ""box"": [695, 368, 716, 392]}, {""label"": ""flame"", ""score"": 0.0567, ""box"": [539, 510, 622, 537]}]",0,1,1,0,0,0
barbecue,dfire_yolov8n,810,27.027,1,1,57.1,0.499883,0.222516,"[{""label"": ""smoke"", ""score"": 0.4999, ""box"": [450, 18, 705, 506]}, {""label"": ""smoke"", ""score"": 0.3553, ""box"": [1143, 16, 1279, 275]}, {""label"": ""flame"", ""score"": 0.2225, ""box"": [671, 499, 687, 528]}, {""label"": ""flame"", ""score"": 0.2165, ""box"": [545, 480, 639, 536]}, {""label"": ""flame"", ""score"": 0.1831, ""box"": [547, 509, 627, 537]}]",1,0,0,0,0,0
barbecue,soul,810,27.027,1,1,52.5,0.0,0.805483,"[{""label"": ""flame"", ""score"": 0.8055, ""box"": [543, 423, 702, 534]}, {""label"": ""flame"", ""score"": 0.2627, ""box"": [1155, 0, 1279, 297]}, {""label"": ""flame"", ""score"": 0.1383, ""box"": [105, 0, 310, 118]}, {""label"": ""flame"", ""score"": 0.0928, ""box"": [156, 46, 254, 103]}]",0,1,0,0,1,0
barbecue,pyronear,810,27.027,1,1,308.7,0.0,0.0,[],0,0,0,0,0,0
barbecue,dfine,840,28.028,1,1,383.2,0.469091,0.774036,"[{""label"": ""flame"", ""score"": 0.774, ""box"": [550, 464, 636, 524]}, {""label"": ""flame"", ""score"": 0.6975, ""box"": [667, 467, 690, 516]}, {""label"": ""smoke"", ""score"": 0.4691, ""box"": [385, 6, 668, 368]}, {""label"": ""smoke"", ""score"": 0.3988, ""box"": [371, 2, 800, 371]}, {""label"": ""smoke"", ""score"": 0.377, ""box"": [368, 2, 827, 505]}, {""label"": ""smoke"", ""score"": 0.2802, ""box"": [287, 1, 815, 402]}, {""label"": ""smoke"", ""score"": 0.2768, ""box"": [370, 3, 840, 460]}, {""label"": ""smoke"", ""score"": 0.2754, ""box"": [379, 5, 682, 512]}, {""label"": ""smoke"", ""score"": 0.2616, ""box"": [378, 5, 686, 502]}, {""label"": ""smoke"", ""score"": 0.2556, ""box"": [247, 1, 823, 364]}, {""label"": ""smoke"", ""score"": 0.2529, ""box"": [319, 2, 680, 400]}, {""label"": ""smoke"", ""score"": 0.2506, ""box"": [283, 1, 696, 373]}, {""label"": ""smoke"", ""score"": 0.2371, ""box"": [373, 4, 751, 455]}, {""label"": ""smoke"", ""score"": 0.2108, ""box"": [294, 1, 693, 480]}, {""label"": ""smoke"", ""score"": 0.2085, ""box"": [228, 0, 797, 407]}, {""label"": ""smoke"", ""score"": 0.2024, ""box"": [207, 1, 743, 369]}, {""label"": ""smoke"", ""score"": 0.1987, ""box"": [183, 0, 843, 445]}, {""label"": ""flame"", ""score"": 0.1949, ""box"": [615, 493, 634, 515]}, {""label"": ""smoke"", ""score"": 0.1919, ""box"": [183, 0, 822, 371]}, {""label"": ""smoke"", ""score"": 0.188, ""box"": [195, 0, 820, 386]}, {""label"": ""flame"", ""score"": 0.181, ""box"": [566, 465, 617, 495]}, {""label"": ""smoke"", ""score"": 0.1773, ""box"": [176, 0, 816, 457]}, {""label"": ""smoke"", ""score"": 0.1759, ""box"": [156, 0, 821, 455]}, {""label"": ""smoke"", ""score"": 0.1653, ""box"": [16, 0, 845, 502]}, {""label"": ""smoke"", ""score"": 0.1645, ""box"": [219, 1, 827, 459]}, {""label"": ""smoke"", ""score"": 0.1603, ""box"": [179, 0, 821, 413]}, {""label"": ""smoke"", ""score"": 0.1597, ""box"": [64, 0, 825, 505]}, {""label"": ""smoke"", ""score"": 0.1584, ""box"": [37, 0, 830, 355]}, {""label"": ""smoke"", ""score"": 0.157, ""box"": [32, 0, 865, 516]}, {""label"": ""smoke"", ""score"": 0.1567, ""box"": [388, 41, 660, 500]}, {""label"": ""smoke"", ""score"": 0.1561, ""box"": [269, 1, 750, 550]}, {""label"": ""smoke"", ""score"": 0.1513, ""box"": [21, 0, 847, 482]}, {""label"": ""smoke"", ""score"": 0.1465, ""box"": [275, 0, 1277, 522]}, {""label"": ""smoke"", ""score"": 0.142, ""box"": [261, 0, 1276, 524]}, {""label"": ""flame"", ""score"": 0.1396, ""box"": [552, 494, 634, 523]}, {""label"": ""smoke"", ""score"": 0.1368, ""box"": [399, 107, 638, 366]}, {""label"": ""flame"", ""score"": 0.1356, ""box"": [598, 465, 618, 493]}, {""label"": ""flame"", ""score"": 0.132, ""box"": [568, 474, 592, 494]}, {""label"": ""smoke"", ""score"": 0.124, ""box"": [29, 0, 822, 454]}, {""label"": ""smoke"", ""score"": 0.1227, ""box"": [328, 1, 968, 481]}, {""label"": ""smoke"", ""score"": 0.1217, ""box"": [271, 1, 724, 565]}, {""label"": ""smoke"", ""score"": 0.1204, ""box"": [249, 0, 914, 509]}, {""label"": ""smoke"", ""score"": 0.1143, ""box"": [191, 0, 866, 547]}, {""label"": ""smoke"", ""score"": 0.1133, ""box"": [319, 1, 1042, 483]}, {""label"": ""smoke"", ""score"": 0.1132, ""box"": [318, 0, 1058, 528]}, {""label"": ""smoke"", ""score"": 0.1123, ""box"": [346, 0, 1259, 438]}, {""label"": ""smoke"", ""score"": 0.1102, ""box"": [393, 135, 654, 502]}, {""label"": ""smoke"", ""score"": 0.1065, ""box"": [147, 0, 850, 608]}, {""label"": ""smoke"", ""score"": 0.1062, ""box"": [302, 0, 1127, 525]}, {""label"": ""smoke"", ""score"": 0.1018, ""box"": [397, 1, 1276, 432]}, {""label"": ""smoke"", ""score"": 0.0982, ""box"": [165, 0, 1278, 581]}, {""label"": ""smoke"", ""score"": 0.0978, ""box"": [19, 0, 1276, 541]}, {""label"": ""smoke"", ""score"": 0.0956, ""box"": [550, 464, 636, 524]}, {""label"": ""smoke"", ""score"": 0.095, ""box"": [400, 149, 633, 367]}, {""label"": ""smoke"", ""score"": 0.092, ""box"": [401, 172, 630, 369]}, {""label"": ""smoke"", ""score"": 0.0915, ""box"": [399, 136, 815, 512]}, {""label"": ""smoke"", ""score"": 0.09, ""box"": [402, 166, 631, 368]}, {""label"": ""flame"", ""score"": 0.0896, ""box"": [553, 499, 593, 522]}, {""label"": ""smoke"", ""score"": 0.0878, ""box"": [363, 0, 1006, 532]}, {""label"": ""smoke"", ""score"": 0.0877, ""box"": [398, 169, 622, 369]}, {""label"": ""smoke"", ""score"": 0.0845, ""box"": [51, 0, 1268, 392]}, {""label"": ""smoke"", ""score"": 0.084, ""box"": [255, 1, 764, 389]}, {""label"": ""smoke"", ""score"": 0.0837, ""box"": [400, 188, 616, 370]}, {""label"": ""flame"", ""score"": 0.0828, ""box"": [566, 472, 595, 494]}, {""label"": ""flame"", ""score"": 0.0824, ""box"": [181, 0, 293, 35]}, {""label"": ""smoke"", ""score"": 0.0822, ""box"": [389, 1, 801, 245]}, {""label"": ""smoke"", ""score"": 0.0822, ""box"": [403, 207, 670, 509]}, {""label"": ""smoke"", ""score"": 0.081, ""box"": [324, 0, 811, 248]}, {""label"": ""smoke"", ""score"": 0.0803, ""box"": [398, 100, 729, 507]}, {""label"": ""smoke"", ""score"": 0.0803, ""box"": [32, 0, 1066, 535]}, {""label"": ""smoke"", ""score"": 0.0798, ""box"": [667, 467, 690, 516]}, {""label"": ""smoke"", ""score"": 0.0795, ""box"": [6, 0, 1273, 605]}, {""label"": ""smoke"", ""score"": 0.0756, ""box"": [415, 200, 624, 374]}, {""label"": ""smoke"", ""score"": 0.0752, ""box"": [406, 80, 822, 507]}, {""label"": ""smoke"", ""score"": 0.0746, ""box"": [418, 2, 657, 194]}, {""label"": ""smoke"", ""score"": 0.0729, ""box"": [65, 2, 839, 637]}, {""label"": ""smoke"", ""score"": 0.0727, ""box"": [1, 0, 890, 659]}, {""label"": ""smoke"", ""score"": 0.0723, ""box"": [427, 200, 829, 510]}, {""label"": ""smoke"", ""score"": 0.0706, ""box"": [1, 0, 1280, 714]}, {""label"": ""smoke"", ""score"": 0.0705, ""box"": [29, 0, 1227, 524]}, {""label"": ""smoke"", ""score"": 0.0667, ""box"": [236, 1, 731, 547]}, {""label"": ""smoke"", ""score"": 0.0652, ""box"": [421, 4, 644, 217]}, {""label"": ""flame"", ""score"": 0.0646, ""box"": [547, 459, 692, 526]}, {""label"": ""smoke"", ""score"": 0.064, ""box"": [418, 7, 645, 271]}, {""label"": ""smoke"", ""score"": 0.0635, ""box"": [410, 190, 628, 368]}, {""label"": ""smoke"", ""score"": 0.0633, ""box"": [1, 0, 912, 702]}, {""label"": ""smoke"", ""score"": 0.0629, ""box"": [459, 76, 644, 355]}, {""label"": ""smoke"", ""score"": 0.0625, ""box"": [0, 0, 1280, 670]}, {""label"": ""smoke"", ""score"": 0.0625, ""box"": [401, 199, 631, 422]}, {""label"": ""smoke"", ""score"": 0.0613, ""box"": [453, 127, 644, 362]}, {""label"": ""smoke"", ""score"": 0.0607, ""box"": [438, 1, 667, 133]}, {""label"": ""smoke"", ""score"": 0.0603, ""box"": [0, 1, 853, 699]}, {""label"": ""smoke"", ""score"": 0.0595, ""box"": [234, 0, 1275, 706]}, {""label"": ""flame"", ""score"": 0.0581, ""box"": [319, 411, 435, 616]}, {""label"": ""smoke"", ""score"": 0.0577, ""box"": [418, 5, 647, 244]}, {""label"": ""smoke"", ""score"": 0.0572, ""box"": [438, 261, 699, 518]}, {""label"": ""flame"", ""score"": 0.0572, ""box"": [669, 469, 688, 515]}, {""label"": ""smoke"", ""score"": 0.0567, ""box"": [384, 177, 642, 510]}, {""label"": ""smoke"", ""score"": 0.0557, ""box"": [0, 651, 47, 719]}, {""label"": ""smoke"", ""score"": 0.0546, ""box"": [404, 5, 644, 234]}, {""label"": ""smoke"", ""score"": 0.0525, ""box"": [1142, 0, 1279, 186]}, {""label"": ""smoke"", ""score"": 0.0522, ""box"": [520, 142, 855, 510]}, {""label"": ""smoke"", ""score"": 0.0521, ""box"": [401, 132, 683, 511]}, {""label"": ""smoke"", ""score"": 0.0508, ""box"": [370, 1, 843, 418]}, {""label"": ""smoke"", ""score"": 0.0505, ""box"": [400, 192, 622, 389]}, {""label"": ""flame"", ""score"": 0.0504, ""box"": [385, 6, 668, 368]}]",1,1,0,0,1,0
barbecue,yolo,840,28.028,1,1,693.2,0.330868,0.370213,"[{""label"": ""flame"", ""score"": 0.3702, ""box"": [553, 467, 634, 522]}, {""label"": ""flame"", ""score"": 0.3604, ""box"": [669, 467, 688, 513]}, {""label"": ""smoke"", ""score"": 0.3309, ""box"": [386, 5, 640, 361]}]",1,1,0,0,0,0
barbecue,dfire_yolov8n,840,28.028,1,1,58.0,0.382381,0.593259,"[{""label"": ""flame"", ""score"": 0.5933, ""box"": [552, 466, 636, 523]}, {""label"": ""smoke"", ""score"": 0.3824, ""box"": [1162, 15, 1280, 250]}, {""label"": ""smoke"", ""score"": 0.3088, ""box"": [399, 14, 663, 358]}, {""label"": ""flame"", ""score"": 0.2657, ""box"": [665, 469, 690, 515]}, {""label"": ""smoke"", ""score"": 0.0597, ""box"": [1193, 36, 1279, 428]}]",1,1,0,0,1,0
barbecue,soul,840,28.028,1,1,50.6,0.0,0.580686,"[{""label"": ""flame"", ""score"": 0.5807, ""box"": [672, 470, 685, 512]}, {""label"": ""flame"", ""score"": 0.4529, ""box"": [553, 468, 633, 520]}, {""label"": ""flame"", ""score"": 0.1379, ""box"": [1174, 0, 1279, 249]}, {""label"": ""flame"", ""score"": 0.0526, ""box"": [1183, 0, 1279, 250]}]",0,1,0,0,1,0
barbecue,pyronear,840,28.028,1,1,336.7,0.415022,0.0,"[{""label"": ""smoke"", ""score"": 0.415, ""box"": [551, 457, 633, 521]}]",1,0,0,0,0,0
barbecue,dfine,870,29.029,1,1,372.4,0.685535,0.755481,"[{""label"": ""flame"", ""score"": 0.7555, ""box"": [555, 473, 638, 532]}, {""label"": ""flame"", ""score"": 0.6945, ""box"": [671, 468, 691, 523]}, {""label"": ""smoke"", ""score"": 0.6855, ""box"": [476, 2, 724, 399]}, {""label"": ""flame"", ""score"": 0.6658, ""box"": [565, 267, 587, 310]}, {""label"": ""smoke"", ""score"": 0.314, ""box"": [467, 2, 725, 496]}, {""label"": ""smoke"", ""score"": 0.291, ""box"": [391, 1, 730, 520]}, {""label"": ""flame"", ""score"": 0.2831, ""box"": [571, 475, 622, 505]}, {""label"": ""smoke"", ""score"": 0.2532, ""box"": [483, 3, 719, 280]}, {""label"": ""smoke"", ""score"": 0.2336, ""box"": [403, 0, 864, 408]}, {""label"": ""flame"", ""score"": 0.2212, ""box"": [233, 0, 323, 32]}, {""label"": ""smoke"", ""score"": 0.217, ""box"": [236, 1, 736, 406]}, {""label"": ""smoke"", ""score"": 0.2096, ""box"": [386, 0, 882, 409]}, {""label"": ""smoke"", ""score"": 0.1991, ""box"": [213, 0, 739, 406]}, {""label"": ""flame"", ""score"": 0.1981, ""box"": [223, 0, 324, 37]}, {""label"": ""flame"", ""score"": 0.1914, ""box"": [620, 503, 637, 524]}, {""label"": ""smoke"", ""score"": 0.1872, ""box"": [382, 1, 861, 472]}, {""label"": ""smoke"", ""score"": 0.1832, ""box"": [322, 1, 813, 522]}, {""label"": ""smoke"", ""score"": 0.1821, ""box"": [233, 1, 739, 511]}, {""label"": ""smoke"", ""score"": 0.1785, ""box"": [187, 0, 758, 412]}, {""label"": ""flame"", ""score"": 0.1745, ""box"": [573, 483, 595, 504]}, {""label"": ""flame"", ""score"": 0.1641, ""box"": [197, 0, 325, 48]}, {""label"": ""smoke"", ""score"": 0.1603, ""box"": [330, 1, 733, 524]}, {""label"": ""flame"", ""score"": 0.1546, ""box"": [553, 463, 693, 534]}, {""label"": ""flame"", ""score"": 0.151, ""box"": [558, 509, 599, 530]}, {""label"": ""smoke"", ""score"": 0.1433, ""box"": [143, 0, 820, 442]}, {""label"": ""smoke"", ""score"": 0.1416, ""box"": [222, 0, 880, 471]}, {""label"": ""smoke"", ""score"": 0.1281, ""box"": [180, 0, 834, 528]}, {""label"": ""smoke"", ""score"": 0.1242, ""box"": [67, 0, 783, 502]}, {""label"": ""smoke"", ""score"": 0.12, ""box"": [89, 0, 797, 439]}, {""label"": ""smoke"", ""score"": 0.1199, ""box"": [88, 0, 845, 468]}, {""label"": ""smoke"", ""score"": 0.1198, ""box"": [299, 0, 927, 531]}, {""label"": ""flame"", ""score"": 0.1191, ""box"": [600, 475, 623, 504]}, {""label"": ""smoke"", ""score"": 0.1171, ""box"": [335, 0, 920, 431]}, {""label"": ""smoke"", ""score"": 0.1159, ""box"": [167, 0, 802, 532]}, {""label"": ""smoke"", ""score"": 0.1157, ""box"": [170, 0, 788, 483]}, {""label"": ""smoke"", ""score"": 0.115, ""box"": [14, 0, 852, 517]}, {""label"": ""smoke"", ""score"": 0.1136, ""box"": [76, 0, 867, 475]}, {""label"": ""smoke"", ""score"": 0.1127, ""box"": [278, 0, 921, 514]}, {""label"": ""smoke"", ""score"": 0.1126, ""box"": [401, 0, 1264, 390]}, {""label"": ""smoke"", ""score"": 0.1096, ""box"": [53, 0, 792, 465]}, {""label"": ""smoke"", ""score"": 0.1071, ""box"": [426, 0, 1267, 516]}, {""label"": ""smoke"", ""score"": 0.1064, ""box"": [528, 3, 715, 264]}, {""label"": ""smoke"", ""score"": 0.1018, ""box"": [275, 0, 1267, 531]}, {""label"": ""smoke"", ""score"": 0.0976, ""box"": [293, 0, 1269, 474]}, {""label"": ""smoke"", ""score"": 0.0959, ""box"": [7, 0, 785, 622]}, {""label"": ""smoke"", ""score"": 0.0924, ""box"": [190, 2, 746, 639]}, {""label"": ""flame"", ""score"": 0.0914, ""box"": [604, 503, 637, 525]}, {""label"": ""smoke"", ""score"": 0.0894, ""box"": [529, 5, 690, 305]}, {""label"": ""smoke"", ""score"": 0.088, ""box"": [217, 0, 1274, 513]}, {""label"": ""flame"", ""score"": 0.0871, ""box"": [556, 503, 636, 531]}, {""label"": ""smoke"", ""score"": 0.0853, ""box"": [567, 266, 696, 403]}, {""label"": ""smoke"", ""score"": 0.0833, ""box"": [74, 0, 848, 335]}, {""label"": ""smoke"", ""score"": 0.0826, ""box"": [69, 0, 822, 559]}, {""label"": ""smoke"", ""score"": 0.0796, ""box"": [557, 108, 679, 396]}, {""label"": ""smoke"", ""score"": 0.0786, ""box"": [555, 473, 638, 532]}, {""label"": ""smoke"", ""score"": 0.0782, ""box"": [671, 468, 691, 523]}, {""label"": ""smoke"", ""score"": 0.0769, ""box"": [234, 1, 860, 594]}, {""label"": ""smoke"", ""score"": 0.0765, ""box"": [239, -6, 884, 608]}, {""label"": ""smoke"", ""score"": 0.0747, ""box"": [477, 0, 862, 603]}, {""label"": ""smoke"", ""score"": 0.0717, ""box"": [525, 4, 855, 521]}, {""label"": ""smoke"", ""score"": 0.0709, ""box"": [59, 0, 864, 528]}, {""label"": ""smoke"", ""score"": 0.0686, ""box"": [64, 0, 1260, 532]}, {""label"": ""smoke"", ""score"": 0.0676, ""box"": [559, 5, 710, 394]}, {""label"": ""smoke"", ""score"": 0.0671, ""box"": [565, 267, 587, 310]}, {""label"": ""smoke"", ""score"": 0.0667, ""box"": [568, 263, 696, 401]}, {""label"": ""smoke"", ""score"": 0.0659, ""box"": [1, 0, 972, 630]}, {""label"": ""smoke"", ""score"": 0.0639, ""box"": [4, 0, 857, 538]}, {""label"": ""smoke"", ""score"": 0.0632, ""box"": [559, 126, 697, 394]}, {""label"": ""smoke"", ""score"": 0.0616, ""box"": [204, 0, 1209, 537]}, {""label"": ""flame"", ""score"": 0.0601, ""box"": [391, 1, 730, 520]}, {""label"": ""smoke"", ""score"": 0.0601, ""box"": [0, 0, 1282, 613]}, {""label"": ""smoke"", ""score"": 0.0589, ""box"": [565, 266, 698, 458]}, {""label"": ""smoke"", ""score"": 0.0578, ""box"": [502, 2, 717, 145]}, {""label"": ""smoke"", ""score"": 0.0566, ""box"": [501, 0, 714, 93]}, {""label"": ""smoke"", ""score"": 0.0563, ""box"": [479, 0, 716, 105]}, {""label"": ""smoke"", ""score"": 0.0561, ""box"": [434, 3, 735, 628]}, {""label"": ""smoke"", ""score"": 0.0561, ""box"": [380, 0, 781, 640]}, {""label"": ""smoke"", ""score"": 0.0549, ""box"": [425, 0, 721, 75]}, {""label"": ""smoke"", ""score"": 0.0545, ""box"": [253, 0, 738, 576]}, {""label"": ""smoke"", ""score"": 0.0534, ""box"": [54, 0, 1271, 597]}, {""label"": ""smoke"", ""score"": 0.052, ""box"": [9, 0, 1090, 541]}, {""label"": ""smoke"", ""score"": 0.0515, ""box"": [552, 261, 697, 514]}, {""label"": ""flame"", ""score"": 0.051, ""box"": [321, 35, 484, 135]}, {""label"": ""flame"", ""score"": 0.051, ""box"": [476, 2, 724, 399]}, {""label"": ""smoke"", ""score"": 0.0508, ""box"": [604, 363, 634, 402]}, {""label"": ""flame"", ""score"": 0.0505, ""box"": [235, 435, 258, 460]}]",1,1,0,1,1,0
barbecue,yolo,870,29.029,1,1,710.9,0.578402,0.52821,"[{""label"": ""smoke"", ""score"": 0.5784, ""box"": [487, 1, 714, 398]}, {""label"": ""flame"", ""score"": 0.5282, ""box"": [672, 469, 691, 522]}, {""label"": ""flame"", ""score"": 0.4046, ""box"": [556, 472, 637, 533]}, {""label"": ""flame"", ""score"": 0.2706, ""box"": [566, 269, 586, 308]}, {""label"": ""smoke"", ""score"": 0.0703, ""box"": [1147, 6, 1279, 285]}, {""label"": ""flame"", ""score"": 0.0583, ""box"": [557, 462, 702, 534]}]",1,1,0,1,1,0
barbecue,dfire_yolov8n,870,29.029,1,1,47.4,0.525687,0.536696,"[{""label"": ""flame"", ""score"": 0.5367, ""box"": [554, 473, 638, 532]}, {""label"": ""smoke"", ""score"": 0.5257, ""box"": [1159, 19, 1279, 258]}, {""label"": ""smoke"", ""score"": 0.4425, ""box"": [463, 8, 716, 375]}, {""label"": ""smoke"", ""score"": 0.1842, ""box"": [592, 8, 717, 399]}, {""label"": ""flame"", ""score"": 0.1421, ""box"": [565, 269, 588, 310]}, {""label"": ""flame"", ""score"": 0.0996, ""box"": [669, 473, 693, 520]}, {""label"": ""smoke"", ""score"": 0.0755, ""box"": [460, 10, 617, 310]}]",1,1,0,1,1,0
barbecue,soul,870,29.029,1,1,62.5,0.0,0.662657,"[{""label"": ""flame"", ""score"": 0.6627, ""box"": [674, 472, 686, 521]}, {""label"": ""flame"", ""score"": 0.4809, ""box"": [557, 478, 635, 528]}, {""label"": ""flame"", ""score"": 0.2455, ""box"": [1161, 0, 1279, 252]}, {""label"": ""flame"", ""score"": 0.0837, ""box"": [162, 0, 318, 100]}, {""label"": ""flame"", ""score"": 0.0726, ""box"": [564, 270, 583, 310]}, {""label"": ""flame"", ""score"": 0.0543, ""box"": [1170, 0, 1279, 257]}]",0,1,0,0,1,0
barbecue,pyronear,870,29.029,1,1,333.5,0.0,0.0,[],0,0,0,0,0,0
barbecue,dfine,900,30.03,1,1,367.8,0.562723,0.766947,"[{""label"": ""flame"", ""score"": 0.7669, ""box"": [560, 306, 681, 527]}, {""label"": ""flame"", ""score"": 0.7087, ""box"": [676, 470, 704, 526]}, {""label"": ""flame"", ""score"": 0.6165, ""box"": [614, 196, 659, 291]}, {""label"": ""smoke"", ""score"": 0.5627, ""box"": [525, 2, 799, 283]}, {""label"": ""flame"", ""score"": 0.4771, ""box"": [566, 483, 645, 529]}, {""label"": ""smoke"", ""score"": 0.4244, ""box"": [525, 2, 799, 183]}, {""label"": ""smoke"", ""score"": 0.395, ""box"": [527, 4, 803, 490]}, {""label"": ""smoke"", ""score"": 0.3836, ""box"": [527, 3, 802, 444]}, {""label"": ""flame"", ""score"": 0.361, ""box"": [561, 188, 679, 517]}, {""label"": ""flame"", ""score"": 0.3406, ""box"": [627, 504, 645, 524]}, {""label"": ""flame"", ""score"": 0.3151, ""box"": [566, 500, 645, 528]}, {""label"": ""smoke"", ""score"": 0.2838, ""box"": [547, 1, 792, 108]}, {""label"": ""smoke"", ""score"": 0.2784, ""box"": [525, 2, 795, 375]}, {""label"": ""flame"", ""score"": 0.2747, ""box"": [579, 481, 601, 502]}, {""label"": ""flame"", ""score"": 0.2293, ""box"": [566, 314, 664, 451]}, {""label"": ""smoke"", ""score"": 0.225, ""box"": [506, 2, 840, 386]}, {""label"": ""flame"", ""score"": 0.1945, ""box"": [566, 504, 605, 528]}, {""label"": ""flame"", ""score"": 0.1902, ""box"": [605, 311, 619, 333]}, {""label"": ""flame"", ""score"": 0.1853, ""box"": [567, 482, 609, 527]}, {""label"": ""flame"", ""score"": 0.1763, ""box"": [564, 472, 704, 529]}, {""label"": ""flame"", ""score"": 0.1739, ""box"": [565, 313, 667, 458]}, {""label"": ""smoke"", ""score"": 0.1713, ""box"": [526, 2, 792, 351]}, {""label"": ""flame"", ""score"": 0.1586, ""box"": [556, 300, 568, 337]}, {""label"": ""smoke"", ""score"": 0.1577, ""box"": [375, 2, 860, 487]}, {""label"": ""flame"", ""score"": 0.1551, ""box"": [624, 486, 646, 524]}, {""label"": ""flame"", ""score"": 0.1514, ""box"": [626, 485, 641, 499]}, {""label"": ""smoke"", ""score"": 0.1501, ""box"": [520, 2, 920, 528]}, {""label"": ""smoke"", ""score"": 0.1345, ""box"": [512, 2, 920, 528]}, {""label"": ""flame"", ""score"": 0.1269, ""box"": [578, 481, 608, 509]}, {""label"": ""smoke"", ""score"": 0.1154, ""box"": [614, 196, 659, 291]}, {""label"": ""smoke"", ""score"": 0.1121, ""box"": [320, 1, 876, 401]}, {""label"": ""smoke"", ""score"": 0.109, ""box"": [353, 1, 872, 524]}, {""label"": ""smoke"", ""score"": 0.1084, ""box"": [522, 3, 668, 248]}, {""label"": ""smoke"", ""score"": 0.1074, ""box"": [521, 2, 669, 191]}, {""label"": ""flame"", ""score"": 0.1072, ""box"": [578, 481, 640, 505]}, {""label"": ""smoke"", ""score"": 0.103, ""box"": [566, 314, 664, 451]}, {""label"": ""smoke"", ""score"": 0.1022, ""box"": [522, 4, 678, 369]}, {""label"": ""smoke"", ""score"": 0.0994, ""box"": [534, 7, 682, 489]}, {""label"": ""smoke"", ""score"": 0.0993, ""box"": [521, 4, 682, 405]}, {""label"": ""smoke"", ""score"": 0.0981, ""box"": [533, 9, 691, 460]}, {""label"": ""smoke"", ""score"": 0.0966, ""box"": [514, 2, 910, 526]}, {""label"": ""smoke"", ""score"": 0.0963, ""box"": [295, 1, 873, 506]}, {""label"": ""smoke"", ""score"": 0.0953, ""box"": [336, 1, 892, 522]}, {""label"": ""smoke"", ""score"": 0.0951, ""box"": [290, 1, 820, 515]}, {""label"": ""smoke"", ""score"": 0.0935, ""box"": [560, 306, 681, 527]}, {""label"": ""smoke"", ""score"": 0.0921, ""box"": [632, 4, 804, 394]}, {""label"": ""smoke"", ""score"": 0.0884, ""box"": [507, 2, 934, 523]}, {""label"": ""flame"", ""score"": 0.0864, ""box"": [624, 484, 641, 500]}, {""label"": ""smoke"", ""score"": 0.085, ""box"": [565, 313, 667, 458]}, {""label"": ""smoke"", ""score"": 0.08, ""box"": [565, 186, 662, 448]}, {""label"": ""flame"", ""score"": 0.0795, ""box"": [565, 186, 662, 448]}, {""label"": ""smoke"", ""score"": 0.0785, ""box"": [132, 205, 226, 293]}, {""label"": ""smoke"", ""score"": 0.0781, ""box"": [686, 4, 803, 301]}, {""label"": ""smoke"", ""score"": 0.0772, ""box"": [623, 2, 786, 104]}, {""label"": ""smoke"", ""score"": 0.0765, ""box"": [561, 188, 679, 517]}, {""label"": ""flame"", ""score"": 0.0756, ""box"": [205, 0, 334, 48]}, {""label"": ""smoke"", ""score"": 0.0735, ""box"": [169, 229, 225, 285]}, {""label"": ""smoke"", ""score"": 0.0723, ""box"": [616, 2, 786, 99]}, {""label"": ""smoke"", ""score"": 0.072, ""box"": [521, 4, 662, 315]}, {""label"": ""flame"", ""score"": 0.0718, ""box"": [584, 392, 657, 449]}, {""label"": ""flame"", ""score"": 0.0705, ""box"": [606, 187, 663, 371]}, {""label"": ""smoke"", ""score"": 0.0683, ""box"": [571, 188, 661, 407]}, {""label"": ""smoke"", ""score"": 0.0675, ""box"": [676, 470, 704, 526]}, {""label"": ""smoke"", ""score"": 0.0675, ""box"": [524, 72, 659, 297]}, {""label"": ""smoke"", ""score"": 0.0646, ""box"": [606, 187, 663, 371]}, {""label"": ""smoke"", ""score"": 0.0644, ""box"": [522, 2, 806, 346]}, {""label"": ""flame"", ""score"": 0.064, ""box"": [527, 4, 803, 490]}, {""label"": ""smoke"", ""score"": 0.0635, ""box"": [566, 483, 645, 529]}, {""label"": ""smoke"", ""score"": 0.063, ""box"": [132, 206, 231, 294]}, {""label"": ""flame"", ""score"": 0.0629, ""box"": [677, 472, 702, 525]}, {""label"": ""smoke"", ""score"": 0.0624, ""box"": [622, 4, 795, 350]}, {""label"": ""smoke"", ""score"": 0.0601, ""box"": [151, 0, 911, 524]}, {""label"": ""smoke"", ""score"": 0.0598, ""box"": [403, 0, 1122, 527]}, {""label"": ""smoke"", ""score"": 0.0582, ""box"": [507, 2, 917, 523]}, {""label"": ""smoke"", ""score"": 0.0578, ""box"": [553, 177, 857, 530]}, {""label"": ""smoke"", ""score"": 0.0574, ""box"": [169, 229, 226, 288]}, {""label"": ""smoke"", ""score"": 0.056, ""box"": [205, 0, 334, 48]}, {""label"": ""smoke"", ""score"": 0.056, ""box"": [840, 255, 872, 301]}, {""label"": ""smoke"", ""score"": 0.0549, ""box"": [543, 81, 667, 292]}, {""label"": ""smoke"", ""score"": 0.0548, ""box"": [600, 194, 663, 426]}, {""label"": ""smoke"", ""score"": 0.0545, ""box"": [551, 0, 676, 74]}, {""label"": ""flame"", ""score"": 0.0541, ""box"": [559, 300, 621, 338]}, {""label"": ""smoke"", ""score"": 0.054, ""box"": [504, 0, 1185, 533]}, {""label"": ""smoke"", ""score"": 0.0539, ""box"": [315, 126, 333, 155]}, {""label"": ""smoke"", ""score"": 0.0526, ""box"": [504, 2, 910, 606]}, {""label"": ""flame"", ""score"": 0.0522, ""box"": [525, 2, 799, 283]}, {""label"": ""flame"", ""score"": 0.0508, ""box"": [600, 194, 663, 426]}, {""label"": ""smoke"", ""score"": 0.0506, ""box"": [541, 140, 663, 329]}, {""label"": ""flame"", ""score"": 0.0504, ""box"": [578, 461, 610, 505]}, {""label"": ""flame"", ""score"": 0.0504, ""box"": [578, 469, 606, 504]}]",1,1,0,1,1,0
barbecue,yolo,900,30.03,1,1,709.4,0.129928,0.649567,"[{""label"": ""flame"", ""score"": 0.6496, ""box"": [677, 470, 702, 524]}, {""label"": ""flame"", ""score"": 0.3974, ""box"": [565, 314, 685, 531]}, {""label"": ""flame"", ""score"": 0.3875, ""box"": [615, 204, 659, 291]}, {""label"": ""smoke"", ""score"": 0.1299, ""box"": [527, 3, 789, 313]}, {""label"": ""flame"", ""score"": 0.1119, ""box"": [562, 504, 646, 530]}, {""label"": ""smoke"", ""score"": 0.0677, ""box"": [552, 2, 778, 104]}, {""label"": ""flame"", ""score"": 0.0586, ""box"": [626, 505, 644, 522]}]",0,1,0,0,1,0
barbecue,dfire_yolov8n,900,30.03,1,1,58.5,0.280438,0.521761,"[{""label"": ""flame"", ""score"": 0.5218, ""box"": [671, 471, 709, 525]}, {""label"": ""flame"", ""score"": 0.3048, ""box"": [551, 320, 708, 529]}, {""label"": ""smoke"", ""score"": 0.2804, ""box"": [1166, 19, 1279, 263]}, {""label"": ""smoke"", ""score"": 0.2111, ""box"": [510, 10, 871, 520]}, {""label"": ""flame"", ""score"": 0.1512, ""box"": [617, 205, 659, 288]}, {""label"": ""flame"", ""score"": 0.0827, ""box"": [620, 508, 646, 526]}, {""label"": ""smoke"", ""score"": 0.0718, ""box"": [535, 22, 706, 521]}, {""label"": ""flame"", ""score"": 0.0716, ""box"": [562, 477, 647, 529]}]",1,1,0,0,1,0
barbecue,soul,900,30.03,1,1,60.3,0.0,0.751271,"[{""label"": ""flame"", ""score"": 0.7513, ""box"": [562, 201, 704, 528]}, {""label"": ""flame"", ""score"": 0.2154, ""box"": [677, 474, 699, 523]}]",0,1,1,0,1,1
barbecue,pyronear,900,30.03,1,1,320.8,0.0,0.0,[],0,0,0,0,0,0
hand_held_camera_wildfire,dfine,0,0.0,0,0,385.5,0.085004,0.0,"[{""label"": ""smoke"", ""score"": 0.085, ""box"": [450, 201, 506, 327]}, {""label"": ""smoke"", ""score"": 0.0658, ""box"": [454, 273, 495, 329]}, {""label"": ""smoke"", ""score"": 0.0534, ""box"": [405, 277, 469, 330]}, {""label"": ""smoke"", ""score"": 0.0501, ""box"": [420, 132, 510, 323]}]",0,0,0,0,0,0
hand_held_camera_wildfire,yolo,0,0.0,0,0,731.7,0.0,0.0,[],0,0,0,0,0,0
hand_held_camera_wildfire,dfire_yolov8n,0,0.0,0,0,56.0,0.053435,0.058878,"[{""label"": ""flame"", ""score"": 0.0589, ""box"": [729, 186, 813, 238]}, {""label"": ""smoke"", ""score"": 0.0534, ""box"": [510, 210, 665, 274]}]",0,0,0,0,0,0
hand_held_camera_wildfire,soul,0,0.0,0,0,65.1,0.0,0.699894,"[{""label"": ""flame"", ""score"": 0.6999, ""box"": [765, 344, 816, 385]}, {""label"": ""flame"", ""score"": 0.6097, ""box"": [506, 220, 665, 269]}, {""label"": ""flame"", ""score"": 0.2639, ""box"": [623, 216, 666, 252]}, {""label"": ""flame"", ""score"": 0.2614, ""box"": [508, 233, 605, 269]}, {""label"": ""flame"", ""score"": 0.1602, ""box"": [592, 217, 661, 255]}, {""label"": ""flame"", ""score"": 0.0715, ""box"": [636, 272, 664, 298]}]",0,1,0,0,1,0
hand_held_camera_wildfire,pyronear,0,0.0,0,0,311.4,0.0,0.0,[],0,0,0,0,0,0
hand_held_camera_wildfire,dfine,30,1.001,0,0,381.7,0.0,0.0,[],0,0,0,0,0,0
hand_held_camera_wildfire,yolo,30,1.001,0,0,676.8,0.0,0.0,[],0,0,0,0,0,0
hand_held_camera_wildfire,dfire_yolov8n,30,1.001,0,0,54.9,0.224982,0.059205,"[{""label"": ""smoke"", ""score"": 0.225, ""box"": [427, 219, 485, 316]}, {""label"": ""flame"", ""score"": 0.0592, ""box"": [721, 184, 794, 224]}]",0,0,0,0,0,0
hand_held_camera_wildfire,soul,30,1.001,0,0,58.2,0.0,0.590189,"[{""label"": ""flame"", ""score"": 0.5902, ""box"": [750, 329, 798, 370]}, {""label"": ""flame"", ""score"": 0.4578, ""box"": [492, 207, 633, 257]}, {""label"": ""flame"", ""score"": 0.3145, ""box"": [614, 203, 652, 240]}, {""label"": ""flame"", ""score"": 0.1093, ""box"": [587, 204, 649, 243]}]",0,1,0,0,1,0
hand_held_camera_wildfire,pyronear,30,1.001,0,0,354.4,0.0,0.0,[],0,0,0,0,0,0
hand_held_camera_wildfire,dfine,60,2.002,1,1,402.6,0.813534,0.849187,"[{""label"": ""flame"", ""score"": 0.8492, ""box"": [858, 268, 1117, 451]}, {""label"": ""smoke"", ""score"": 0.8135, ""box"": [965, 102, 1118, 296]}, {""label"": ""flame"", ""score"": 0.3599, ""box"": [998, 266, 1018, 294]}, {""label"": ""flame"", ""score"": 0.3165, ""box"": [893, 266, 1019, 343]}, {""label"": ""flame"", ""score"": 0.309, ""box"": [1108, 221, 1119, 245]}, {""label"": ""flame"", ""score"": 0.3007, ""box"": [900, 461, 921, 473]}, {""label"": ""flame"", ""score"": 0.2889, ""box"": [894, 302, 1012, 343]}, {""label"": ""flame"", ""score"": 0.1749, ""box"": [858, 419, 953, 447]}, {""label"": ""flame"", ""score"": 0.1747, ""box"": [858, 419, 1029, 449]}, {""label"": ""flame"", ""score"": 0.1726, ""box"": [1099, 348, 1118, 383]}, {""label"": ""flame"", ""score"": 0.1607, ""box"": [899, 456, 937, 474]}, {""label"": ""smoke"", ""score"": 0.1539, ""box"": [858, 99, 1118, 450]}, {""label"": ""flame"", ""score"": 0.1501, ""box"": [858, 416, 1096, 449]}, {""label"": ""flame"", ""score"": 0.1441, ""box"": [900, 299, 1016, 402]}, {""label"": ""flame"", ""score"": 0.1343, ""box"": [899, 455, 946, 474]}, {""label"": ""flame"", ""score"": 0.1314, ""box"": [858, 386, 1107, 449]}, {""label"": ""flame"", ""score"": 0.1173, ""box"": [896, 318, 975, 341]}, {""label"": ""flame"", ""score"": 0.113, ""box"": [982, 264, 1020, 319]}, {""label"": ""flame"", ""score"": 0.112, ""box"": [858, 419, 1000, 448]}, {""label"": ""flame"", ""score"": 0.1071, ""box"": [932, 295, 969, 307]}, {""label"": ""flame"", ""score"": 0.1034, ""box"": [858, 99, 1118, 450]}, {""label"": ""flame"", ""score"": 0.1021, ""box"": [857, 420, 949, 471]}, {""label"": ""flame"", ""score"": 0.0911, ""box"": [987, 264, 1020, 319]}, {""label"": ""flame"", ""score"": 0.087, ""box"": [893, 312, 926, 341]}, {""label"": ""smoke"", ""score"": 0.0853, ""box"": [858, 268, 1117, 451]}, {""label"": ""flame"", ""score"": 0.085, ""box"": [911, 381, 948, 401]}, {""label"": ""flame"", ""score"": 0.0846, ""box"": [989, 301, 1010, 318]}, {""label"": ""flame"", ""score"": 0.0839, ""box"": [898, 453, 973, 474]}, {""label"": ""flame"", ""score"": 0.0834, ""box"": [911, 363, 976, 401]}, {""label"": ""flame"", ""score"": 0.0824, ""box"": [911, 366, 964, 401]}, {""label"": ""flame"", ""score"": 0.0799, ""box"": [925, 259, 1018, 310]}, {""label"": ""flame"", ""score"": 0.0774, ""box"": [1098, 347, 1118, 404]}, {""label"": ""flame"", ""score"": 0.0771, ""box"": [893, 315, 907, 338]}, {""label"": ""flame"", ""score"": 0.0768, ""box"": [955, 389, 1102, 445]}, {""label"": ""flame"", ""score"": 0.0723, ""box"": [895, 450, 968, 475]}, {""label"": ""smoke"", ""score"": 0.0707, ""box"": [845, 150, 884, 224]}, {""label"": ""flame"", ""score"": 0.0676, ""box"": [857, 421, 1024, 472]}, {""label"": ""flame"", ""score"": 0.0672, ""box"": [965, 102, 1118, 296]}, {""label"": ""flame"", ""score"": 0.0672, ""box"": [1028, 389, 1101, 441]}, {""label"": ""smoke"", ""score"": 0.0656, ""box"": [1014, 285, 1117, 359]}, {""label"": ""smoke"", ""score"": 0.0655, ""box"": [891, 97, 1118, 369]}, {""label"": ""flame"", ""score"": 0.0633, ""box"": [985, 303, 1014, 341]}, {""label"": ""smoke"", ""score"": 0.0629, ""box"": [1017, 280, 1117, 342]}, {""label"": ""flame"", ""score"": 0.0629, ""box"": [894, 269, 1111, 350]}, {""label"": ""flame"", ""score"": 0.0629, ""box"": [895, 288, 1112, 346]}, {""label"": ""flame"", ""score"": 0.0626, ""box"": [863, 351, 890, 369]}, {""label"": ""flame"", ""score"": 0.0625, ""box"": [914, 366, 932, 377]}, {""label"": ""flame"", ""score"": 0.0603, ""box"": [859, 422, 893, 438]}, {""label"": ""flame"", ""score"": 0.0573, ""box"": [980, 264, 1021, 325]}, {""label"": ""flame"", ""score"": 0.0568, ""box"": [911, 348, 975, 400]}, {""label"": ""smoke"", ""score"": 0.0566, ""box"": [1019, 266, 1117, 313]}, {""label"": ""smoke"", ""score"": 0.0563, ""box"": [900, 299, 1016, 402]}, {""label"": ""flame"", ""score"": 0.0562, ""box"": [1030, 347, 1117, 441]}, {""label"": ""flame"", ""score"": 0.0545, ""box"": [989, 304, 1015, 333]}, {""label"": ""flame"", ""score"": 0.0541, ""box"": [858, 351, 1114, 449]}, {""label"": ""smoke"", ""score"": 0.0534, ""box"": [900, 461, 921, 473]}, {""label"": ""smoke"", ""score"": 0.0531, ""box"": [995, 272, 1117, 355]}, {""label"": ""flame"", ""score"": 0.0526, ""box"": [476, 390, 525, 427]}, {""label"": ""smoke"", ""score"": 0.0518, ""box"": [1000, 267, 1117, 347]}, {""label"": ""smoke"", ""score"": 0.0511, ""box"": [844, 149, 937, 233]}, {""label"": ""flame"", ""score"": 0.051, ""box"": [856, 419, 983, 457]}, {""label"": ""flame"", ""score"": 0.0506, ""box"": [979, 249, 1023, 297]}, {""label"": ""flame"", ""score"": 0.0504, ""box"": [977, 266, 1018, 314]}]",1,1,1,1,1,1
hand_held_camera_wildfire,yolo,60,2.002,1,1,711.0,0.52139,0.734848,"[{""label"": ""flame"", ""score"": 0.7348, ""box"": [853, 261, 1117, 463]}, {""label"": ""smoke"", ""score"": 0.5214, ""box"": [970, 99, 1119, 297]}, {""label"": ""flame"", ""score"": 0.1408, ""box"": [1000, 265, 1017, 294]}]",1,1,1,1,1,1
hand_held_camera_wildfire,dfire_yolov8n,60,2.002,1,1,57.9,0.569887,0.676478,"[{""label"": ""flame"", ""score"": 0.6765, ""box"": [859, 262, 1111, 451]}, {""label"": ""smoke"", ""score"": 0.5699, ""box"": [967, 99, 1116, 271]}, {""label"": ""smoke"", ""score"": 0.2441, ""box"": [193, 230, 525, 307]}, {""label"": ""flame"", ""score"": 0.1585, ""box"": [873, 421, 1061, 447]}]",1,1,1,1,1,1
hand_held_camera_wildfire,soul,60,2.002,1,1,61.8,0.0,0.891668,"[{""label"": ""flame"", ""score"": 0.8917, ""box"": [857, 257, 1115, 451]}, {""label"": ""flame"", ""score"": 0.5325, ""box"": [480, 387, 528, 424]}, {""label"": ""flame"", ""score"": 0.3638, ""box"": [336, 248, 387, 286]}, {""label"": ""flame"", ""score"": 0.1309, ""box"": [284, 258, 312, 295]}, {""label"": ""flame"", ""score"": 0.0944, ""box"": [195, 263, 312, 303]}]",0,1,1,0,1,1
hand_held_camera_wildfire,pyronear,60,2.002,1,1,336.2,0.074034,0.0,"[{""label"": ""smoke"", ""score"": 0.074, ""box"": [357, 608, 398, 629]}]",0,0,0,0,0,0
hand_held_camera_wildfire,dfine,90,3.003,1,1,383.2,0.880131,0.824279,"[{""label"": ""smoke"", ""score"": 0.8801, ""box"": [773, 90, 1117, 289]}, {""label"": ""flame"", ""score"": 0.8243, ""box"": [656, 240, 1004, 436]}, {""label"": ""flame"", ""score"": 0.3658, ""box"": [954, 236, 1007, 275]}, {""label"": ""flame"", ""score"": 0.2529, ""box"": [697, 285, 797, 320]}, {""label"": ""flame"", ""score"": 0.2432, ""box"": [698, 433, 718, 445]}, {""label"": ""flame"", ""score"": 0.2429, ""box"": [659, 393, 747, 419]}, {""label"": ""flame"", ""score"": 0.2418, ""box"": [658, 393, 787, 422]}, {""label"": ""flame"", ""score"": 0.2323, ""box"": [657, 393, 797, 444]}, {""label"": ""flame"", ""score"": 0.2313, ""box"": [915, 309, 956, 346]}, {""label"": ""flame"", ""score"": 0.2013, ""box"": [696, 424, 794, 445]}, {""label"": ""flame"", ""score"": 0.199, ""box"": [696, 265, 804, 321]}, {""label"": ""flame"", ""score"": 0.1754, ""box"": [697, 429, 748, 445]}, {""label"": ""flame"", ""score"": 0.1735, ""box"": [696, 277, 802, 320]}, {""label"": ""flame"", ""score"": 0.1663, ""box"": [657, 394, 752, 444]}, {""label"": ""flame"", ""score"": 0.1534, ""box"": [656, 393, 885, 444]}, {""label"": ""flame"", ""score"": 0.1405, ""box"": [659, 393, 746, 419]}, {""label"": ""flame"", ""score"": 0.1384, ""box"": [657, 391, 882, 423]}, {""label"": ""flame"", ""score"": 0.133, ""box"": [696, 290, 733, 319]}, {""label"": ""flame"", ""score"": 0.1281, ""box"": [899, 309, 957, 366]}, {""label"": ""smoke"", ""score"": 0.1248, ""box"": [657, 90, 1117, 438]}, {""label"": ""flame"", ""score"": 0.1093, ""box"": [909, 236, 1008, 349]}, {""label"": ""flame"", ""score"": 0.1086, ""box"": [695, 292, 711, 318]}, {""label"": ""flame"", ""score"": 0.1046, ""box"": [657, 392, 834, 422]}, {""label"": ""flame"", ""score"": 0.1025, ""box"": [772, 266, 804, 299]}, {""label"": ""flame"", ""score"": 0.0985, ""box"": [943, 236, 1010, 322]}, {""label"": ""flame"", ""score"": 0.0944, ""box"": [690, 420, 879, 445]}, {""label"": ""smoke"", ""score"": 0.0941, ""box"": [954, 236, 1007, 275]}, {""label"": ""flame"", ""score"": 0.0871, ""box"": [750, 423, 797, 440]}, {""label"": ""flame"", ""score"": 0.0853, ""box"": [658, 396, 697, 412]}, {""label"": ""flame"", ""score"": 0.0829, ""box"": [898, 343, 915, 365]}, {""label"": ""flame"", ""score"": 0.0803, ""box"": [708, 303, 903, 418]}, {""label"": ""flame"", ""score"": 0.079, ""box"": [696, 427, 763, 446]}, {""label"": ""smoke"", ""score"": 0.0776, ""box"": [655, 133, 738, 214]}, {""label"": ""flame"", ""score"": 0.0775, ""box"": [755, 422, 796, 439]}, {""label"": ""flame"", ""score"": 0.0767, ""box"": [726, 276, 759, 287]}, {""label"": ""flame"", ""score"": 0.0711, ""box"": [664, 396, 698, 411]}, {""label"": ""smoke"", ""score"": 0.0706, ""box"": [552, 131, 625, 191]}, {""label"": ""flame"", ""score"": 0.0705, ""box"": [1022, 602, 1058, 620]}, {""label"": ""flame"", ""score"": 0.0678, ""box"": [694, 274, 953, 420]}, {""label"": ""flame"", ""score"": 0.0677, ""box"": [748, 407, 790, 420]}, {""label"": ""smoke"", ""score"": 0.0676, ""box"": [656, 240, 1004, 436]}, {""label"": ""smoke"", ""score"": 0.0647, ""box"": [554, 129, 737, 212]}, {""label"": ""flame"", ""score"": 0.0642, ""box"": [961, 249, 986, 273]}, {""label"": ""smoke"", ""score"": 0.061, ""box"": [1041, 91, 1118, 197]}, {""label"": ""smoke"", ""score"": 0.0607, ""box"": [696, 424, 794, 445]}, {""label"": ""flame"", ""score"": 0.0576, ""box"": [657, 90, 1117, 438]}, {""label"": ""flame"", ""score"": 0.0572, ""box"": [773, 90, 1117, 289]}, {""label"": ""flame"", ""score"": 0.0561, ""box"": [766, 299, 800, 319]}, {""label"": ""flame"", ""score"": 0.0549, ""box"": [816, 234, 1009, 299]}, {""label"": ""smoke"", ""score"": 0.0532, ""box"": [815, 265, 960, 343]}, {""label"": ""smoke"", ""score"": 0.053, ""box"": [698, 433, 718, 445]}, {""label"": ""smoke"", ""score"": 0.0528, ""box"": [697, 285, 797, 320]}, {""label"": ""smoke"", ""score"": 0.0524, ""box"": [657, 393, 797, 444]}, {""label"": ""smoke"", ""score"": 0.0521, ""box"": [628, 249, 722, 325]}, {""label"": ""smoke"", ""score"": 0.051, ""box"": [555, 123, 771, 285]}, {""label"": ""flame"", ""score"": 0.0505, ""box"": [729, 430, 749, 445]}]",1,1,1,1,1,1
hand_held_camera_wildfire,yolo,90,3.003,1,1,689.9,0.795844,0.717855,"[{""label"": ""smoke"", ""score"": 0.7958, ""box"": [783, 90, 1118, 281]}, {""label"": ""flame"", ""score"": 0.7179, ""box"": [655, 249, 989, 445]}, {""label"": ""flame"", ""score"": 0.0649, ""box"": [657, 391, 745, 421]}, {""label"": ""flame"", ""score"": 0.0577, ""box"": [656, 391, 810, 448]}]",1,1,1,1,1,1
hand_held_camera_wildfire,dfire_yolov8n,90,3.003,1,1,55.4,0.761649,0.860912,"[{""label"": ""flame"", ""score"": 0.8609, ""box"": [661, 266, 972, 435]}, {""label"": ""smoke"", ""score"": 0.7616, ""box"": [777, 96, 1111, 293]}]",1,1,1,1,1,1
hand_held_camera_wildfire,soul,90,3.003,1,1,53.2,0.0,0.870758,"[{""label"": ""flame"", ""score"": 0.8708, ""box"": [660, 242, 995, 434]}, {""label"": ""flame"", ""score"": 0.3631, ""box"": [266, 353, 324, 395]}]",0,1,1,0,1,1
hand_held_camera_wildfire,pyronear,90,3.003,1,1,330.3,0.0,0.0,[],0,0,0,0,0,0
hand_held_camera_wildfire,dfine,120,4.004,1,1,421.6,0.861418,0.833444,"[{""label"": ""smoke"", ""score"": 0.8614, ""box"": [738, 89, 1116, 264]}, {""label"": ""flame"", ""score"": 0.8334, ""box"": [639, 231, 989, 418]}, {""label"": ""flame"", ""score"": 0.3866, ""box"": [913, 236, 989, 296]}, {""label"": ""flame"", ""score"": 0.3472, ""box"": [675, 275, 752, 304]}, {""label"": ""flame"", ""score"": 0.3399, ""box"": [916, 242, 961, 290]}, {""label"": ""flame"", ""score"": 0.3299, ""box"": [879, 229, 993, 298]}, {""label"": ""flame"", ""score"": 0.2526, ""box"": [646, 255, 893, 404]}, {""label"": ""flame"", ""score"": 0.2347, ""box"": [673, 264, 773, 306]}, {""label"": ""flame"", ""score"": 0.2102, ""box"": [680, 405, 771, 428]}, {""label"": ""flame"", ""score"": 0.1875, ""box"": [726, 407, 742, 427]}, {""label"": ""flame"", ""score"": 0.1767, ""box"": [723, 405, 770, 427]}, {""label"": ""flame"", ""score"": 0.1643, ""box"": [681, 416, 698, 427]}, {""label"": ""flame"", ""score"": 0.1564, ""box"": [641, 377, 732, 402]}, {""label"": ""flame"", ""score"": 0.1412, ""box"": [681, 408, 742, 428]}, {""label"": ""flame"", ""score"": 0.1408, ""box"": [673, 247, 792, 305]}, {""label"": ""flame"", ""score"": 0.1392, ""box"": [877, 229, 904, 252]}, {""label"": ""smoke"", ""score"": 0.1326, ""box"": [526, 110, 712, 198]}, {""label"": ""flame"", ""score"": 0.1278, ""box"": [641, 358, 757, 402]}, {""label"": ""smoke"", ""score"": 0.1273, ""box"": [641, 89, 1116, 424]}, {""label"": ""flame"", ""score"": 0.1242, ""box"": [877, 230, 959, 287]}, {""label"": ""flame"", ""score"": 0.1172, ""box"": [639, 366, 785, 426]}, {""label"": ""flame"", ""score"": 0.115, ""box"": [640, 358, 789, 404]}, {""label"": ""smoke"", ""score"": 0.1109, ""box"": [638, 89, 1116, 429]}, {""label"": ""flame"", ""score"": 0.1079, ""box"": [640, 375, 778, 406]}, {""label"": ""smoke"", ""score"": 0.1049, ""box"": [525, 112, 598, 179]}, {""label"": ""flame"", ""score"": 0.1037, ""box"": [723, 358, 744, 394]}, {""label"": ""flame"", ""score"": 0.1024, ""box"": [640, 379, 686, 399]}, {""label"": ""flame"", ""score"": 0.1021, ""box"": [641, 360, 740, 402]}, {""label"": ""flame"", ""score"": 0.0993, ""box"": [641, 379, 687, 399]}, {""label"": ""flame"", ""score"": 0.0955, ""box"": [875, 230, 994, 346]}, {""label"": ""smoke"", ""score"": 0.0929, ""box"": [913, 236, 989, 296]}, {""label"": ""flame"", ""score"": 0.0903, ""box"": [689, 337, 729, 359]}, {""label"": ""flame"", ""score"": 0.0899, ""box"": [641, 379, 746, 426]}, {""label"": ""smoke"", ""score"": 0.0869, ""box"": [879, 229, 993, 298]}, {""label"": ""flame"", ""score"": 0.0868, ""box"": [896, 232, 994, 327]}, {""label"": ""flame"", ""score"": 0.0849, ""box"": [642, 380, 866, 425]}, {""label"": ""flame"", ""score"": 0.0842, ""box"": [722, 355, 773, 397]}, {""label"": ""flame"", ""score"": 0.083, ""box"": [764, 242, 781, 261]}, {""label"": ""smoke"", ""score"": 0.0816, ""box"": [629, 116, 714, 198]}, {""label"": ""smoke"", ""score"": 0.0804, ""box"": [639, 231, 989, 418]}, {""label"": ""flame"", ""score"": 0.0803, ""box"": [723, 355, 765, 395]}, {""label"": ""flame"", ""score"": 0.0797, ""box"": [879, 230, 994, 341]}, {""label"": ""flame"", ""score"": 0.0795, ""box"": [993, 570, 1030, 589]}, {""label"": ""smoke"", ""score"": 0.0785, ""box"": [1039, 89, 1117, 146]}, {""label"": ""flame"", ""score"": 0.0782, ""box"": [644, 264, 779, 399]}, {""label"": ""smoke"", ""score"": 0.0769, ""box"": [526, 102, 714, 287]}, {""label"": ""flame"", ""score"": 0.0767, ""box"": [673, 276, 692, 304]}, {""label"": ""smoke"", ""score"": 0.0672, ""box"": [526, 102, 735, 252]}, {""label"": ""smoke"", ""score"": 0.0661, ""box"": [646, 255, 893, 404]}, {""label"": ""flame"", ""score"": 0.0661, ""box"": [641, 369, 755, 403]}, {""label"": ""smoke"", ""score"": 0.0661, ""box"": [554, 120, 597, 171]}, {""label"": ""smoke"", ""score"": 0.0659, ""box"": [680, 405, 771, 428]}, {""label"": ""flame"", ""score"": 0.0633, ""box"": [674, 275, 690, 296]}, {""label"": ""smoke"", ""score"": 0.0628, ""box"": [675, 275, 752, 304]}, {""label"": ""smoke"", ""score"": 0.0627, ""box"": [916, 242, 961, 290]}, {""label"": ""flame"", ""score"": 0.0615, ""box"": [641, 335, 873, 405]}, {""label"": ""flame"", ""score"": 0.0606, ""box"": [780, 245, 813, 281]}, {""label"": ""flame"", ""score"": 0.0606, ""box"": [675, 274, 697, 295]}, {""label"": ""flame"", ""score"": 0.0597, ""box"": [674, 229, 986, 305]}, {""label"": ""smoke"", ""score"": 0.0593, ""box"": [602, 115, 713, 197]}, {""label"": ""flame"", ""score"": 0.0593, ""box"": [912, 240, 961, 319]}, {""label"": ""flame"", ""score"": 0.059, ""box"": [641, 89, 1116, 424]}, {""label"": ""flame"", ""score"": 0.0586, ""box"": [915, 242, 941, 264]}, {""label"": ""flame"", ""score"": 0.0583, ""box"": [685, 400, 769, 414]}, {""label"": ""flame"", ""score"": 0.0577, ""box"": [665, 275, 755, 321]}, {""label"": ""flame"", ""score"": 0.0561, ""box"": [767, 228, 992, 304]}, {""label"": ""smoke"", ""score"": 0.0545, ""box"": [681, 408, 742, 428]}, {""label"": ""flame"", ""score"": 0.0541, ""box"": [860, 232, 991, 342]}, {""label"": ""smoke"", ""score"": 0.054, ""box"": [767, 228, 992, 304]}, {""label"": ""flame"", ""score"": 0.0538, ""box"": [721, 212, 737, 226]}, {""label"": ""smoke"", ""score"": 0.0533, ""box"": [517, 90, 1115, 423]}, {""label"": ""flame"", ""score"": 0.0531, ""box"": [750, 267, 780, 304]}, {""label"": ""flame"", ""score"": 0.0531, ""box"": [744, 405, 773, 420]}, {""label"": ""flame"", ""score"": 0.0529, ""box"": [638, 89, 1116, 429]}, {""label"": ""smoke"", ""score"": 0.051, ""box"": [723, 405, 770, 427]}, {""label"": ""smoke"", ""score"": 0.0507, ""box"": [518, 89, 1115, 299]}, {""label"": ""smoke"", ""score"": 0.0506, ""box"": [966, 90, 1116, 238]}, {""label"": ""flame"", ""score"": 0.0501, ""box"": [690, 343, 726, 359]}]",1,1,1,1,1,1
hand_held_camera_wildfire,yolo,120,4.004,1,1,685.6,0.79085,0.72807,"[{""label"": ""smoke"", ""score"": 0.7908, ""box"": [762, 92, 1118, 254]}, {""label"": ""flame"", ""score"": 0.7281, ""box"": [639, 236, 993, 417]}, {""label"": ""flame"", ""score"": 0.2231, ""box"": [912, 236, 994, 298]}, {""label"": ""flame"", ""score"": 0.0948, ""box"": [917, 241, 959, 293]}, {""label"": ""flame"", ""score"": 0.0589, ""box"": [690, 338, 727, 359]}, {""label"": ""flame"", ""score"": 0.0553, ""box"": [676, 278, 748, 302]}]",1,1,1,1,1,1
hand_held_camera_wildfire,dfire_yolov8n,120,4.004,1,1,50.0,0.82593,0.857502,"[{""label"": ""flame"", ""score"": 0.8575, ""box"": [642, 238, 982, 411]}, {""label"": ""smoke"", ""score"": 0.8259, ""box"": [761, 97, 1113, 260]}, {""label"": ""flame"", ""score"": 0.0513, ""box"": [916, 237, 975, 289]}]",1,1,1,1,1,1
hand_held_camera_wildfire,soul,120,4.004,1,1,53.0,0.0,0.922366,"[{""label"": ""flame"", ""score"": 0.9224, ""box"": [642, 222, 990, 410]}, {""label"": ""flame"", ""score"": 0.4622, ""box"": [248, 351, 306, 390]}, {""label"": ""flame"", ""score"": 0.1334, ""box"": [761, 92, 800, 139]}]",0,1,1,0,1,1
hand_held_camera_wildfire,pyronear,120,4.004,1,1,333.4,0.0,0.0,[],0,0,0,0,0,0
hand_held_camera_wildfire,dfine,150,5.005,1,1,384.6,0.889902,0.904123,"[{""label"": ""flame"", ""score"": 0.9041, ""box"": [618, 246, 931, 441]}, {""label"": ""smoke"", ""score"": 0.8899, ""box"": [723, 90, 1116, 280]}, {""label"": ""flame"", ""score"": 0.2417, ""box"": [704, 420, 724, 443]}, {""label"": ""smoke"", ""score"": 0.2144, ""box"": [509, 129, 693, 212]}, {""label"": ""flame"", ""score"": 0.1883, ""box"": [661, 421, 727, 444]}, {""label"": ""flame"", ""score"": 0.1646, ""box"": [661, 432, 681, 443]}, {""label"": ""flame"", ""score"": 0.1523, ""box"": [620, 374, 759, 420]}, {""label"": ""smoke"", ""score"": 0.1399, ""box"": [506, 134, 578, 194]}, {""label"": ""flame"", ""score"": 0.1385, ""box"": [619, 376, 762, 442]}, {""label"": ""flame"", ""score"": 0.1371, ""box"": [620, 392, 708, 418]}, {""label"": ""smoke"", ""score"": 0.1344, ""box"": [607, 132, 693, 212]}, {""label"": ""flame"", ""score"": 0.131, ""box"": [703, 373, 731, 443]}, {""label"": ""smoke"", ""score"": 0.1176, ""box"": [507, 124, 701, 325]}, {""label"": ""flame"", ""score"": 0.1159, ""box"": [703, 418, 742, 443]}, {""label"": ""flame"", ""score"": 0.107, ""box"": [843, 247, 933, 298]}, {""label"": ""smoke"", ""score"": 0.1063, ""box"": [512, 244, 685, 348]}, {""label"": ""flame"", ""score"": 0.0972, ""box"": [619, 391, 743, 442]}, {""label"": ""flame"", ""score"": 0.0971, ""box"": [706, 373, 752, 415]}, {""label"": ""flame"", ""score"": 0.0956, ""box"": [659, 418, 763, 444]}, {""label"": ""flame"", ""score"": 0.0954, ""box"": [843, 250, 913, 297]}, {""label"": ""smoke"", ""score"": 0.0869, ""box"": [534, 137, 576, 187]}, {""label"": ""flame"", ""score"": 0.0841, ""box"": [705, 373, 766, 418]}, {""label"": ""flame"", ""score"": 0.084, ""box"": [648, 416, 737, 444]}, {""label"": ""flame"", ""score"": 0.0834, ""box"": [842, 246, 933, 311]}, {""label"": ""flame"", ""score"": 0.0826, ""box"": [620, 394, 664, 414]}, {""label"": ""flame"", ""score"": 0.0815, ""box"": [657, 290, 729, 319]}, {""label"": ""smoke"", ""score"": 0.0812, ""box"": [590, 243, 688, 341]}, {""label"": ""smoke"", ""score"": 0.0786, ""box"": [512, 259, 591, 323]}, {""label"": ""flame"", ""score"": 0.0741, ""box"": [621, 372, 840, 420]}, {""label"": ""flame"", ""score"": 0.0713, ""box"": [621, 393, 759, 420]}, {""label"": ""smoke"", ""score"": 0.07, ""box"": [621, 90, 1116, 439]}, {""label"": ""smoke"", ""score"": 0.0697, ""box"": [505, 94, 698, 213]}, {""label"": ""smoke"", ""score"": 0.0697, ""box"": [593, 131, 707, 316]}, {""label"": ""flame"", ""score"": 0.0693, ""box"": [619, 374, 829, 435]}, {""label"": ""smoke"", ""score"": 0.0678, ""box"": [618, 246, 931, 441]}, {""label"": ""flame"", ""score"": 0.0667, ""box"": [973, 586, 1007, 607]}, {""label"": ""smoke"", ""score"": 0.065, ""box"": [843, 247, 933, 298]}, {""label"": ""flame"", ""score"": 0.0642, ""box"": [670, 358, 716, 375]}, {""label"": ""flame"", ""score"": 0.063, ""box"": [842, 250, 908, 295]}, {""label"": ""smoke"", ""score"": 0.0611, ""box"": [508, 128, 697, 253]}, {""label"": ""smoke"", ""score"": 0.06, ""box"": [513, 259, 589, 313]}, {""label"": ""flame"", ""score"": 0.0599, ""box"": [619, 397, 649, 413]}, {""label"": ""flame"", ""score"": 0.0594, ""box"": [659, 425, 698, 444]}, {""label"": ""flame"", ""score"": 0.0587, ""box"": [621, 392, 838, 442]}, {""label"": ""flame"", ""score"": 0.0582, ""box"": [657, 279, 761, 320]}, {""label"": ""flame"", ""score"": 0.057, ""box"": [844, 251, 903, 287]}, {""label"": ""smoke"", ""score"": 0.0561, ""box"": [842, 246, 933, 311]}, {""label"": ""smoke"", ""score"": 0.0541, ""box"": [619, 376, 762, 442]}]",1,1,1,1,1,1
hand_held_camera_wildfire,yolo,150,5.005,1,1,732.0,0.81278,0.852887,"[{""label"": ""flame"", ""score"": 0.8529, ""box"": [615, 246, 926, 443]}, {""label"": ""smoke"", ""score"": 0.8128, ""box"": [737, 90, 1121, 282]}, {""label"": ""flame"", ""score"": 0.0826, ""box"": [618, 391, 703, 418]}]",1,1,1,1,1,1
hand_held_camera_wildfire,dfire_yolov8n,150,5.005,1,1,55.6,0.815015,0.838351,"[{""label"": ""flame"", ""score"": 0.8384, ""box"": [619, 253, 927, 427]}, {""label"": ""smoke"", ""score"": 0.815, ""box"": [735, 97, 1115, 284]}]",1,1,1,1,1,1
hand_held_camera_wildfire,soul,150,5.005,1,1,63.0,0.0,0.876089,"[{""label"": ""flame"", ""score"": 0.8761, ""box"": [623, 247, 932, 429]}, {""label"": ""flame"", ""score"": 0.1249, ""box"": [224, 368, 279, 407]}]",0,1,1,0,1,1
hand_held_camera_wildfire,pyronear,150,5.005,1,1,330.3,0.0,0.0,[],0,0,0,0,0,0
hand_held_camera_wildfire,dfine,180,6.006,1,1,381.7,0.882653,0.876768,"[{""label"": ""smoke"", ""score"": 0.8827, ""box"": [733, 90, 1117, 333]}, {""label"": ""flame"", ""score"": 0.8768, ""box"": [631, 278, 967, 485]}, {""label"": ""flame"", ""score"": 0.2774, ""box"": [669, 471, 761, 495]}, {""label"": ""flame"", ""score"": 0.215, ""box"": [916, 321, 968, 385]}, {""label"": ""flame"", ""score"": 0.1906, ""box"": [718, 471, 758, 494]}, {""label"": ""flame"", ""score"": 0.1786, ""box"": [671, 482, 689, 494]}, {""label"": ""flame"", ""score"": 0.1656, ""box"": [758, 298, 775, 323]}, {""label"": ""flame"", ""score"": 0.1618, ""box"": [632, 444, 775, 494]}, {""label"": ""flame"", ""score"": 0.1606, ""box"": [671, 339, 733, 369]}, {""label"": ""flame"", ""score"": 0.1416, ""box"": [633, 442, 720, 468]}, {""label"": ""flame"", ""score"": 0.1397, ""box"": [719, 474, 746, 494]}, {""label"": ""flame"", ""score"": 0.136, ""box"": [670, 333, 773, 371]}, {""label"": ""smoke"", ""score"": 0.1277, ""box"": [527, 307, 605, 357]}, {""label"": ""flame"", ""score"": 0.1219, ""box"": [634, 439, 857, 470]}, {""label"": ""flame"", ""score"": 0.1215, ""box"": [671, 339, 707, 368]}, {""label"": ""flame"", ""score"": 0.1159, ""box"": [633, 442, 788, 469]}, {""label"": ""flame"", ""score"": 0.1143, ""box"": [760, 299, 775, 321]}, {""label"": ""flame"", ""score"": 0.114, ""box"": [634, 445, 857, 495]}, {""label"": ""flame"", ""score"": 0.1129, ""box"": [683, 409, 718, 426]}, {""label"": ""flame"", ""score"": 0.1086, ""box"": [682, 408, 720, 426]}, {""label"": ""smoke"", ""score"": 0.1001, ""box"": [632, 90, 1118, 491]}, {""label"": ""flame"", ""score"": 0.0967, ""box"": [662, 467, 853, 495]}, {""label"": ""smoke"", ""score"": 0.0936, ""box"": [669, 471, 761, 495]}, {""label"": ""flame"", ""score"": 0.0904, ""box"": [920, 357, 943, 384]}, {""label"": ""flame"", ""score"": 0.0859, ""box"": [673, 351, 731, 369]}, {""label"": ""smoke"", ""score"": 0.0817, ""box"": [624, 182, 689, 256]}, {""label"": ""flame"", ""score"": 0.0813, ""box"": [633, 444, 676, 464]}, {""label"": ""flame"", ""score"": 0.0811, ""box"": [747, 297, 776, 343]}, {""label"": ""flame"", ""score"": 0.0768, ""box"": [668, 342, 681, 366]}, {""label"": ""smoke"", ""score"": 0.0755, ""box"": [603, 289, 714, 371]}, {""label"": ""smoke"", ""score"": 0.0754, ""box"": [916, 321, 968, 385]}, {""label"": ""smoke"", ""score"": 0.074, ""box"": [528, 292, 731, 372]}, {""label"": ""smoke"", ""score"": 0.068, ""box"": [626, 182, 708, 263]}, {""label"": ""flame"", ""score"": 0.0665, ""box"": [634, 420, 860, 470]}, {""label"": ""smoke"", ""score"": 0.0665, ""box"": [526, 179, 708, 262]}, {""label"": ""flame"", ""score"": 0.0662, ""box"": [670, 473, 716, 494]}, {""label"": ""smoke"", ""score"": 0.063, ""box"": [164, 90, 1118, 370]}, {""label"": ""smoke"", ""score"": 0.0623, ""box"": [560, 303, 696, 377]}, {""label"": ""smoke"", ""score"": 0.0599, ""box"": [529, 288, 769, 372]}, {""label"": ""flame"", ""score"": 0.0598, ""box"": [673, 354, 712, 369]}, {""label"": ""smoke"", ""score"": 0.059, ""box"": [631, 278, 967, 485]}, {""label"": ""flame"", ""score"": 0.0579, ""box"": [747, 287, 775, 325]}, {""label"": ""smoke"", ""score"": 0.0565, ""box"": [523, 185, 598, 244]}, {""label"": ""smoke"", ""score"": 0.0556, ""box"": [526, 309, 559, 351]}, {""label"": ""flame"", ""score"": 0.0553, ""box"": [824, 279, 966, 385]}, {""label"": ""smoke"", ""score"": 0.0549, ""box"": [718, 471, 758, 494]}, {""label"": ""flame"", ""score"": 0.0545, ""box"": [669, 342, 680, 359]}, {""label"": ""smoke"", ""score"": 0.0543, ""box"": [589, 303, 689, 393]}, {""label"": ""flame"", ""score"": 0.0504, ""box"": [748, 329, 769, 346]}]",1,1,1,1,1,1
hand_held_camera_wildfire,yolo,180,6.006,1,1,690.2,0.828663,0.747853,"[{""label"": ""smoke"", ""score"": 0.8287, ""box"": [747, 91, 1119, 341]}, {""label"": ""flame"", ""score"": 0.7479, ""box"": [629, 284, 969, 489]}, {""label"": ""flame"", ""score"": 0.0589, ""box"": [630, 441, 713, 468]}]",1,1,1,1,1,1
hand_held_camera_wildfire,dfire_yolov8n,180,6.006,1,1,53.2,0.86198,0.869913,"[{""label"": ""flame"", ""score"": 0.8699, ""box"": [635, 285, 973, 483]}, {""label"": ""smoke"", ""score"": 0.862, ""box"": [749, 97, 1112, 333]}]",1,1,1,1,1,1
hand_held_camera_wildfire,soul,180,6.006,1,1,58.4,0.0,0.890407,"[{""label"": ""flame"", ""score"": 0.8904, ""box"": [633, 281, 960, 490]}, {""label"": ""flame"", ""score"": 0.2699, ""box"": [237, 411, 298, 449]}]",0,1,1,0,1,1
hand_held_camera_wildfire,pyronear,180,6.006,1,1,312.5,0.0,0.0,[],0,0,0,0,0,0
hand_held_camera_wildfire,dfine,210,7.007,1,1,372.4,0.881219,0.853689,"[{""label"": ""smoke"", ""score"": 0.8812, ""box"": [699, 90, 1116, 340]}, {""label"": ""flame"", ""score"": 0.8537, ""box"": [596, 288, 876, 484]}, {""label"": ""flame"", ""score"": 0.2856, ""box"": [681, 465, 711, 491]}, {""label"": ""flame"", ""score"": 0.2516, ""box"": [637, 479, 655, 491]}, {""label"": ""flame"", ""score"": 0.1947, ""box"": [635, 464, 713, 491]}, {""label"": ""flame"", ""score"": 0.1531, ""box"": [597, 439, 716, 490]}, {""label"": ""flame"", ""score"": 0.1416, ""box"": [854, 263, 883, 281]}, {""label"": ""flame"", ""score"": 0.1415, ""box"": [680, 420, 755, 464]}, {""label"": ""flame"", ""score"": 0.1413, ""box"": [597, 439, 738, 490]}, {""label"": ""flame"", ""score"": 0.1409, ""box"": [598, 423, 755, 466]}, {""label"": ""smoke"", ""score"": 0.1266, ""box"": [489, 175, 675, 261]}, {""label"": ""flame"", ""score"": 0.1261, ""box"": [598, 437, 753, 466]}, {""label"": ""flame"", ""score"": 0.1228, ""box"": [596, 423, 818, 488]}, {""label"": ""flame"", ""score"": 0.1175, ""box"": [801, 354, 857, 419]}, {""label"": ""flame"", ""score"": 0.1136, ""box"": [800, 353, 860, 419]}, {""label"": ""flame"", ""score"": 0.1129, ""box"": [599, 439, 681, 463]}, {""label"": ""smoke"", ""score"": 0.1121, ""box"": [487, 178, 561, 240]}, {""label"": ""flame"", ""score"": 0.1119, ""box"": [720, 302, 743, 328]}, {""label"": ""flame"", ""score"": 0.1023, ""box"": [598, 438, 691, 465]}, {""label"": ""smoke"", ""score"": 0.0972, ""box"": [594, 90, 1117, 487]}, {""label"": ""flame"", ""score"": 0.0933, ""box"": [681, 420, 713, 459]}, {""label"": ""flame"", ""score"": 0.0922, ""box"": [893, 355, 917, 376]}, {""label"": ""smoke"", ""score"": 0.0893, ""box"": [589, 180, 674, 261]}, {""label"": ""flame"", ""score"": 0.0855, ""box"": [597, 439, 643, 462]}, {""label"": ""smoke"", ""score"": 0.0821, ""box"": [681, 465, 711, 491]}, {""label"": ""flame"", ""score"": 0.0773, ""box"": [679, 441, 715, 491]}, {""label"": ""flame"", ""score"": 0.0749, ""box"": [773, 437, 817, 461]}, {""label"": ""flame"", ""score"": 0.0728, ""box"": [713, 302, 744, 348]}, {""label"": ""flame"", ""score"": 0.0711, ""box"": [755, 301, 789, 333]}, {""label"": ""flame"", ""score"": 0.0692, ""box"": [830, 263, 885, 293]}, {""label"": ""smoke"", ""score"": 0.0673, ""box"": [996, 187, 1035, 233]}, {""label"": ""smoke"", ""score"": 0.0672, ""box"": [571, 286, 675, 375]}, {""label"": ""flame"", ""score"": 0.0665, ""box"": [635, 340, 713, 365]}, {""label"": ""smoke"", ""score"": 0.0644, ""box"": [596, 288, 876, 484]}, {""label"": ""smoke"", ""score"": 0.0635, ""box"": [488, 173, 712, 349]}, {""label"": ""smoke"", ""score"": 0.063, ""box"": [566, 293, 663, 388]}, {""label"": ""flame"", ""score"": 0.063, ""box"": [801, 372, 843, 418]}, {""label"": ""flame"", ""score"": 0.0612, ""box"": [634, 335, 694, 365]}, {""label"": ""flame"", ""score"": 0.0588, ""box"": [679, 463, 805, 490]}, {""label"": ""flame"", ""score"": 0.0568, ""box"": [634, 333, 737, 366]}, {""label"": ""flame"", ""score"": 0.0567, ""box"": [688, 447, 754, 465]}, {""label"": ""smoke"", ""score"": 0.056, ""box"": [491, 303, 569, 358]}, {""label"": ""smoke"", ""score"": 0.0558, ""box"": [635, 464, 713, 491]}, {""label"": ""flame"", ""score"": 0.0542, ""box"": [623, 439, 679, 460]}, {""label"": ""flame"", ""score"": 0.0537, ""box"": [756, 290, 872, 418]}, {""label"": ""flame"", ""score"": 0.0509, ""box"": [633, 303, 748, 367]}, {""label"": ""smoke"", ""score"": 0.0508, ""box"": [978, 91, 1117, 260]}]",1,1,1,1,1,1
hand_held_camera_wildfire,yolo,210,7.007,1,1,652.1,0.832642,0.783386,"[{""label"": ""smoke"", ""score"": 0.8326, ""box"": [717, 91, 1119, 342]}, {""label"": ""flame"", ""score"": 0.7834, ""box"": [593, 280, 878, 486]}, {""label"": ""flame"", ""score"": 0.0686, ""box"": [595, 428, 757, 492]}, {""label"": ""flame"", ""score"": 0.0578, ""box"": [596, 436, 678, 464]}]",1,1,1,1,1,1
hand_held_camera_wildfire,dfire_yolov8n,210,7.007,1,1,57.1,0.825446,0.748962,"[{""label"": ""smoke"", ""score"": 0.8254, ""box"": [710, 96, 1114, 344]}, {""label"": ""flame"", ""score"": 0.749, ""box"": [600, 291, 882, 476]}, {""label"": ""flame"", ""score"": 0.1349, ""box"": [606, 438, 773, 487]}]",1,1,1,1,1,1
hand_held_camera_wildfire,soul,210,7.007,1,1,58.9,0.0,0.968735,"[{""label"": ""flame"", ""score"": 0.9687, ""box"": [597, 291, 871, 486]}]",0,1,1,0,1,1
hand_held_camera_wildfire,pyronear,210,7.007,1,1,314.0,0.0,0.0,[],0,0,0,0,0,0
hand_held_camera_wildfire,dfine,240,8.008,1,1,382.1,0.902715,0.875128,"[{""label"": ""smoke"", ""score"": 0.9027, ""box"": [616, 90, 1117, 322]}, {""label"": ""flame"", ""score"": 0.8751, ""box"": [498, 265, 791, 465]}, {""label"": ""smoke"", ""score"": 0.2223, ""box"": [391, 147, 583, 239]}, {""label"": ""flame"", ""score"": 0.2137, ""box"": [499, 401, 655, 447]}, {""label"": ""smoke"", ""score"": 0.2112, ""box"": [1008, 263, 1117, 342]}, {""label"": ""smoke"", ""score"": 0.2032, ""box"": [1022, 91, 1118, 301]}, {""label"": ""flame"", ""score"": 0.193, ""box"": [539, 448, 621, 471]}, {""label"": ""flame"", ""score"": 0.162, ""box"": [587, 448, 610, 471]}, {""label"": ""flame"", ""score"": 0.1602, ""box"": [498, 404, 654, 470]}, {""label"": ""smoke"", ""score"": 0.1515, ""box"": [494, 152, 582, 238]}, {""label"": ""flame"", ""score"": 0.1493, ""box"": [586, 399, 655, 445]}, {""label"": ""flame"", ""score"": 0.1369, ""box"": [710, 262, 735, 281]}, {""label"": ""smoke"", ""score"": 0.1368, ""box"": [1006, 166, 1117, 337]}, {""label"": ""flame"", ""score"": 0.1341, ""box"": [587, 446, 622, 471]}, {""label"": ""flame"", ""score"": 0.1331, ""box"": [631, 281, 648, 300]}, {""label"": ""smoke"", ""score"": 0.1329, ""box"": [388, 151, 466, 215]}, {""label"": ""flame"", ""score"": 0.1305, ""box"": [499, 417, 590, 445]}, {""label"": ""flame"", ""score"": 0.1258, ""box"": [499, 414, 651, 469]}, {""label"": ""flame"", ""score"": 0.1228, ""box"": [541, 313, 621, 343]}, {""label"": ""flame"", ""score"": 0.1225, ""box"": [541, 313, 622, 343]}, {""label"": ""smoke"", ""score"": 0.1206, ""box"": [1049, 90, 1118, 189]}, {""label"": ""flame"", ""score"": 0.1202, ""box"": [750, 285, 783, 319]}, {""label"": ""flame"", ""score"": 0.1128, ""box"": [540, 454, 583, 471]}, {""label"": ""smoke"", ""score"": 0.1121, ""box"": [485, 264, 576, 333]}, {""label"": ""smoke"", ""score"": 0.1048, ""box"": [1023, 175, 1117, 297]}, {""label"": ""smoke"", ""score"": 0.103, ""box"": [389, 145, 586, 319]}, {""label"": ""flame"", ""score"": 0.1, ""box"": [499, 397, 723, 447]}, {""label"": ""smoke"", ""score"": 0.0958, ""box"": [389, 144, 599, 341]}, {""label"": ""flame"", ""score"": 0.0938, ""box"": [589, 399, 621, 442]}, {""label"": ""flame"", ""score"": 0.0923, ""box"": [590, 399, 615, 436]}, {""label"": ""flame"", ""score"": 0.0918, ""box"": [541, 310, 644, 345]}, {""label"": ""flame"", ""score"": 0.0907, ""box"": [540, 459, 558, 471]}, {""label"": ""smoke"", ""score"": 0.0895, ""box"": [388, 97, 585, 240]}, {""label"": ""flame"", ""score"": 0.088, ""box"": [498, 398, 723, 448]}, {""label"": ""smoke"", ""score"": 0.088, ""box"": [472, 263, 584, 347]}, {""label"": ""smoke"", ""score"": 0.0871, ""box"": [474, 265, 579, 353]}, {""label"": ""flame"", ""score"": 0.0832, ""box"": [534, 445, 703, 472]}, {""label"": ""flame"", ""score"": 0.0831, ""box"": [497, 402, 721, 469]}, {""label"": ""flame"", ""score"": 0.0771, ""box"": [519, 350, 554, 368]}, {""label"": ""flame"", ""score"": 0.0771, ""box"": [499, 419, 529, 439]}, {""label"": ""smoke"", ""score"": 0.0747, ""box"": [498, 90, 1116, 471]}, {""label"": ""flame"", ""score"": 0.0715, ""box"": [499, 418, 599, 470]}, {""label"": ""flame"", ""score"": 0.0702, ""box"": [577, 449, 610, 471]}, {""label"": ""flame"", ""score"": 0.0692, ""box"": [499, 416, 637, 446]}, {""label"": ""smoke"", ""score"": 0.0671, ""box"": [160, 284, 204, 350]}, {""label"": ""flame"", ""score"": 0.0667, ""box"": [539, 458, 564, 471]}, {""label"": ""flame"", ""score"": 0.0652, ""box"": [656, 282, 684, 308]}, {""label"": ""flame"", ""score"": 0.0652, ""box"": [553, 382, 594, 401]}, {""label"": ""flame"", ""score"": 0.0651, ""box"": [655, 281, 685, 308]}, {""label"": ""flame"", ""score"": 0.0636, ""box"": [498, 398, 749, 471]}, {""label"": ""flame"", ""score"": 0.0629, ""box"": [525, 422, 653, 445]}, {""label"": ""flame"", ""score"": 0.0619, ""box"": [591, 399, 613, 424]}, {""label"": ""flame"", ""score"": 0.0615, ""box"": [620, 315, 647, 343]}, {""label"": ""flame"", ""score"": 0.0605, ""box"": [624, 430, 655, 444]}, {""label"": ""flame"", ""score"": 0.06, ""box"": [593, 427, 655, 445]}, {""label"": ""flame"", ""score"": 0.059, ""box"": [578, 451, 611, 471]}, {""label"": ""flame"", ""score"": 0.0579, ""box"": [617, 280, 650, 341]}, {""label"": ""smoke"", ""score"": 0.0575, ""box"": [1028, 233, 1113, 296]}, {""label"": ""flame"", ""score"": 0.0555, ""box"": [665, 399, 723, 441]}, {""label"": ""flame"", ""score"": 0.0554, ""box"": [621, 280, 650, 317]}, {""label"": ""flame"", ""score"": 0.0549, ""box"": [541, 313, 571, 342]}, {""label"": ""smoke"", ""score"": 0.0547, ""box"": [499, 401, 655, 447]}, {""label"": ""smoke"", ""score"": 0.0537, ""box"": [498, 265, 791, 465]}, {""label"": ""smoke"", ""score"": 0.0534, ""box"": [498, 404, 654, 470]}, {""label"": ""smoke"", ""score"": 0.0529, ""box"": [420, 155, 465, 207]}, {""label"": ""smoke"", ""score"": 0.0522, ""box"": [539, 448, 621, 471]}, {""label"": ""flame"", ""score"": 0.0513, ""box"": [588, 422, 654, 445]}, {""label"": ""smoke"", ""score"": 0.0513, ""box"": [477, 152, 578, 235]}, {""label"": ""smoke"", ""score"": 0.0502, ""box"": [797, 89, 929, 131]}, {""label"": ""flame"", ""score"": 0.05, ""box"": [1008, 263, 1117, 342]}]",1,1,1,1,1,1
hand_held_camera_wildfire,yolo,240,8.008,1,1,706.6,0.833821,0.812636,"[{""label"": ""smoke"", ""score"": 0.8338, ""box"": [619, 91, 1115, 314]}, {""label"": ""flame"", ""score"": 0.8126, ""box"": [495, 262, 787, 462]}, {""label"": ""flame"", ""score"": 0.1175, ""box"": [499, 415, 585, 445]}, {""label"": ""flame"", ""score"": 0.0676, ""box"": [497, 404, 702, 472]}]",1,1,1,1,1,1
hand_held_camera_wildfire,dfire_yolov8n,240,8.008,1,1,55.0,0.832792,0.903487,"[{""label"": ""flame"", ""score"": 0.9035, ""box"": [503, 269, 794, 454]}, {""label"": ""smoke"", ""score"": 0.8328, ""box"": [619, 98, 1098, 295]}]",1,1,1,1,1,1
hand_held_camera_wildfire,soul,240,8.008,1,1,50.3,0.0,0.930143,"[{""label"": ""flame"", ""score"": 0.9301, ""box"": [501, 263, 789, 469]}]",0,1,1,0,1,1
hand_held_camera_wildfire,pyronear,240,8.008,1,1,302.1,0.0,0.0,[],0,0,0,0,0,0
hand_held_camera_wildfire,dfine,270,9.009,1,1,369.7,0.878777,0.867396,"[{""label"": ""smoke"", ""score"": 0.8788, ""box"": [626, 90, 1116, 374]}, {""label"": ""flame"", ""score"": 0.8674, ""box"": [526, 307, 811, 497]}, {""label"": ""flame"", ""score"": 0.3196, ""box"": [527, 464, 684, 492]}, {""label"": ""flame"", ""score"": 0.2466, ""box"": [568, 358, 633, 388]}, {""label"": ""flame"", ""score"": 0.2178, ""box"": [680, 310, 748, 355]}, {""label"": ""flame"", ""score"": 0.1645, ""box"": [565, 506, 584, 517]}, {""label"": ""smoke"", ""score"": 0.1439, ""box"": [1046, 322, 1118, 391]}, {""label"": ""flame"", ""score"": 0.1389, ""box"": [563, 495, 644, 518]}, {""label"": ""flame"", ""score"": 0.1339, ""box"": [530, 464, 611, 488]}, {""label"": ""flame"", ""score"": 0.1227, ""box"": [523, 464, 745, 516]}, {""label"": ""flame"", ""score"": 0.1193, ""box"": [544, 396, 571, 413]}, {""label"": ""flame"", ""score"": 0.1143, ""box"": [564, 501, 614, 518]}, {""label"": ""flame"", ""score"": 0.1114, ""box"": [543, 358, 633, 414]}, {""label"": ""flame"", ""score"": 0.1095, ""box"": [657, 333, 672, 350]}, {""label"": ""flame"", ""score"": 0.1049, ""box"": [612, 497, 635, 518]}, {""label"": ""flame"", ""score"": 0.1047, ""box"": [524, 464, 685, 515]}, {""label"": ""flame"", ""score"": 0.1041, ""box"": [613, 497, 635, 518]}, {""label"": ""smoke"", ""score"": 0.1023, ""box"": [421, 192, 613, 279]}, {""label"": ""flame"", ""score"": 0.1015, ""box"": [561, 492, 731, 518]}, {""label"": ""flame"", ""score"": 0.0972, ""box"": [555, 491, 728, 518]}, {""label"": ""flame"", ""score"": 0.0949, ""box"": [548, 464, 608, 487]}, {""label"": ""flame"", ""score"": 0.0926, ""box"": [525, 448, 743, 493]}, {""label"": ""smoke"", ""score"": 0.0886, ""box"": [417, 194, 495, 257]}, {""label"": ""flame"", ""score"": 0.0882, ""box"": [579, 428, 613, 446]}, {""label"": ""flame"", ""score"": 0.0846, ""box"": [527, 464, 613, 489]}, {""label"": ""smoke"", ""score"": 0.0844, ""box"": [524, 197, 613, 281]}, {""label"": ""flame"", ""score"": 0.0817, ""box"": [676, 306, 790, 356]}, {""label"": ""smoke"", ""score"": 0.0816, ""box"": [520, 91, 1116, 513]}, {""label"": ""flame"", ""score"": 0.0804, ""box"": [650, 477, 684, 491]}, {""label"": ""flame"", ""score"": 0.0781, ""box"": [566, 351, 666, 390]}, {""label"": ""flame"", ""score"": 0.076, ""box"": [565, 334, 672, 390]}, {""label"": ""flame"", ""score"": 0.0743, ""box"": [654, 477, 684, 491]}, {""label"": ""smoke"", ""score"": 0.0738, ""box"": [495, 314, 603, 402]}, {""label"": ""flame"", ""score"": 0.0732, ""box"": [525, 465, 635, 517]}, {""label"": ""flame"", ""score"": 0.0713, ""box"": [525, 466, 650, 517]}, {""label"": ""smoke"", ""score"": 0.0685, ""box"": [176, 91, 1109, 391]}, {""label"": ""smoke"", ""score"": 0.0683, ""box"": [563, 495, 644, 518]}, {""label"": ""flame"", ""score"": 0.0653, ""box"": [611, 495, 653, 518]}, {""label"": ""smoke"", ""score"": 0.0646, ""box"": [542, 359, 633, 448]}, {""label"": ""smoke"", ""score"": 0.0634, ""box"": [434, 311, 616, 407]}, {""label"": ""flame"", ""score"": 0.0608, ""box"": [533, 464, 618, 488]}, {""label"": ""flame"", ""score"": 0.059, ""box"": [564, 334, 671, 391]}, {""label"": ""smoke"", ""score"": 0.0589, ""box"": [1064, 91, 1117, 157]}, {""label"": ""smoke"", ""score"": 0.0571, ""box"": [811, 89, 1114, 182]}, {""label"": ""flame"", ""score"": 0.057, ""box"": [609, 493, 649, 518]}, {""label"": ""flame"", ""score"": 0.057, ""box"": [531, 466, 568, 484]}, {""label"": ""flame"", ""score"": 0.0569, ""box"": [544, 391, 616, 414]}, {""label"": ""smoke"", ""score"": 0.0565, ""box"": [526, 307, 811, 497]}, {""label"": ""smoke"", ""score"": 0.0555, ""box"": [419, 185, 623, 333]}, {""label"": ""smoke"", ""score"": 0.0554, ""box"": [869, 91, 1115, 334]}, {""label"": ""smoke"", ""score"": 0.0546, ""box"": [561, 492, 731, 518]}, {""label"": ""flame"", ""score"": 0.0541, ""box"": [525, 465, 564, 483]}, {""label"": ""smoke"", ""score"": 0.0526, ""box"": [680, 310, 748, 355]}, {""label"": ""flame"", ""score"": 0.0526, ""box"": [160, 276, 177, 307]}, {""label"": ""flame"", ""score"": 0.0519, ""box"": [619, 474, 684, 492]}, {""label"": ""flame"", ""score"": 0.0519, ""box"": [544, 391, 587, 413]}, {""label"": ""smoke"", ""score"": 0.0518, ""box"": [568, 358, 633, 388]}, {""label"": ""smoke"", ""score"": 0.0518, ""box"": [564, 501, 614, 518]}, {""label"": ""flame"", ""score"": 0.0516, ""box"": [542, 359, 633, 448]}, {""label"": ""smoke"", ""score"": 0.0516, ""box"": [523, 464, 745, 516]}, {""label"": ""smoke"", ""score"": 0.0512, ""box"": [651, 90, 1115, 335]}, {""label"": ""smoke"", ""score"": 0.051, ""box"": [817, 90, 1014, 166]}, {""label"": ""smoke"", ""score"": 0.051, ""box"": [555, 491, 728, 518]}, {""label"": ""smoke"", ""score"": 0.0504, ""box"": [669, 90, 1114, 315]}, {""label"": ""smoke"", ""score"": 0.0501, ""box"": [917, 89, 1115, 161]}]",1,1,1,1,1,1
hand_held_camera_wildfire,yolo,270,9.009,1,1,710.7,0.880309,0.8041,"[{""label"": ""smoke"", ""score"": 0.8803, ""box"": [664, 92, 1118, 376]}, {""label"": ""flame"", ""score"": 0.8041, ""box"": [522, 306, 816, 499]}]",1,1,1,1,1,1
hand_held_camera_wildfire,dfire_yolov8n,270,9.009,1,1,51.9,0.840291,0.817245,"[{""label"": ""smoke"", ""score"": 0.8403, ""box"": [659, 95, 1114, 372]}, {""label"": ""flame"", ""score"": 0.8172, ""box"": [518, 306, 812, 506]}]",1,1,1,1,1,1
hand_held_camera_wildfire,soul,270,9.009,1,1,49.7,0.0,0.892796,"[{""label"": ""flame"", ""score"": 0.8928, ""box"": [527, 311, 820, 505]}]",0,1,1,0,1,1
hand_held_camera_wildfire,pyronear,270,9.009,1,1,323.4,0.204611,0.0,"[{""label"": ""smoke"", ""score"": 0.2046, ""box"": [1045, 322, 1120, 390]}]",0,0,0,0,0,0
hand_held_camera_wildfire,dfine,300,10.01,1,1,366.1,0.875988,0.866147,"[{""label"": ""smoke"", ""score"": 0.876, ""box"": [807, 90, 1117, 338]}, {""label"": ""flame"", ""score"": 0.8661, ""box"": [690, 304, 1010, 492]}, {""label"": ""flame"", ""score"": 0.2994, ""box"": [732, 339, 800, 369]}, {""label"": ""flame"", ""score"": 0.2928, ""box"": [782, 475, 802, 501]}, {""label"": ""flame"", ""score"": 0.2214, ""box"": [691, 442, 851, 473]}, {""label"": ""smoke"", ""score"": 0.1744, ""box"": [583, 174, 773, 263]}, {""label"": ""flame"", ""score"": 0.1694, ""box"": [692, 445, 779, 469]}, {""label"": ""flame"", ""score"": 0.1431, ""box"": [730, 306, 838, 370]}, {""label"": ""flame"", ""score"": 0.1372, ""box"": [691, 446, 804, 499]}, {""label"": ""flame"", ""score"": 0.1354, ""box"": [690, 445, 844, 500]}, {""label"": ""flame"", ""score"": 0.1353, ""box"": [780, 426, 849, 471]}, {""label"": ""flame"", ""score"": 0.1261, ""box"": [691, 431, 854, 473]}, {""label"": ""smoke"", ""score"": 0.1228, ""box"": [688, 90, 1118, 503]}, {""label"": ""smoke"", ""score"": 0.1211, ""box"": [689, 90, 1118, 505]}, {""label"": ""flame"", ""score"": 0.1134, ""box"": [780, 425, 911, 472]}, {""label"": ""flame"", ""score"": 0.1133, ""box"": [781, 426, 807, 466]}, {""label"": ""flame"", ""score"": 0.1116, ""box"": [780, 473, 828, 501]}, {""label"": ""flame"", ""score"": 0.1111, ""box"": [821, 303, 838, 328]}, {""label"": ""flame"", ""score"": 0.1098, ""box"": [732, 476, 804, 501]}, {""label"": ""smoke"", ""score"": 0.0994, ""box"": [684, 178, 772, 262]}, {""label"": ""smoke"", ""score"": 0.0984, ""box"": [684, 179, 723, 249]}, {""label"": ""flame"", ""score"": 0.098, ""box"": [731, 488, 752, 499]}, {""label"": ""flame"", ""score"": 0.0915, ""box"": [691, 427, 911, 475]}, {""label"": ""flame"", ""score"": 0.0905, ""box"": [809, 303, 838, 341]}, {""label"": ""smoke"", ""score"": 0.0888, ""box"": [583, 174, 780, 331]}, {""label"": ""smoke"", ""score"": 0.0856, ""box"": [584, 307, 662, 356]}, {""label"": ""smoke"", ""score"": 0.082, ""box"": [977, 89, 1117, 162]}, {""label"": ""smoke"", ""score"": 0.0809, ""box"": [978, 89, 1057, 152]}, {""label"": ""smoke"", ""score"": 0.0808, ""box"": [580, 182, 658, 245]}, {""label"": ""flame"", ""score"": 0.0805, ""box"": [707, 337, 810, 393]}, {""label"": ""flame"", ""score"": 0.0796, ""box"": [843, 317, 868, 342]}, {""label"": ""flame"", ""score"": 0.0795, ""box"": [709, 375, 743, 396]}, {""label"": ""smoke"", ""score"": 0.074, ""box"": [583, 173, 818, 366]}, {""label"": ""smoke"", ""score"": 0.0738, ""box"": [981, 90, 1117, 314]}, {""label"": ""flame"", ""score"": 0.0727, ""box"": [784, 449, 853, 472]}, {""label"": ""flame"", ""score"": 0.0725, ""box"": [692, 447, 735, 465]}, {""label"": ""flame"", ""score"": 0.0716, ""box"": [781, 472, 897, 501]}, {""label"": ""flame"", ""score"": 0.0697, ""box"": [691, 420, 857, 474]}, {""label"": ""smoke"", ""score"": 0.0677, ""box"": [690, 304, 1010, 492]}, {""label"": ""flame"", ""score"": 0.0656, ""box"": [708, 329, 822, 397]}, {""label"": ""smoke"", ""score"": 0.0648, ""box"": [573, 92, 1116, 388]}, {""label"": ""smoke"", ""score"": 0.0641, ""box"": [982, 89, 1117, 234]}, {""label"": ""flame"", ""score"": 0.0635, ""box"": [728, 343, 740, 362]}, {""label"": ""smoke"", ""score"": 0.0619, ""box"": [580, 178, 659, 244]}, {""label"": ""smoke"", ""score"": 0.0601, ""box"": [979, 89, 1117, 213]}, {""label"": ""smoke"", ""score"": 0.0598, ""box"": [996, 244, 1058, 290]}, {""label"": ""flame"", ""score"": 0.0591, ""box"": [740, 401, 786, 427]}, {""label"": ""flame"", ""score"": 0.059, ""box"": [929, 312, 1008, 399]}, {""label"": ""flame"", ""score"": 0.0583, ""box"": [732, 339, 758, 365]}, {""label"": ""smoke"", ""score"": 0.0569, ""box"": [977, 89, 1117, 180]}, {""label"": ""flame"", ""score"": 0.0566, ""box"": [739, 397, 784, 427]}, {""label"": ""smoke"", ""score"": 0.056, ""box"": [929, 312, 1008, 399]}, {""label"": ""smoke"", ""score"": 0.0554, ""box"": [782, 475, 802, 501]}, {""label"": ""flame"", ""score"": 0.0543, ""box"": [808, 303, 838, 350]}, {""label"": ""flame"", ""score"": 0.054, ""box"": [761, 445, 808, 501]}, {""label"": ""flame"", ""score"": 0.0532, ""box"": [691, 448, 720, 463]}, {""label"": ""smoke"", ""score"": 0.0516, ""box"": [701, 326, 827, 459]}, {""label"": ""flame"", ""score"": 0.0514, ""box"": [730, 471, 847, 502]}, {""label"": ""smoke"", ""score"": 0.0514, ""box"": [690, 445, 844, 500]}, {""label"": ""smoke"", ""score"": 0.0506, ""box"": [732, 339, 800, 369]}, {""label"": ""flame"", ""score"": 0.0501, ""box"": [816, 302, 838, 331]}]",1,1,1,1,1,1
hand_held_camera_wildfire,yolo,300,10.01,1,1,708.7,0.856561,0.715572,"[{""label"": ""smoke"", ""score"": 0.8566, ""box"": [824, 91, 1117, 341]}, {""label"": ""flame"", ""score"": 0.7156, ""box"": [691, 307, 1008, 494]}, {""label"": ""flame"", ""score"": 0.0975, ""box"": [777, 425, 918, 473]}, {""label"": ""flame"", ""score"": 0.0893, ""box"": [689, 431, 898, 501]}, {""label"": ""flame"", ""score"": 0.0848, ""box"": [732, 339, 800, 368]}, {""label"": ""flame"", ""score"": 0.082, ""box"": [690, 443, 776, 470]}, {""label"": ""flame"", ""score"": 0.0551, ""box"": [823, 303, 836, 329]}]",1,1,1,1,1,1
hand_held_camera_wildfire,dfire_yolov8n,300,10.01,1,1,54.9,0.835679,0.83841,"[{""label"": ""flame"", ""score"": 0.8384, ""box"": [694, 316, 1007, 491]}, {""label"": ""smoke"", ""score"": 0.8357, ""box"": [816, 97, 1112, 354]}, {""label"": ""smoke"", ""score"": 0.0766, ""box"": [164, 243, 363, 314]}]",1,1,1,1,1,1
hand_held_camera_wildfire,soul,300,10.01,1,1,56.4,0.0,0.916903,"[{""label"": ""flame"", ""score"": 0.9169, ""box"": [695, 291, 1012, 502]}, {""label"": ""flame"", ""score"": 0.4138, ""box"": [306, 412, 358, 453]}]",0,1,1,0,1,1
hand_held_camera_wildfire,pyronear,300,10.01,1,1,303.3,0.0,0.0,[],0,0,0,0,0,0
hand_held_camera_wildfire,dfine,330,11.011,1,1,373.8,0.524338,0.511174,"[{""label"": ""smoke"", ""score"": 0.5243, ""box"": [874, 93, 1118, 455]}, {""label"": ""flame"", ""score"": 0.5112, ""box"": [865, 407, 1114, 457]}, {""label"": ""flame"", ""score"": 0.5084, ""box"": [867, 273, 1117, 459]}, {""label"": ""flame"", ""score"": 0.5048, ""box"": [907, 311, 1017, 349]}, {""label"": ""smoke"", ""score"": 0.4567, ""box"": [989, 92, 1118, 319]}, {""label"": ""smoke"", ""score"": 0.4139, ""box"": [989, 132, 1118, 302]}, {""label"": ""flame"", ""score"": 0.3558, ""box"": [865, 407, 1115, 477]}, {""label"": ""flame"", ""score"": 0.2913, ""box"": [1010, 270, 1026, 299]}, {""label"": ""flame"", ""score"": 0.291, ""box"": [919, 383, 957, 408]}, {""label"": ""flame"", ""score"": 0.2884, ""box"": [867, 424, 1058, 455]}, {""label"": ""flame"", ""score"": 0.2838, ""box"": [866, 427, 971, 453]}, {""label"": ""smoke"", ""score"": 0.2824, ""box"": [997, 135, 1118, 343]}, {""label"": ""flame"", ""score"": 0.2755, ""box"": [969, 457, 991, 483]}, {""label"": ""flame"", ""score"": 0.2698, ""box"": [905, 272, 1027, 352]}, {""label"": ""flame"", ""score"": 0.267, ""box"": [865, 371, 1116, 458]}, {""label"": ""flame"", ""score"": 0.2604, ""box"": [968, 456, 1005, 483]}, {""label"": ""smoke"", ""score"": 0.2573, ""box"": [895, 91, 1118, 402]}, {""label"": ""flame"", ""score"": 0.2549, ""box"": [874, 93, 1118, 455]}, {""label"": ""smoke"", ""score"": 0.2503, ""box"": [982, 90, 1118, 401]}, {""label"": ""flame"", ""score"": 0.2492, ""box"": [896, 305, 1022, 407]}, {""label"": ""flame"", ""score"": 0.2441, ""box"": [966, 409, 1114, 454]}, {""label"": ""smoke"", ""score"": 0.2385, ""box"": [912, 90, 1118, 350]}, {""label"": ""smoke"", ""score"": 0.2337, ""box"": [988, 90, 1118, 390]}, {""label"": ""smoke"", ""score"": 0.2329, ""box"": [994, 91, 1118, 271]}, {""label"": ""flame"", ""score"": 0.2322, ""box"": [908, 314, 977, 345]}, {""label"": ""flame"", ""score"": 0.2319, ""box"": [967, 408, 1046, 453]}, {""label"": ""flame"", ""score"": 0.2207, ""box"": [909, 315, 985, 345]}, {""label"": ""smoke"", ""score"": 0.2191, ""box"": [1094, 89, 1118, 132]}, {""label"": ""smoke"", ""score"": 0.2164, ""box"": [906, 134, 1118, 348]}, {""label"": ""flame"", ""score"": 0.2161, ""box"": [894, 306, 1022, 370]}, {""label"": ""smoke"", ""score"": 0.214, ""box"": [989, 128, 1118, 402]}, {""label"": ""flame"", ""score"": 0.2114, ""box"": [869, 430, 1114, 457]}, {""label"": ""flame"", ""score"": 0.2016, ""box"": [866, 426, 998, 455]}, {""label"": ""smoke"", ""score"": 0.1995, ""box"": [987, 125, 1118, 404]}, {""label"": ""flame"", ""score"": 0.1956, ""box"": [967, 408, 996, 449]}, {""label"": ""flame"", ""score"": 0.1875, ""box"": [866, 428, 1005, 481]}, {""label"": ""smoke"", ""score"": 0.1802, ""box"": [919, 139, 1117, 445]}, {""label"": ""flame"", ""score"": 0.1798, ""box"": [1079, 431, 1116, 452]}, {""label"": ""smoke"", ""score"": 0.1708, ""box"": [867, 273, 1117, 459]}, {""label"": ""flame"", ""score"": 0.1627, ""box"": [866, 429, 900, 448]}, {""label"": ""flame"", ""score"": 0.1624, ""box"": [967, 455, 1087, 483]}, {""label"": ""flame"", ""score"": 0.1622, ""box"": [879, 355, 910, 373]}, {""label"": ""flame"", ""score"": 0.1591, ""box"": [906, 271, 1035, 351]}, {""label"": ""flame"", ""score"": 0.1583, ""box"": [904, 270, 1116, 385]}, {""label"": ""flame"", ""score"": 0.1566, ""box"": [1030, 346, 1112, 385]}, {""label"": ""flame"", ""score"": 0.1535, ""box"": [883, 300, 1023, 408]}, {""label"": ""flame"", ""score"": 0.1533, ""box"": [866, 407, 1040, 455]}, {""label"": ""flame"", ""score"": 0.1514, ""box"": [912, 471, 930, 482]}, {""label"": ""flame"", ""score"": 0.1494, ""box"": [892, 428, 971, 452]}, {""label"": ""flame"", ""score"": 0.1494, ""box"": [918, 350, 1116, 454]}, {""label"": ""smoke"", ""score"": 0.1481, ""box"": [1014, 269, 1117, 386]}, {""label"": ""flame"", ""score"": 0.1468, ""box"": [882, 347, 970, 373]}, {""label"": ""flame"", ""score"": 0.145, ""box"": [866, 424, 999, 455]}, {""label"": ""flame"", ""score"": 0.138, ""box"": [872, 312, 1023, 451]}, {""label"": ""flame"", ""score"": 0.1354, ""box"": [928, 408, 1115, 454]}, {""label"": ""smoke"", ""score"": 0.1304, ""box"": [1017, 266, 1118, 350]}, {""label"": ""flame"", ""score"": 0.1264, ""box"": [1012, 347, 1111, 386]}, {""label"": ""flame"", ""score"": 0.1264, ""box"": [964, 351, 1116, 453]}, {""label"": ""flame"", ""score"": 0.1254, ""box"": [1001, 332, 1115, 387]}, {""label"": ""smoke"", ""score"": 0.1221, ""box"": [1095, 89, 1118, 127]}, {""label"": ""smoke"", ""score"": 0.121, ""box"": [904, 270, 1116, 385]}, {""label"": ""flame"", ""score"": 0.1198, ""box"": [880, 351, 924, 374]}, {""label"": ""flame"", ""score"": 0.1147, ""box"": [970, 433, 1056, 454]}, {""label"": ""smoke"", ""score"": 0.1114, ""box"": [1040, 267, 1117, 311]}, {""label"": ""flame"", ""score"": 0.111, ""box"": [902, 363, 977, 411]}, {""label"": ""flame"", ""score"": 0.1099, ""box"": [880, 350, 927, 373]}, {""label"": ""smoke"", ""score"": 0.1035, ""box"": [1003, 90, 1118, 236]}, {""label"": ""flame"", ""score"": 0.103, ""box"": [894, 428, 964, 452]}, {""label"": ""flame"", ""score"": 0.101, ""box"": [879, 352, 932, 375]}, {""label"": ""flame"", ""score"": 0.1004, ""box"": [880, 358, 901, 372]}, {""label"": ""flame"", ""score"": 0.0969, ""box"": [1003, 440, 1047, 454]}, {""label"": ""smoke"", ""score"": 0.0953, ""box"": [865, 407, 1114, 457]}, {""label"": ""flame"", ""score"": 0.0951, ""box"": [1004, 345, 1113, 388]}, {""label"": ""flame"", ""score"": 0.0938, ""box"": [948, 299, 980, 310]}, {""label"": ""flame"", ""score"": 0.0932, ""box"": [992, 320, 1023, 350]}, {""label"": ""smoke"", ""score"": 0.0907, ""box"": [907, 311, 1017, 349]}, {""label"": ""smoke"", ""score"": 0.087, ""box"": [1014, 270, 1117, 394]}, {""label"": ""smoke"", ""score"": 0.0833, ""box"": [1029, 271, 1117, 420]}, {""label"": ""smoke"", ""score"": 0.0822, ""box"": [1059, 90, 1118, 201]}, {""label"": ""flame"", ""score"": 0.0821, ""box"": [907, 315, 942, 345]}, {""label"": ""flame"", ""score"": 0.0819, ""box"": [910, 463, 958, 483]}, {""label"": ""smoke"", ""score"": 0.0819, ""box"": [749, 91, 1117, 457]}, {""label"": ""flame"", ""score"": 0.0817, ""box"": [867, 320, 1116, 457]}, {""label"": ""smoke"", ""score"": 0.0809, ""box"": [760, 91, 1117, 457]}, {""label"": ""flame"", ""score"": 0.0798, ""box"": [869, 270, 1029, 375]}, {""label"": ""smoke"", ""score"": 0.0795, ""box"": [968, 456, 1005, 483]}, {""label"": ""smoke"", ""score"": 0.0786, ""box"": [971, 268, 1117, 430]}, {""label"": ""flame"", ""score"": 0.077, ""box"": [1004, 349, 1111, 387]}, {""label"": ""smoke"", ""score"": 0.0767, ""box"": [969, 457, 991, 483]}, {""label"": ""flame"", ""score"": 0.0762, ""box"": [972, 426, 1114, 454]}, {""label"": ""smoke"", ""score"": 0.0758, ""box"": [861, 150, 957, 236]}, {""label"": ""smoke"", ""score"": 0.0748, ""box"": [1052, 90, 1118, 169]}, {""label"": ""smoke"", ""score"": 0.0745, ""box"": [808, 91, 1117, 315]}, {""label"": ""flame"", ""score"": 0.0742, ""box"": [905, 319, 921, 344]}, {""label"": ""smoke"", ""score"": 0.0741, ""box"": [865, 407, 1115, 477]}, {""label"": ""smoke"", ""score"": 0.0734, ""box"": [998, 300, 1116, 386]}, {""label"": ""smoke"", ""score"": 0.0729, ""box"": [1023, 266, 1117, 334]}, {""label"": ""smoke"", ""score"": 0.0711, ""box"": [168, 307, 225, 375]}, {""label"": ""smoke"", ""score"": 0.0705, ""box"": [169, 318, 225, 377]}, {""label"": ""flame"", ""score"": 0.0686, ""box"": [990, 300, 1014, 312]}, {""label"": ""smoke"", ""score"": 0.0686, ""box"": [613, 91, 1116, 444]}, {""label"": ""smoke"", ""score"": 0.0684, ""box"": [964, 351, 1116, 453]}, {""label"": ""flame"", ""score"": 0.0681, ""box"": [1009, 269, 1026, 300]}, {""label"": ""smoke"", ""score"": 0.068, ""box"": [684, 91, 1117, 457]}, {""label"": ""flame"", ""score"": 0.0679, ""box"": [1045, 434, 1066, 451]}, {""label"": ""flame"", ""score"": 0.0677, ""box"": [1014, 269, 1117, 386]}, {""label"": ""flame"", ""score"": 0.0673, ""box"": [967, 407, 991, 432]}, {""label"": ""smoke"", ""score"": 0.0673, ""box"": [919, 383, 957, 408]}, {""label"": ""smoke"", ""score"": 0.0671, ""box"": [792, 91, 1118, 459]}, {""label"": ""flame"", ""score"": 0.0665, ""box"": [920, 326, 1116, 453]}, {""label"": ""flame"", ""score"": 0.0664, ""box"": [1021, 308, 1117, 386]}, {""label"": ""flame"", ""score"": 0.0661, ""box"": [1040, 267, 1117, 311]}, {""label"": ""smoke"", ""score"": 0.0658, ""box"": [555, 91, 1117, 397]}, {""label"": ""flame"", ""score"": 0.0654, ""box"": [986, 328, 1018, 351]}, {""label"": ""smoke"", ""score"": 0.0654, ""box"": [896, 305, 1022, 407]}, {""label"": ""smoke"", ""score"": 0.0646, ""box"": [161, 265, 227, 373]}, {""label"": ""smoke"", ""score"": 0.0644, ""box"": [1001, 332, 1115, 387]}, {""label"": ""smoke"", ""score"": 0.0639, ""box"": [1021, 308, 1117, 386]}, {""label"": ""smoke"", ""score"": 0.0635, ""box"": [865, 371, 1116, 458]}, {""label"": ""flame"", ""score"": 0.0631, ""box"": [906, 291, 1064, 355]}, {""label"": ""smoke"", ""score"": 0.0628, ""box"": [967, 455, 1087, 483]}, {""label"": ""smoke"", ""score"": 0.0626, ""box"": [905, 272, 1027, 352]}, {""label"": ""smoke"", ""score"": 0.0623, ""box"": [918, 350, 1116, 454]}, {""label"": ""flame"", ""score"": 0.061, ""box"": [996, 269, 1028, 335]}, {""label"": ""flame"", ""score"": 0.06, ""box"": [1017, 266, 1118, 350]}, {""label"": ""flame"", ""score"": 0.0599, ""box"": [908, 459, 978, 483]}, {""label"": ""flame"", ""score"": 0.0579, ""box"": [1094, 89, 1118, 132]}, {""label"": ""flame"", ""score"": 0.0574, ""box"": [989, 92, 1118, 319]}, {""label"": ""flame"", ""score"": 0.0568, ""box"": [989, 132, 1118, 302]}, {""label"": ""smoke"", ""score"": 0.0564, ""box"": [944, 90, 1118, 444]}, {""label"": ""flame"", ""score"": 0.0555, ""box"": [877, 343, 930, 375]}, {""label"": ""flame"", ""score"": 0.0552, ""box"": [895, 450, 962, 465]}, {""label"": ""flame"", ""score"": 0.055, ""box"": [998, 300, 1116, 386]}, {""label"": ""smoke"", ""score"": 0.0541, ""box"": [1010, 270, 1026, 299]}, {""label"": ""flame"", ""score"": 0.0539, ""box"": [906, 134, 1118, 348]}, {""label"": ""flame"", ""score"": 0.0537, ""box"": [876, 316, 931, 374]}, {""label"": ""smoke"", ""score"": 0.0529, ""box"": [160, 314, 196, 363]}, {""label"": ""smoke"", ""score"": 0.0525, ""box"": [1030, 346, 1112, 385]}, {""label"": ""smoke"", ""score"": 0.0525, ""box"": [966, 409, 1114, 454]}, {""label"": ""smoke"", ""score"": 0.052, ""box"": [866, 427, 971, 453]}, {""label"": ""flame"", ""score"": 0.052, ""box"": [1048, 459, 1094, 475]}, {""label"": ""flame"", ""score"": 0.0515, ""box"": [895, 91, 1118, 402]}, {""label"": ""flame"", ""score"": 0.0515, ""box"": [912, 90, 1118, 350]}, {""label"": ""smoke"", ""score"": 0.051, ""box"": [906, 271, 1035, 351]}, {""label"": ""smoke"", ""score"": 0.0508, ""box"": [819, 281, 926, 368]}, {""label"": ""flame"", ""score"": 0.0508, ""box"": [891, 430, 915, 448]}, {""label"": ""flame"", ""score"": 0.0507, ""box"": [871, 339, 975, 440]}, {""label"": ""flame"", ""score"": 0.0507, ""box"": [971, 432, 1001, 452]}]",1,1,1,1,1,1
hand_held_camera_wildfire,yolo,330,11.011,1,1,691.5,0.158973,0.707087,"[{""label"": ""flame"", ""score"": 0.7071, ""box"": [863, 265, 1118, 482]}, {""label"": ""smoke"", ""score"": 0.159, ""box"": [1000, 96, 1120, 284]}, {""label"": ""flame"", ""score"": 0.1547, ""box"": [865, 405, 1116, 485]}, {""label"": ""flame"", ""score"": 0.0821, ""box"": [909, 313, 1024, 350]}, {""label"": ""flame"", ""score"": 0.0789, ""box"": [865, 424, 962, 455]}]",0,1,1,0,1,1
hand_held_camera_wildfire,dfire_yolov8n,330,11.011,1,1,53.5,0.361088,0.275335,"[{""label"": ""smoke"", ""score"": 0.3611, ""box"": [882, 117, 1114, 454]}, {""label"": ""flame"", ""score"": 0.2753, ""box"": [880, 427, 1064, 456]}, {""label"": ""flame"", ""score"": 0.09, ""box"": [876, 428, 959, 450]}, {""label"": ""flame"", ""score"": 0.0702, ""box"": [872, 343, 1084, 463]}, {""label"": ""smoke"", ""score"": 0.0632, ""box"": [240, 237, 545, 312]}, {""label"": ""flame"", ""score"": 0.0516, ""box"": [919, 317, 1013, 354]}]",1,1,0,0,0,0
hand_held_camera_wildfire,soul,330,11.011,1,1,57.7,0.0,0.877672,"[{""label"": ""flame"", ""score"": 0.8777, ""box"": [870, 264, 1117, 482]}, {""label"": ""flame"", ""score"": 0.4489, ""box"": [488, 393, 539, 433]}, {""label"": ""flame"", ""score"": 0.3548, ""box"": [438, 242, 489, 287]}, {""label"": ""flame"", ""score"": 0.2396, ""box"": [315, 264, 345, 301]}, {""label"": ""flame"", ""score"": 0.2172, ""box"": [361, 258, 403, 296]}, {""label"": ""flame"", ""score"": 0.192, ""box"": [312, 189, 338, 233]}, {""label"": ""flame"", ""score"": 0.1083, ""box"": [234, 271, 360, 310]}, {""label"": ""flame"", ""score"": 0.1062, ""box"": [237, 280, 283, 315]}, {""label"": ""flame"", ""score"": 0.0827, ""box"": [236, 282, 262, 317]}, {""label"": ""flame"", ""score"": 0.0705, ""box"": [274, 189, 338, 230]}]",0,1,1,0,1,1
hand_held_camera_wildfire,pyronear,330,11.011,1,1,308.4,0.063523,0.0,"[{""label"": ""smoke"", ""score"": 0.0635, ""box"": [674, 605, 722, 629]}]",0,0,0,0,0,0
hand_held_camera_wildfire,dfine,360,12.012,1,1,378.7,0.720435,0.70479,"[{""label"": ""smoke"", ""score"": 0.7204, ""box"": [989, 92, 1118, 328]}, {""label"": ""flame"", ""score"": 0.7048, ""box"": [875, 279, 1117, 454]}, {""label"": ""flame"", ""score"": 0.3895, ""box"": [873, 418, 1055, 451]}, {""label"": ""flame"", ""score"": 0.3522, ""box"": [872, 404, 1116, 451]}, {""label"": ""smoke"", ""score"": 0.3367, ""box"": [879, 93, 1118, 448]}, {""label"": ""flame"", ""score"": 0.2689, ""box"": [872, 418, 1115, 452]}, {""label"": ""smoke"", ""score"": 0.2269, ""box"": [873, 93, 1118, 452]}, {""label"": ""smoke"", ""score"": 0.2178, ""box"": [916, 92, 1118, 343]}, {""label"": ""flame"", ""score"": 0.2125, ""box"": [871, 406, 1116, 472]}, {""label"": ""smoke"", ""score"": 0.1973, ""box"": [995, 92, 1118, 257]}, {""label"": ""flame"", ""score"": 0.1959, ""box"": [873, 421, 966, 446]}, {""label"": ""flame"", ""score"": 0.1862, ""box"": [872, 421, 969, 457]}, {""label"": ""flame"", ""score"": 0.186, ""box"": [915, 308, 1018, 341]}, {""label"": ""flame"", ""score"": 0.1858, ""box"": [975, 457, 992, 478]}, {""label"": ""flame"", ""score"": 0.1849, ""box"": [872, 424, 905, 442]}, {""label"": ""flame"", ""score"": 0.1805, ""box"": [909, 298, 1110, 392]}, {""label"": ""flame"", ""score"": 0.1777, ""box"": [912, 299, 1109, 379]}, {""label"": ""flame"", ""score"": 0.1724, ""box"": [913, 459, 995, 478]}, {""label"": ""flame"", ""score"": 0.1577, ""box"": [1077, 419, 1117, 446]}, {""label"": ""flame"", ""score"": 0.1576, ""box"": [1019, 265, 1037, 284]}, {""label"": ""smoke"", ""score"": 0.1562, ""box"": [763, 92, 1117, 362]}, {""label"": ""flame"", ""score"": 0.156, ""box"": [918, 465, 935, 476]}, {""label"": ""flame"", ""score"": 0.1541, ""box"": [916, 453, 1017, 478]}, {""label"": ""flame"", ""score"": 0.1496, ""box"": [974, 400, 1058, 448]}, {""label"": ""flame"", ""score"": 0.1454, ""box"": [917, 463, 957, 477]}, {""label"": ""smoke"", ""score"": 0.1419, ""box"": [791, 92, 1117, 350]}, {""label"": ""flame"", ""score"": 0.1412, ""box"": [1076, 406, 1117, 445]}, {""label"": ""flame"", ""score"": 0.135, ""box"": [974, 398, 1116, 448]}, {""label"": ""flame"", ""score"": 0.1343, ""box"": [1038, 326, 1107, 367]}, {""label"": ""flame"", ""score"": 0.1319, ""box"": [872, 423, 970, 475]}, {""label"": ""flame"", ""score"": 0.1299, ""box"": [879, 93, 1118, 448]}, {""label"": ""smoke"", ""score"": 0.1259, ""box"": [754, 92, 1117, 445]}, {""label"": ""flame"", ""score"": 0.1247, ""box"": [976, 420, 1054, 448]}, {""label"": ""smoke"", ""score"": 0.124, ""box"": [764, 264, 954, 351]}, {""label"": ""smoke"", ""score"": 0.1218, ""box"": [875, 279, 1117, 454]}, {""label"": ""flame"", ""score"": 0.1178, ""box"": [872, 394, 1069, 452]}, {""label"": ""smoke"", ""score"": 0.1157, ""box"": [760, 140, 965, 230]}, {""label"": ""smoke"", ""score"": 0.1116, ""box"": [863, 143, 964, 228]}, {""label"": ""flame"", ""score"": 0.1081, ""box"": [901, 443, 965, 460]}, {""label"": ""flame"", ""score"": 0.1074, ""box"": [873, 93, 1118, 452]}, {""label"": ""smoke"", ""score"": 0.1071, ""box"": [761, 280, 840, 332]}, {""label"": ""smoke"", ""score"": 0.1063, ""box"": [758, 92, 1117, 458]}, {""label"": ""smoke"", ""score"": 0.1055, ""box"": [777, 271, 941, 359]}, {""label"": ""flame"", ""score"": 0.1052, ""box"": [976, 423, 1054, 448]}, {""label"": ""flame"", ""score"": 0.1051, ""box"": [871, 365, 1117, 453]}, {""label"": ""smoke"", ""score"": 0.1046, ""box"": [764, 262, 972, 358]}, {""label"": ""smoke"", ""score"": 0.1032, ""box"": [178, 317, 231, 373]}, {""label"": ""flame"", ""score"": 0.103, ""box"": [914, 450, 968, 477]}, {""label"": ""flame"", ""score"": 0.1025, ""box"": [974, 398, 1003, 437]}, {""label"": ""smoke"", ""score"": 0.1004, ""box"": [767, 92, 1117, 353]}, {""label"": ""flame"", ""score"": 0.1, ""box"": [1040, 335, 1098, 364]}, {""label"": ""flame"", ""score"": 0.0986, ""box"": [906, 422, 969, 446]}, {""label"": ""flame"", ""score"": 0.0945, ""box"": [904, 421, 976, 447]}, {""label"": ""flame"", ""score"": 0.0938, ""box"": [989, 92, 1118, 328]}, {""label"": ""flame"", ""score"": 0.0935, ""box"": [904, 447, 1103, 478]}, {""label"": ""smoke"", ""score"": 0.092, ""box"": [172, 281, 234, 371]}, {""label"": ""smoke"", ""score"": 0.0911, ""box"": [760, 131, 990, 345]}, {""label"": ""smoke"", ""score"": 0.0902, ""box"": [766, 259, 1031, 350]}, {""label"": ""flame"", ""score"": 0.0902, ""box"": [921, 370, 970, 404]}, {""label"": ""flame"", ""score"": 0.0901, ""box"": [915, 310, 948, 339]}, {""label"": ""smoke"", ""score"": 0.09, ""box"": [765, 254, 1031, 352]}, {""label"": ""flame"", ""score"": 0.0885, ""box"": [899, 442, 1023, 478]}, {""label"": ""flame"", ""score"": 0.0876, ""box"": [905, 444, 1034, 478]}, {""label"": ""flame"", ""score"": 0.0868, ""box"": [974, 399, 1002, 438]}, {""label"": ""flame"", ""score"": 0.0855, ""box"": [873, 420, 987, 447]}, {""label"": ""smoke"", ""score"": 0.0848, ""box"": [835, 268, 947, 351]}, {""label"": ""flame"", ""score"": 0.0844, ""box"": [914, 448, 991, 478]}, {""label"": ""flame"", ""score"": 0.0825, ""box"": [914, 457, 996, 479]}, {""label"": ""smoke"", ""score"": 0.0821, ""box"": [909, 298, 1110, 392]}, {""label"": ""flame"", ""score"": 0.0802, ""box"": [889, 347, 930, 368]}, {""label"": ""flame"", ""score"": 0.0793, ""box"": [890, 341, 973, 368]}, {""label"": ""flame"", ""score"": 0.079, ""box"": [1003, 262, 1040, 316]}, {""label"": ""flame"", ""score"": 0.0785, ""box"": [873, 378, 1060, 451]}, {""label"": ""flame"", ""score"": 0.0783, ""box"": [901, 307, 1019, 407]}, {""label"": ""smoke"", ""score"": 0.0769, ""box"": [163, 264, 234, 370]}, {""label"": ""smoke"", ""score"": 0.0763, ""box"": [844, 256, 974, 350]}, {""label"": ""flame"", ""score"": 0.0727, ""box"": [1077, 429, 1096, 444]}, {""label"": ""flame"", ""score"": 0.0726, ""box"": [916, 460, 976, 477]}, {""label"": ""smoke"", ""score"": 0.0722, ""box"": [912, 299, 1109, 379]}, {""label"": ""flame"", ""score"": 0.0709, ""box"": [923, 449, 1025, 478]}, {""label"": ""flame"", ""score"": 0.0709, ""box"": [909, 314, 924, 338]}, {""label"": ""flame"", ""score"": 0.0706, ""box"": [910, 252, 1037, 343]}, {""label"": ""flame"", ""score"": 0.0705, ""box"": [953, 293, 975, 304]}, {""label"": ""flame"", ""score"": 0.07, ""box"": [920, 319, 986, 338]}, {""label"": ""smoke"", ""score"": 0.069, ""box"": [664, 91, 1117, 373]}, {""label"": ""flame"", ""score"": 0.069, ""box"": [873, 423, 1000, 477]}, {""label"": ""flame"", ""score"": 0.0685, ""box"": [904, 307, 1034, 402]}, {""label"": ""flame"", ""score"": 0.0683, ""box"": [889, 345, 933, 369]}, {""label"": ""flame"", ""score"": 0.0682, ""box"": [1002, 293, 1027, 316]}, {""label"": ""flame"", ""score"": 0.0669, ""box"": [973, 399, 1001, 438]}, {""label"": ""flame"", ""score"": 0.0648, ""box"": [1032, 299, 1110, 368]}, {""label"": ""flame"", ""score"": 0.0645, ""box"": [910, 257, 1116, 393]}, {""label"": ""smoke"", ""score"": 0.0644, ""box"": [760, 279, 842, 365]}, {""label"": ""smoke"", ""score"": 0.0643, ""box"": [760, 92, 1115, 270]}, {""label"": ""smoke"", ""score"": 0.0626, ""box"": [606, 302, 684, 416]}, {""label"": ""smoke"", ""score"": 0.0608, ""box"": [1016, 255, 1117, 331]}, {""label"": ""flame"", ""score"": 0.0606, ""box"": [894, 309, 995, 404]}, {""label"": ""smoke"", ""score"": 0.0604, ""box"": [872, 404, 1116, 451]}, {""label"": ""smoke"", ""score"": 0.0601, ""box"": [763, 250, 1031, 356]}, {""label"": ""smoke"", ""score"": 0.0601, ""box"": [756, 148, 833, 216]}, {""label"": ""smoke"", ""score"": 0.0586, ""box"": [178, 319, 207, 361]}, {""label"": ""flame"", ""score"": 0.0583, ""box"": [886, 309, 1007, 431]}, {""label"": ""flame"", ""score"": 0.0577, ""box"": [876, 310, 1002, 443]}, {""label"": ""smoke"", ""score"": 0.0572, ""box"": [162, 234, 260, 371]}, {""label"": ""smoke"", ""score"": 0.0569, ""box"": [760, 283, 789, 327]}, {""label"": ""flame"", ""score"": 0.0556, ""box"": [930, 256, 1039, 324]}, {""label"": ""smoke"", ""score"": 0.0542, ""box"": [873, 418, 1055, 451]}, {""label"": ""smoke"", ""score"": 0.0541, ""box"": [910, 257, 1116, 393]}, {""label"": ""flame"", ""score"": 0.0531, ""box"": [238, 282, 271, 317]}, {""label"": ""flame"", ""score"": 0.0531, ""box"": [888, 351, 911, 368]}, {""label"": ""smoke"", ""score"": 0.0518, ""box"": [974, 398, 1116, 448]}, {""label"": ""smoke"", ""score"": 0.0512, ""box"": [901, 307, 1019, 407]}, {""label"": ""smoke"", ""score"": 0.0512, ""box"": [971, 362, 1117, 447]}, {""label"": ""smoke"", ""score"": 0.0508, ""box"": [871, 406, 1116, 472]}, {""label"": ""smoke"", ""score"": 0.0507, ""box"": [904, 307, 1034, 402]}, {""label"": ""smoke"", ""score"": 0.0505, ""box"": [984, 350, 1117, 446]}, {""label"": ""flame"", ""score"": 0.0502, ""box"": [915, 309, 1117, 447]}]",1,1,1,1,1,1
hand_held_camera_wildfire,yolo,360,12.012,1,1,683.9,0.467524,0.745126,"[{""label"": ""flame"", ""score"": 0.7451, ""box"": [871, 280, 1117, 472]}, {""label"": ""smoke"", ""score"": 0.4675, ""box"": [993, 91, 1120, 289]}, {""label"": ""flame"", ""score"": 0.089, ""box"": [871, 419, 966, 446]}, {""label"": ""flame"", ""score"": 0.0632, ""box"": [1022, 265, 1037, 284]}]",1,1,1,0,1,1
hand_held_camera_wildfire,dfire_yolov8n,360,12.012,1,1,54.4,0.612567,0.450526,"[{""label"": ""smoke"", ""score"": 0.6126, ""box"": [1001, 100, 1117, 311]}, {""label"": ""flame"", ""score"": 0.4505, ""box"": [877, 300, 1114, 453]}, {""label"": ""flame"", ""score"": 0.2001, ""box"": [892, 418, 1061, 450]}, {""label"": ""smoke"", ""score"": 0.1338, ""box"": [251, 230, 548, 308]}, {""label"": ""flame"", ""score"": 0.0954, ""box"": [891, 423, 986, 448]}]",1,1,1,1,0,0
hand_held_camera_wildfire,soul,360,12.012,1,1,53.9,0.0,0.852605,"[{""label"": ""flame"", ""score"": 0.8526, ""box"": [869, 252, 1119, 475]}, {""label"": ""flame"", ""score"": 0.3618, ""box"": [368, 254, 410, 292]}, {""label"": ""flame"", ""score"": 0.2202, ""box"": [441, 244, 491, 287]}, {""label"": ""flame"", ""score"": 0.1866, ""box"": [305, 262, 357, 301]}, {""label"": ""flame"", ""score"": 0.1294, ""box"": [242, 272, 316, 310]}, {""label"": ""flame"", ""score"": 0.1072, ""box"": [242, 260, 386, 311]}, {""label"": ""flame"", ""score"": 0.0636, ""box"": [454, 234, 504, 284]}]",0,1,1,0,1,1
hand_held_camera_wildfire,pyronear,360,12.012,1,1,313.6,0.0,0.0,[],0,0,0,0,0,0
hand_held_camera_wildfire,dfine,390,13.013,1,1,371.7,0.845033,0.802935,"[{""label"": ""smoke"", ""score"": 0.845, ""box"": [942, 90, 1118, 309]}, {""label"": ""flame"", ""score"": 0.8029, ""box"": [826, 268, 1117, 464]}, {""label"": ""flame"", ""score"": 0.3447, ""box"": [826, 397, 1068, 447]}, {""label"": ""flame"", ""score"": 0.2763, ""box"": [825, 397, 1071, 468]}, {""label"": ""smoke"", ""score"": 0.2675, ""box"": [716, 140, 918, 229]}, {""label"": ""flame"", ""score"": 0.2357, ""box"": [925, 448, 944, 472]}, {""label"": ""smoke"", ""score"": 0.1932, ""box"": [820, 143, 917, 228]}, {""label"": ""flame"", ""score"": 0.1879, ""box"": [825, 416, 926, 446]}, {""label"": ""flame"", ""score"": 0.1871, ""box"": [921, 397, 1067, 444]}, {""label"": ""flame"", ""score"": 0.1862, ""box"": [1075, 324, 1116, 354]}, {""label"": ""flame"", ""score"": 0.1794, ""box"": [871, 459, 889, 471]}, {""label"": ""flame"", ""score"": 0.1657, ""box"": [870, 450, 944, 473]}, {""label"": ""flame"", ""score"": 0.1605, ""box"": [836, 341, 861, 364]}, {""label"": ""smoke"", ""score"": 0.1497, ""box"": [826, 90, 1119, 468]}, {""label"": ""flame"", ""score"": 0.1444, ""box"": [868, 445, 1047, 473]}, {""label"": ""flame"", ""score"": 0.1442, ""box"": [826, 412, 997, 446]}, {""label"": ""flame"", ""score"": 0.1314, ""box"": [871, 460, 889, 471]}, {""label"": ""flame"", ""score"": 0.1305, ""box"": [825, 420, 857, 439]}, {""label"": ""flame"", ""score"": 0.1264, ""box"": [870, 447, 971, 473]}, {""label"": ""smoke"", ""score"": 0.1262, ""box"": [1065, 361, 1118, 515]}, {""label"": ""flame"", ""score"": 0.1262, ""box"": [922, 398, 999, 444]}, {""label"": ""flame"", ""score"": 0.1254, ""box"": [923, 445, 1049, 472]}, {""label"": ""flame"", ""score"": 0.1248, ""box"": [866, 300, 978, 338]}, {""label"": ""flame"", ""score"": 0.1238, ""box"": [922, 398, 1000, 444]}, {""label"": ""flame"", ""score"": 0.1212, ""box"": [825, 416, 921, 469]}, {""label"": ""flame"", ""score"": 0.118, ""box"": [866, 306, 906, 336]}, {""label"": ""flame"", ""score"": 0.1171, ""box"": [866, 269, 1116, 392]}, {""label"": ""flame"", ""score"": 0.1158, ""box"": [870, 455, 915, 472]}, {""label"": ""flame"", ""score"": 0.1129, ""box"": [967, 270, 982, 292]}, {""label"": ""flame"", ""score"": 0.1122, ""box"": [867, 301, 984, 337]}, {""label"": ""flame"", ""score"": 0.1122, ""box"": [1076, 333, 1101, 352]}, {""label"": ""smoke"", ""score"": 0.1081, ""box"": [715, 138, 921, 312]}, {""label"": ""smoke"", ""score"": 0.1067, ""box"": [712, 145, 788, 213]}, {""label"": ""flame"", ""score"": 0.1067, ""box"": [924, 446, 968, 472]}, {""label"": ""flame"", ""score"": 0.1059, ""box"": [826, 415, 996, 471]}, {""label"": ""flame"", ""score"": 0.1014, ""box"": [831, 416, 923, 443]}, {""label"": ""flame"", ""score"": 0.0992, ""box"": [922, 397, 955, 438]}, {""label"": ""flame"", ""score"": 0.0964, ""box"": [869, 449, 963, 473]}, {""label"": ""smoke"", ""score"": 0.0959, ""box"": [715, 90, 1117, 308]}, {""label"": ""smoke"", ""score"": 0.0888, ""box"": [826, 268, 1117, 464]}, {""label"": ""flame"", ""score"": 0.0878, ""box"": [877, 378, 921, 397]}, {""label"": ""flame"", ""score"": 0.0873, ""box"": [998, 333, 1029, 361]}, {""label"": ""smoke"", ""score"": 0.0871, ""box"": [866, 269, 1116, 392]}, {""label"": ""flame"", ""score"": 0.0869, ""box"": [865, 298, 988, 396]}, {""label"": ""flame"", ""score"": 0.0853, ""box"": [874, 360, 926, 397]}, {""label"": ""smoke"", ""score"": 0.0841, ""box"": [493, 259, 557, 359]}, {""label"": ""smoke"", ""score"": 0.0831, ""box"": [836, 341, 861, 364]}, {""label"": ""flame"", ""score"": 0.0829, ""box"": [872, 357, 929, 397]}, {""label"": ""smoke"", ""score"": 0.0824, ""box"": [712, 93, 918, 230]}, {""label"": ""flame"", ""score"": 0.0822, ""box"": [866, 305, 939, 337]}, {""label"": ""smoke"", ""score"": 0.081, ""box"": [1064, 358, 1118, 511]}, {""label"": ""flame"", ""score"": 0.0798, ""box"": [826, 90, 1119, 468]}, {""label"": ""smoke"", ""score"": 0.0794, ""box"": [494, 290, 557, 360]}, {""label"": ""flame"", ""score"": 0.0774, ""box"": [942, 90, 1118, 309]}, {""label"": ""flame"", ""score"": 0.0765, ""box"": [1004, 399, 1068, 441]}, {""label"": ""flame"", ""score"": 0.0763, ""box"": [868, 356, 883, 368]}, {""label"": ""smoke"", ""score"": 0.0754, ""box"": [993, 270, 1117, 353]}, {""label"": ""flame"", ""score"": 0.0751, ""box"": [826, 401, 1069, 472]}, {""label"": ""flame"", ""score"": 0.0741, ""box"": [866, 296, 998, 396]}, {""label"": ""smoke"", ""score"": 0.0722, ""box"": [716, 90, 1118, 463]}, {""label"": ""smoke"", ""score"": 0.0718, ""box"": [717, 278, 797, 328]}, {""label"": ""flame"", ""score"": 0.0708, ""box"": [871, 357, 928, 397]}, {""label"": ""flame"", ""score"": 0.0703, ""box"": [923, 398, 995, 442]}, {""label"": ""smoke"", ""score"": 0.0686, ""box"": [923, 445, 1049, 472]}, {""label"": ""smoke"", ""score"": 0.0677, ""box"": [714, 134, 953, 354]}, {""label"": ""flame"", ""score"": 0.0676, ""box"": [835, 339, 887, 368]}, {""label"": ""smoke"", ""score"": 0.0661, ""box"": [740, 150, 787, 208]}, {""label"": ""smoke"", ""score"": 0.0658, ""box"": [705, 90, 1118, 416]}, {""label"": ""smoke"", ""score"": 0.0656, ""box"": [712, 135, 936, 358]}, {""label"": ""flame"", ""score"": 0.0614, ""box"": [922, 397, 952, 424]}, {""label"": ""flame"", ""score"": 0.0611, ""box"": [993, 270, 1117, 353]}, {""label"": ""smoke"", ""score"": 0.0608, ""box"": [865, 298, 988, 396]}, {""label"": ""smoke"", ""score"": 0.0606, ""box"": [930, 89, 1118, 389]}, {""label"": ""smoke"", ""score"": 0.0591, ""box"": [714, 137, 922, 291]}, {""label"": ""smoke"", ""score"": 0.0586, ""box"": [550, 90, 1116, 375]}, {""label"": ""flame"", ""score"": 0.0581, ""box"": [853, 440, 917, 455]}, {""label"": ""flame"", ""score"": 0.0577, ""box"": [994, 320, 1114, 361]}, {""label"": ""flame"", ""score"": 0.0567, ""box"": [865, 447, 903, 471]}, {""label"": ""smoke"", ""score"": 0.0562, ""box"": [1057, 268, 1118, 483]}, {""label"": ""flame"", ""score"": 0.0562, ""box"": [716, 140, 918, 229]}, {""label"": ""smoke"", ""score"": 0.0559, ""box"": [825, 397, 1071, 468]}, {""label"": ""smoke"", ""score"": 0.0552, ""box"": [826, 397, 1068, 447]}, {""label"": ""smoke"", ""score"": 0.0551, ""box"": [797, 265, 891, 349]}, {""label"": ""smoke"", ""score"": 0.0535, ""box"": [717, 282, 746, 323]}, {""label"": ""smoke"", ""score"": 0.0535, ""box"": [866, 296, 998, 396]}, {""label"": ""flame"", ""score"": 0.0534, ""box"": [837, 337, 900, 366]}, {""label"": ""smoke"", ""score"": 0.0532, ""box"": [1060, 355, 1118, 521]}, {""label"": ""smoke"", ""score"": 0.0526, ""box"": [999, 260, 1116, 318]}, {""label"": ""flame"", ""score"": 0.0523, ""box"": [866, 417, 901, 434]}, {""label"": ""smoke"", ""score"": 0.0519, ""box"": [925, 448, 944, 472]}, {""label"": ""flame"", ""score"": 0.0509, ""box"": [820, 143, 917, 228]}, {""label"": ""flame"", ""score"": 0.0502, ""box"": [865, 311, 880, 332]}]",1,1,1,1,1,1
hand_held_camera_wildfire,yolo,390,13.013,1,1,718.1,0.733116,0.761384,"[{""label"": ""flame"", ""score"": 0.7614, ""box"": [822, 256, 1116, 469]}, {""label"": ""smoke"", ""score"": 0.7331, ""box"": [948, 89, 1119, 295]}, {""label"": ""flame"", ""score"": 0.0922, ""box"": [825, 415, 918, 444]}, {""label"": ""flame"", ""score"": 0.0627, ""box"": [837, 342, 862, 364]}, {""label"": ""flame"", ""score"": 0.0529, ""box"": [824, 404, 1085, 473]}]",1,1,1,1,1,1
hand_held_camera_wildfire,dfire_yolov8n,390,13.013,1,1,58.0,0.761646,0.810142,"[{""label"": ""flame"", ""score"": 0.8101, ""box"": [833, 271, 1114, 455]}, {""label"": ""smoke"", ""score"": 0.7616, ""box"": [950, 97, 1116, 269]}, {""label"": ""smoke"", ""score"": 0.3036, ""box"": [191, 226, 505, 308]}, {""label"": ""smoke"", ""score"": 0.0522, ""box"": [829, 105, 1114, 459]}]",1,1,1,1,1,1
hand_held_camera_wildfire,soul,390,13.013,1,1,48.4,0.0,0.903643,"[{""label"": ""flame"", ""score"": 0.9036, ""box"": [828, 262, 1118, 468]}, {""label"": ""flame"", ""score"": 0.3205, ""box"": [325, 248, 361, 286]}, {""label"": ""flame"", ""score"": 0.0814, ""box"": [257, 179, 293, 225]}, {""label"": ""flame"", ""score"": 0.0576, ""box"": [188, 269, 257, 307]}]",0,1,1,0,1,1
hand_held_camera_wildfire,pyronear,390,13.013,1,1,330.3,0.0,0.0,[],0,0,0,0,0,0
hand_held_camera_wildfire,dfine,420,14.014,1,1,380.0,0.859656,0.894167,"[{""label"": ""flame"", ""score"": 0.8942, ""box"": [741, 230, 1090, 467]}, {""label"": ""smoke"", ""score"": 0.8597, ""box"": [854, 89, 1117, 295]}, {""label"": ""flame"", ""score"": 0.2108, ""box"": [837, 449, 857, 475]}, {""label"": ""flame"", ""score"": 0.2094, ""box"": [742, 417, 968, 449]}, {""label"": ""flame"", ""score"": 0.2059, ""box"": [742, 418, 968, 450]}, {""label"": ""flame"", ""score"": 0.2053, ""box"": [741, 421, 888, 473]}, {""label"": ""flame"", ""score"": 0.2051, ""box"": [740, 423, 773, 441]}, {""label"": ""flame"", ""score"": 0.195, ""box"": [875, 259, 897, 302]}, {""label"": ""flame"", ""score"": 0.1912, ""box"": [740, 419, 969, 475]}, {""label"": ""flame"", ""score"": 0.1761, ""box"": [835, 448, 872, 475]}, {""label"": ""flame"", ""score"": 0.1694, ""box"": [741, 420, 902, 448]}, {""label"": ""flame"", ""score"": 0.1652, ""box"": [740, 420, 832, 446]}, {""label"": ""flame"", ""score"": 0.1494, ""box"": [784, 460, 807, 473]}, {""label"": ""flame"", ""score"": 0.1489, ""box"": [779, 446, 873, 475]}, {""label"": ""flame"", ""score"": 0.1303, ""box"": [775, 421, 827, 444]}, {""label"": ""flame"", ""score"": 0.1227, ""box"": [740, 421, 831, 470]}, {""label"": ""flame"", ""score"": 0.1208, ""box"": [741, 402, 969, 451]}, {""label"": ""flame"", ""score"": 0.1133, ""box"": [771, 421, 835, 457]}, {""label"": ""flame"", ""score"": 0.1065, ""box"": [783, 456, 825, 474]}, {""label"": ""flame"", ""score"": 0.0939, ""box"": [879, 258, 895, 285]}, {""label"": ""flame"", ""score"": 0.0867, ""box"": [877, 258, 894, 285]}, {""label"": ""flame"", ""score"": 0.08, ""box"": [837, 402, 969, 447]}, {""label"": ""flame"", ""score"": 0.0776, ""box"": [740, 420, 852, 452]}, {""label"": ""flame"", ""score"": 0.0771, ""box"": [774, 402, 969, 448]}, {""label"": ""smoke"", ""score"": 0.0735, ""box"": [742, 90, 1116, 465]}, {""label"": ""flame"", ""score"": 0.0727, ""box"": [783, 449, 876, 475]}, {""label"": ""flame"", ""score"": 0.0725, ""box"": [933, 420, 970, 443]}, {""label"": ""flame"", ""score"": 0.0723, ""box"": [772, 438, 858, 475]}, {""label"": ""flame"", ""score"": 0.0667, ""box"": [835, 399, 863, 437]}, {""label"": ""smoke"", ""score"": 0.0657, ""box"": [741, 230, 1090, 467]}, {""label"": ""flame"", ""score"": 0.0649, ""box"": [783, 312, 814, 340]}, {""label"": ""smoke"", ""score"": 0.0645, ""box"": [740, 151, 776, 224]}, {""label"": ""flame"", ""score"": 0.0621, ""box"": [766, 425, 779, 443]}, {""label"": ""flame"", ""score"": 0.062, ""box"": [837, 446, 966, 474]}, {""label"": ""flame"", ""score"": 0.0617, ""box"": [777, 444, 829, 458]}, {""label"": ""flame"", ""score"": 0.0588, ""box"": [837, 403, 903, 445]}, {""label"": ""flame"", ""score"": 0.0586, ""box"": [929, 403, 970, 443]}, {""label"": ""flame"", ""score"": 0.0567, ""box"": [854, 89, 1117, 295]}, {""label"": ""flame"", ""score"": 0.0551, ""box"": [874, 431, 907, 446]}, {""label"": ""flame"", ""score"": 0.0549, ""box"": [775, 443, 822, 458]}, {""label"": ""flame"", ""score"": 0.0548, ""box"": [790, 367, 860, 403]}, {""label"": ""flame"", ""score"": 0.0532, ""box"": [841, 428, 909, 447]}, {""label"": ""flame"", ""score"": 0.0509, ""box"": [836, 399, 862, 425]}]",1,1,1,1,1,1
hand_held_camera_wildfire,yolo,420,14.014,1,1,696.4,0.784802,0.788486,"[{""label"": ""flame"", ""score"": 0.7885, ""box"": [738, 227, 1091, 472]}, {""label"": ""smoke"", ""score"": 0.7848, ""box"": [858, 90, 1118, 284]}, {""label"": ""flame"", ""score"": 0.103, ""box"": [740, 419, 829, 446]}, {""label"": ""flame"", ""score"": 0.0864, ""box"": [831, 393, 974, 448]}]",1,1,1,1,1,1
hand_held_camera_wildfire,dfire_yolov8n,420,14.014,1,1,54.5,0.445437,0.821423,"[{""label"": ""flame"", ""score"": 0.8214, ""box"": [750, 241, 1086, 457]}, {""label"": ""smoke"", ""score"": 0.4454, ""box"": [864, 99, 1115, 298]}, {""label"": ""smoke"", ""score"": 0.0874, ""box"": [165, 220, 419, 302]}]",1,1,1,0,1,1
hand_held_camera_wildfire,soul,420,14.014,1,1,52.5,0.0,0.933393,"[{""label"": ""flame"", ""score"": 0.9334, ""box"": [740, 233, 1087, 468]}, {""label"": ""flame"", ""score"": 0.1588, ""box"": [234, 243, 274, 284]}, {""label"": ""flame"", ""score"": 0.1317, ""box"": [310, 227, 361, 277]}]",0,1,1,0,1,1
hand_held_camera_wildfire,pyronear,420,14.014,1,1,327.4,0.0,0.0,[],0,0,0,0,0,0
hand_held_camera_wildfire,dfine,450,15.015,1,1,374.5,0.892623,0.86769,"[{""label"": ""smoke"", ""score"": 0.8926, ""box"": [830, 90, 1117, 320]}, {""label"": ""flame"", ""score"": 0.8677, ""box"": [716, 256, 1006, 447]}, {""label"": ""flame"", ""score"": 0.2283, ""box"": [714, 415, 804, 443]}, {""label"": ""flame"", ""score"": 0.2207, ""box"": [713, 415, 875, 444]}, {""label"": ""flame"", ""score"": 0.219, ""box"": [713, 419, 744, 437]}, {""label"": ""flame"", ""score"": 0.1938, ""box"": [804, 447, 823, 471]}, {""label"": ""flame"", ""score"": 0.1828, ""box"": [745, 416, 803, 442]}, {""label"": ""flame"", ""score"": 0.1553, ""box"": [751, 445, 824, 471]}, {""label"": ""flame"", ""score"": 0.141, ""box"": [713, 416, 828, 468]}, {""label"": ""flame"", ""score"": 0.1342, ""box"": [713, 417, 824, 470]}, {""label"": ""flame"", ""score"": 0.1187, ""box"": [965, 345, 992, 365]}, {""label"": ""flame"", ""score"": 0.1155, ""box"": [937, 343, 958, 384]}, {""label"": ""flame"", ""score"": 0.1153, ""box"": [714, 400, 940, 446]}, {""label"": ""flame"", ""score"": 0.1125, ""box"": [755, 308, 834, 339]}, {""label"": ""flame"", ""score"": 0.1044, ""box"": [713, 416, 871, 469]}, {""label"": ""flame"", ""score"": 0.1005, ""box"": [939, 340, 995, 373]}, {""label"": ""flame"", ""score"": 0.0924, ""box"": [753, 457, 770, 469]}, {""label"": ""flame"", ""score"": 0.0924, ""box"": [848, 274, 866, 293]}, {""label"": ""flame"", ""score"": 0.0881, ""box"": [713, 415, 939, 468]}, {""label"": ""flame"", ""score"": 0.0867, ""box"": [788, 295, 816, 305]}, {""label"": ""flame"", ""score"": 0.0867, ""box"": [742, 420, 755, 440]}, {""label"": ""flame"", ""score"": 0.085, ""box"": [741, 439, 826, 471]}, {""label"": ""flame"", ""score"": 0.0836, ""box"": [938, 332, 1005, 381]}, {""label"": ""flame"", ""score"": 0.0805, ""box"": [844, 430, 876, 442]}, {""label"": ""smoke"", ""score"": 0.0804, ""box"": [708, 147, 796, 231]}, {""label"": ""flame"", ""score"": 0.077, ""box"": [804, 397, 940, 443]}, {""label"": ""flame"", ""score"": 0.0766, ""box"": [964, 329, 1010, 367]}, {""label"": ""flame"", ""score"": 0.0747, ""box"": [748, 417, 872, 443]}, {""label"": ""smoke"", ""score"": 0.0724, ""box"": [709, 149, 745, 218]}, {""label"": ""smoke"", ""score"": 0.0709, ""box"": [611, 145, 797, 230]}, {""label"": ""smoke"", ""score"": 0.0693, ""box"": [616, 143, 799, 231]}, {""label"": ""flame"", ""score"": 0.0635, ""box"": [1000, 329, 1014, 348]}, {""label"": ""flame"", ""score"": 0.0621, ""box"": [727, 348, 748, 364]}, {""label"": ""flame"", ""score"": 0.061, ""box"": [752, 298, 858, 341]}, {""label"": ""flame"", ""score"": 0.0581, ""box"": [727, 340, 755, 364]}, {""label"": ""flame"", ""score"": 0.0575, ""box"": [810, 424, 877, 443]}, {""label"": ""flame"", ""score"": 0.0556, ""box"": [997, 319, 1015, 347]}, {""label"": ""flame"", ""score"": 0.0556, ""box"": [804, 396, 835, 432]}, {""label"": ""flame"", ""score"": 0.0553, ""box"": [735, 437, 932, 471]}, {""label"": ""flame"", ""score"": 0.0551, ""box"": [897, 411, 939, 439]}, {""label"": ""smoke"", ""score"": 0.053, ""box"": [716, 90, 1116, 449]}, {""label"": ""smoke"", ""score"": 0.0525, ""box"": [716, 256, 1006, 447]}, {""label"": ""smoke"", ""score"": 0.051, ""box"": [713, 419, 744, 437]}, {""label"": ""smoke"", ""score"": 0.0507, ""box"": [714, 415, 804, 443]}]",1,1,1,1,1,1
hand_held_camera_wildfire,yolo,450,15.015,1,1,755.4,0.806287,0.795767,"[{""label"": ""smoke"", ""score"": 0.8063, ""box"": [843, 91, 1119, 313]}, {""label"": ""flame"", ""score"": 0.7958, ""box"": [711, 250, 1002, 470]}, {""label"": ""flame"", ""score"": 0.0638, ""box"": [712, 414, 906, 472]}, {""label"": ""flame"", ""score"": 0.0619, ""box"": [713, 415, 796, 444]}]",1,1,1,1,1,1
hand_held_camera_wildfire,dfire_yolov8n,450,15.015,1,1,56.5,0.578731,0.861217,"[{""label"": ""flame"", ""score"": 0.8612, ""box"": [719, 255, 1005, 457]}, {""label"": ""smoke"", ""score"": 0.5787, ""box"": [833, 96, 1112, 305]}, {""label"": ""smoke"", ""score"": 0.0898, ""box"": [164, 212, 391, 291]}, {""label"": ""smoke"", ""score"": 0.063, ""box"": [785, 99, 1112, 452]}]",1,1,1,1,1,1
hand_held_camera_wildfire,soul,450,15.015,1,1,58.5,0.0,0.922671,"[{""label"": ""flame"", ""score"": 0.9227, ""box"": [714, 254, 1002, 468]}, {""label"": ""flame"", ""score"": 0.062, ""box"": [329, 381, 386, 423]}]",0,1,1,0,1,1
hand_held_camera_wildfire,pyronear,450,15.015,1,1,356.4,0.0,0.0,[],0,0,0,0,0,0
hand_held_camera_wildfire,dfine,480,16.016,1,1,311.9,0.869427,0.856212,"[{""label"": ""smoke"", ""score"": 0.8694, ""box"": [909, 90, 1118, 367]}, {""label"": ""flame"", ""score"": 0.8562, ""box"": [791, 281, 1079, 496]}, {""label"": ""flame"", ""score"": 0.2349, ""box"": [791, 448, 904, 478]}, {""label"": ""flame"", ""score"": 0.2233, ""box"": [790, 448, 919, 504]}, {""label"": ""flame"", ""score"": 0.1936, ""box"": [791, 452, 825, 471]}, {""label"": ""flame"", ""score"": 0.1905, ""box"": [886, 479, 913, 505]}, {""label"": ""flame"", ""score"": 0.1835, ""box"": [1106, 327, 1119, 347]}, {""label"": ""flame"", ""score"": 0.1634, ""box"": [835, 478, 915, 505]}, {""label"": ""flame"", ""score"": 0.1477, ""box"": [827, 449, 887, 476]}, {""label"": ""flame"", ""score"": 0.1229, ""box"": [884, 430, 923, 474]}, {""label"": ""smoke"", ""score"": 0.101, ""box"": [791, 90, 1118, 499]}, {""label"": ""flame"", ""score"": 0.0978, ""box"": [845, 413, 886, 431]}, {""label"": ""flame"", ""score"": 0.0966, ""box"": [837, 490, 863, 503]}, {""label"": ""flame"", ""score"": 0.0961, ""box"": [791, 433, 933, 480]}, {""label"": ""flame"", ""score"": 0.0907, ""box"": [791, 449, 885, 502]}, {""label"": ""flame"", ""score"": 0.0887, ""box"": [939, 298, 989, 334]}, {""label"": ""flame"", ""score"": 0.0837, ""box"": [826, 338, 923, 372]}, {""label"": ""flame"", ""score"": 0.0833, ""box"": [887, 430, 911, 462]}, {""label"": ""flame"", ""score"": 0.0825, ""box"": [790, 433, 1048, 504]}, {""label"": ""flame"", ""score"": 0.0783, ""box"": [791, 430, 1040, 480]}, {""label"": ""flame"", ""score"": 0.0774, ""box"": [816, 475, 916, 505]}, {""label"": ""flame"", ""score"": 0.067, ""box"": [869, 325, 891, 336]}, {""label"": ""flame"", ""score"": 0.0655, ""box"": [837, 340, 855, 355]}, {""label"": ""smoke"", ""score"": 0.0654, ""box"": [761, 294, 853, 383]}, {""label"": ""flame"", ""score"": 0.0642, ""box"": [1104, 326, 1119, 369]}, {""label"": ""flame"", ""score"": 0.0639, ""box"": [838, 390, 893, 431]}, {""label"": ""smoke"", ""score"": 0.0635, ""box"": [947, 268, 1116, 369]}, {""label"": ""flame"", ""score"": 0.0602, ""box"": [970, 428, 1043, 473]}, {""label"": ""smoke"", ""score"": 0.059, ""box"": [675, 178, 874, 262]}, {""label"": ""smoke"", ""score"": 0.0579, ""box"": [780, 180, 871, 263]}, {""label"": ""flame"", ""score"": 0.0575, ""box"": [909, 90, 1118, 367]}, {""label"": ""flame"", ""score"": 0.0544, ""box"": [962, 424, 1044, 473]}, {""label"": ""smoke"", ""score"": 0.0532, ""box"": [886, 479, 913, 505]}, {""label"": ""flame"", ""score"": 0.0515, ""box"": [1103, 326, 1119, 373]}, {""label"": ""smoke"", ""score"": 0.0514, ""box"": [931, 270, 1089, 359]}, {""label"": ""smoke"", ""score"": 0.0509, ""box"": [1106, 327, 1119, 347]}, {""label"": ""flame"", ""score"": 0.0508, ""box"": [791, 90, 1118, 499]}, {""label"": ""flame"", ""score"": 0.0508, ""box"": [827, 340, 860, 368]}, {""label"": ""flame"", ""score"": 0.0506, ""box"": [836, 483, 893, 504]}, {""label"": ""flame"", ""score"": 0.0504, ""box"": [882, 446, 903, 473]}, {""label"": ""flame"", ""score"": 0.0503, ""box"": [837, 492, 857, 503]}, {""label"": ""smoke"", ""score"": 0.0502, ""box"": [790, 448, 919, 504]}]",1,1,1,1,1,1
hand_held_camera_wildfire,yolo,480,16.016,1,1,592.4,0.674009,0.820243,"[{""label"": ""flame"", ""score"": 0.8202, ""box"": [790, 276, 1080, 505]}, {""label"": ""smoke"", ""score"": 0.674, ""box"": [911, 90, 1117, 317]}]",1,1,1,1,1,1
hand_held_camera_wildfire,dfire_yolov8n,480,16.016,1,1,56.2,0.601563,0.850511,"[{""label"": ""flame"", ""score"": 0.8505, ""box"": [796, 278, 1083, 499]}, {""label"": ""smoke"", ""score"": 0.6016, ""box"": [906, 95, 1117, 293]}]",1,1,1,1,1,1
hand_held_camera_wildfire,soul,480,16.016,1,1,52.5,0.0,0.942605,"[{""label"": ""flame"", ""score"": 0.9426, ""box"": [797, 276, 1080, 504]}, {""label"": ""flame"", ""score"": 0.3153, ""box"": [279, 280, 316, 318]}, {""label"": ""flame"", ""score"": 0.1892, ""box"": [414, 417, 467, 458]}]",0,1,1,0,1,1
hand_held_camera_wildfire,pyronear,480,16.016,1,1,365.9,0.0,0.0,[],0,0,0,0,0,0
hand_held_camera_wildfire,dfine,510,17.017,1,1,373.7,0.127563,0.683721,"[{""label"": ""flame"", ""score"": 0.6837, ""box"": [973, 323, 1118, 509]}, {""label"": ""flame"", ""score"": 0.5432, ""box"": [972, 441, 1116, 508]}, {""label"": ""flame"", ""score"": 0.4946, ""box"": [993, 324, 1118, 429]}, {""label"": ""flame"", ""score"": 0.4412, ""box"": [972, 443, 1115, 483]}, {""label"": ""flame"", ""score"": 0.3732, ""box"": [994, 326, 1118, 379]}, {""label"": ""flame"", ""score"": 0.3194, ""box"": [1034, 332, 1117, 365]}, {""label"": ""flame"", ""score"": 0.2842, ""box"": [1034, 384, 1117, 429]}, {""label"": ""flame"", ""score"": 0.2787, ""box"": [1079, 439, 1115, 479]}, {""label"": ""flame"", ""score"": 0.23, ""box"": [1077, 482, 1099, 509]}, {""label"": ""flame"", ""score"": 0.2178, ""box"": [1032, 382, 1117, 430]}, {""label"": ""flame"", ""score"": 0.2144, ""box"": [1036, 384, 1117, 429]}, {""label"": ""flame"", ""score"": 0.2085, ""box"": [975, 447, 1080, 477]}, {""label"": ""flame"", ""score"": 0.1954, ""box"": [974, 447, 1009, 466]}, {""label"": ""flame"", ""score"": 0.1921, ""box"": [973, 446, 1072, 478]}, {""label"": ""flame"", ""score"": 0.1874, ""box"": [1036, 410, 1087, 428]}, {""label"": ""flame"", ""score"": 0.1809, ""box"": [1022, 379, 1040, 394]}, {""label"": ""flame"", ""score"": 0.1799, ""box"": [1075, 439, 1115, 508]}, {""label"": ""flame"", ""score"": 0.1654, ""box"": [994, 352, 1029, 379]}, {""label"": ""flame"", ""score"": 0.1544, ""box"": [1018, 484, 1098, 508]}, {""label"": ""flame"", ""score"": 0.1534, ""box"": [1022, 442, 1115, 479]}, {""label"": ""flame"", ""score"": 0.1462, ""box"": [1019, 477, 1100, 508]}, {""label"": ""flame"", ""score"": 0.1316, ""box"": [1064, 317, 1104, 328]}, {""label"": ""flame"", ""score"": 0.1313, ""box"": [1036, 396, 1089, 427]}, {""label"": ""flame"", ""score"": 0.1289, ""box"": [993, 341, 1033, 381]}, {""label"": ""smoke"", ""score"": 0.1276, ""box"": [1056, 278, 1118, 324]}, {""label"": ""smoke"", ""score"": 0.119, ""box"": [993, 324, 1118, 429]}, {""label"": ""flame"", ""score"": 0.1176, ""box"": [1061, 314, 1116, 328]}, {""label"": ""flame"", ""score"": 0.1152, ""box"": [1075, 479, 1110, 509]}, {""label"": ""flame"", ""score"": 0.1053, ""box"": [1021, 448, 1070, 472]}, {""label"": ""flame"", ""score"": 0.1048, ""box"": [1016, 447, 1093, 478]}, {""label"": ""flame"", ""score"": 0.101, ""box"": [1018, 492, 1040, 503]}, {""label"": ""smoke"", ""score"": 0.1005, ""box"": [972, 441, 1116, 508]}, {""label"": ""flame"", ""score"": 0.0946, ""box"": [1019, 492, 1040, 503]}, {""label"": ""smoke"", ""score"": 0.0939, ""box"": [276, 297, 326, 357]}, {""label"": ""smoke"", ""score"": 0.0914, ""box"": [994, 326, 1118, 379]}, {""label"": ""smoke"", ""score"": 0.0882, ""box"": [973, 323, 1118, 509]}, {""label"": ""smoke"", ""score"": 0.0881, ""box"": [273, 269, 330, 356]}, {""label"": ""smoke"", ""score"": 0.085, ""box"": [270, 232, 334, 356]}, {""label"": ""smoke"", ""score"": 0.0849, ""box"": [1034, 384, 1117, 429]}, {""label"": ""flame"", ""score"": 0.0815, ""box"": [996, 374, 1117, 431]}, {""label"": ""smoke"", ""score"": 0.0788, ""box"": [972, 443, 1115, 483]}, {""label"": ""flame"", ""score"": 0.0776, ""box"": [1019, 492, 1041, 503]}, {""label"": ""flame"", ""score"": 0.0768, ""box"": [1079, 440, 1099, 476]}, {""label"": ""flame"", ""score"": 0.0728, ""box"": [1018, 491, 1046, 504]}, {""label"": ""smoke"", ""score"": 0.0689, ""box"": [1079, 439, 1115, 479]}, {""label"": ""smoke"", ""score"": 0.0681, ""box"": [1034, 332, 1117, 365]}, {""label"": ""flame"", ""score"": 0.0647, ""box"": [995, 334, 1048, 379]}, {""label"": ""smoke"", ""score"": 0.0633, ""box"": [856, 156, 941, 232]}, {""label"": ""smoke"", ""score"": 0.0592, ""box"": [1032, 382, 1117, 430]}, {""label"": ""smoke"", ""score"": 0.0579, ""box"": [1036, 384, 1117, 429]}, {""label"": ""smoke"", ""score"": 0.0577, ""box"": [1075, 439, 1115, 508]}, {""label"": ""flame"", ""score"": 0.0559, ""box"": [1026, 332, 1118, 478]}, {""label"": ""flame"", ""score"": 0.0558, ""box"": [992, 334, 1048, 381]}, {""label"": ""smoke"", ""score"": 0.0549, ""box"": [858, 150, 1111, 334]}, {""label"": ""smoke"", ""score"": 0.0537, ""box"": [697, 312, 775, 422]}, {""label"": ""flame"", ""score"": 0.0535, ""box"": [973, 447, 1025, 469]}, {""label"": ""flame"", ""score"": 0.052, ""box"": [1007, 495, 1032, 505]}]",0,1,1,0,1,1
hand_held_camera_wildfire,yolo,510,17.017,1,1,724.9,0.0,0.629039,"[{""label"": ""flame"", ""score"": 0.629, ""box"": [974, 324, 1118, 509]}, {""label"": ""flame"", ""score"": 0.1887, ""box"": [971, 444, 1116, 508]}, {""label"": ""flame"", ""score"": 0.0901, ""box"": [994, 328, 1120, 430]}]",0,1,1,0,1,1
hand_held_camera_wildfire,dfire_yolov8n,510,17.017,1,1,61.3,0.146298,0.0,"[{""label"": ""smoke"", ""score"": 0.1463, ""box"": [342, 233, 640, 304]}]",0,0,0,0,0,0
hand_held_camera_wildfire,soul,510,17.017,1,1,61.5,0.0,0.808166,"[{""label"": ""flame"", ""score"": 0.8082, ""box"": [975, 330, 1120, 504]}, {""label"": ""flame"", ""score"": 0.2853, ""box"": [456, 252, 505, 291]}, {""label"": ""flame"", ""score"": 0.205, ""box"": [335, 265, 406, 302]}, {""label"": ""flame"", ""score"": 0.1512, ""box"": [333, 259, 478, 303]}, {""label"": ""flame"", ""score"": 0.1048, ""box"": [457, 250, 555, 289]}, {""label"": ""flame"", ""score"": 0.0859, ""box"": [532, 243, 585, 287]}, {""label"": ""flame"", ""score"": 0.0718, ""box"": [531, 351, 633, 437]}, {""label"": ""flame"", ""score"": 0.0706, ""box"": [407, 253, 512, 292]}, {""label"": ""flame"", ""score"": 0.0548, ""box"": [503, 94, 565, 155]}, {""label"": ""flame"", ""score"": 0.0504, ""box"": [582, 390, 631, 432]}]",0,1,1,0,1,1
hand_held_camera_wildfire,pyronear,510,17.017,1,1,356.0,0.13483,0.0,"[{""label"": ""smoke"", ""score"": 0.1348, ""box"": [409, 609, 455, 629]}]",0,0,0,0,0,0
hand_held_camera_wildfire,dfine,540,18.018,1,1,394.7,0.788236,0.866566,"[{""label"": ""flame"", ""score"": 0.8666, ""box"": [840, 268, 1116, 479]}, {""label"": ""smoke"", ""score"": 0.7882, ""box"": [963, 90, 1118, 288]}, {""label"": ""flame"", ""score"": 0.2104, ""box"": [841, 429, 944, 464]}, {""label"": ""flame"", ""score"": 0.2036, ""box"": [842, 429, 953, 462]}, {""label"": ""flame"", ""score"": 0.203, ""box"": [1023, 209, 1050, 233]}, {""label"": ""flame"", ""score"": 0.2023, ""box"": [1022, 206, 1051, 233]}, {""label"": ""smoke"", ""score"": 0.1923, ""box"": [841, 90, 1119, 474]}, {""label"": ""flame"", ""score"": 0.1722, ""box"": [934, 459, 958, 486]}, {""label"": ""flame"", ""score"": 0.1635, ""box"": [840, 428, 965, 480]}, {""label"": ""smoke"", ""score"": 0.1427, ""box"": [733, 151, 939, 244]}, {""label"": ""smoke"", ""score"": 0.134, ""box"": [851, 90, 1118, 365]}, {""label"": ""smoke"", ""score"": 0.1174, ""box"": [734, 153, 933, 240]}, {""label"": ""flame"", ""score"": 0.1123, ""box"": [840, 408, 1098, 481]}, {""label"": ""smoke"", ""score"": 0.1106, ""box"": [838, 155, 879, 227]}, {""label"": ""flame"", ""score"": 0.1098, ""box"": [963, 90, 1118, 288]}, {""label"": ""flame"", ""score"": 0.1088, ""box"": [841, 406, 1097, 463]}, {""label"": ""smoke"", ""score"": 0.1066, ""box"": [730, 161, 809, 226]}, {""label"": ""flame"", ""score"": 0.106, ""box"": [1016, 467, 1053, 480]}, {""label"": ""flame"", ""score"": 0.1058, ""box"": [874, 430, 946, 456]}, {""label"": ""flame"", ""score"": 0.1041, ""box"": [843, 431, 876, 449]}, {""label"": ""flame"", ""score"": 0.1009, ""box"": [932, 460, 1057, 485]}, {""label"": ""flame"", ""score"": 0.0991, ""box"": [851, 342, 885, 368]}, {""label"": ""smoke"", ""score"": 0.0955, ""box"": [734, 90, 1118, 309]}, {""label"": ""flame"", ""score"": 0.0947, ""box"": [977, 406, 1096, 460]}, {""label"": ""smoke"", ""score"": 0.0946, ""box"": [731, 155, 875, 232]}, {""label"": ""flame"", ""score"": 0.0931, ""box"": [896, 393, 943, 411]}, {""label"": ""flame"", ""score"": 0.0891, ""box"": [460, 392, 494, 421]}, {""label"": ""flame"", ""score"": 0.0883, ""box"": [936, 413, 972, 457]}, {""label"": ""flame"", ""score"": 0.087, ""box"": [841, 90, 1119, 474]}, {""label"": ""smoke"", ""score"": 0.0852, ""box"": [734, 150, 936, 294]}, {""label"": ""flame"", ""score"": 0.084, ""box"": [849, 429, 932, 453]}, {""label"": ""flame"", ""score"": 0.0836, ""box"": [841, 426, 1009, 463]}, {""label"": ""smoke"", ""score"": 0.0809, ""box"": [833, 154, 930, 239]}, {""label"": ""flame"", ""score"": 0.0801, ""box"": [852, 316, 979, 367]}, {""label"": ""smoke"", ""score"": 0.0769, ""box"": [732, 90, 1117, 378]}, {""label"": ""flame"", ""score"": 0.0766, ""box"": [460, 388, 499, 422]}, {""label"": ""flame"", ""score"": 0.0761, ""box"": [1002, 203, 1052, 237]}, {""label"": ""flame"", ""score"": 0.0756, ""box"": [885, 318, 981, 350]}, {""label"": ""flame"", ""score"": 0.0751, ""box"": [932, 459, 988, 486]}, {""label"": ""smoke"", ""score"": 0.0732, ""box"": [840, 268, 1116, 479]}, {""label"": ""flame"", ""score"": 0.0724, ""box"": [841, 412, 967, 462]}, {""label"": ""smoke"", ""score"": 0.0723, ""box"": [963, 90, 1118, 372]}, {""label"": ""flame"", ""score"": 0.0721, ""box"": [896, 369, 951, 409]}, {""label"": ""smoke"", ""score"": 0.0713, ""box"": [837, 154, 934, 242]}, {""label"": ""flame"", ""score"": 0.0634, ""box"": [882, 472, 901, 484]}, {""label"": ""smoke"", ""score"": 0.0624, ""box"": [1060, 272, 1115, 321]}, {""label"": ""flame"", ""score"": 0.0623, ""box"": [873, 453, 1062, 485]}, {""label"": ""flame"", ""score"": 0.0616, ""box"": [980, 446, 1013, 460]}, {""label"": ""flame"", ""score"": 0.0616, ""box"": [851, 320, 905, 367]}, {""label"": ""flame"", ""score"": 0.0613, ""box"": [878, 456, 962, 486]}, {""label"": ""smoke"", ""score"": 0.06, ""box"": [729, 90, 1117, 372]}, {""label"": ""flame"", ""score"": 0.0598, ""box"": [938, 413, 960, 440]}, {""label"": ""flame"", ""score"": 0.0598, ""box"": [932, 458, 995, 486]}, {""label"": ""smoke"", ""score"": 0.0593, ""box"": [1026, 89, 1118, 173]}, {""label"": ""flame"", ""score"": 0.0591, ""box"": [459, 378, 558, 423]}, {""label"": ""flame"", ""score"": 0.0575, ""box"": [888, 457, 961, 486]}, {""label"": ""smoke"", ""score"": 0.0566, ""box"": [852, 316, 979, 367]}, {""label"": ""flame"", ""score"": 0.0562, ""box"": [1060, 272, 1115, 321]}, {""label"": ""flame"", ""score"": 0.0513, ""box"": [1056, 335, 1092, 385]}, {""label"": ""smoke"", ""score"": 0.0507, ""box"": [1054, 272, 1117, 395]}, {""label"": ""flame"", ""score"": 0.0507, ""box"": [963, 202, 1053, 269]}, {""label"": ""smoke"", ""score"": 0.0504, ""box"": [854, 274, 1050, 364]}, {""label"": ""flame"", ""score"": 0.0503, ""box"": [1050, 333, 1093, 387]}]",1,1,1,1,1,1
hand_held_camera_wildfire,yolo,540,18.018,1,1,676.3,0.735516,0.829776,"[{""label"": ""flame"", ""score"": 0.8298, ""box"": [838, 265, 1115, 484]}, {""label"": ""smoke"", ""score"": 0.7355, ""box"": [969, 89, 1118, 277]}]",1,1,1,1,1,1
hand_held_camera_wildfire,dfire_yolov8n,540,18.018,1,1,55.7,0.464587,0.826415,"[{""label"": ""flame"", ""score"": 0.8264, ""box"": [838, 267, 1113, 472]}, {""label"": ""smoke"", ""score"": 0.4646, ""box"": [968, 95, 1119, 277]}, {""label"": ""smoke"", ""score"": 0.0692, ""box"": [190, 222, 519, 302]}]",1,1,1,0,1,1
hand_held_camera_wildfire,soul,540,18.018,1,1,54.2,0.0,0.894869,"[{""label"": ""flame"", ""score"": 0.8949, ""box"": [846, 212, 1117, 483]}, {""label"": ""flame"", ""score"": 0.4037, ""box"": [331, 238, 373, 278]}, {""label"": ""flame"", ""score"": 0.1615, ""box"": [462, 384, 506, 422]}, {""label"": ""flame"", ""score"": 0.1404, ""box"": [286, 246, 309, 282]}, {""label"": ""flame"", ""score"": 0.089, ""box"": [412, 228, 522, 278]}, {""label"": ""flame"", ""score"": 0.0847, ""box"": [413, 232, 458, 274]}, {""label"": ""flame"", ""score"": 0.0691, ""box"": [284, 243, 336, 282]}, {""label"": ""flame"", ""score"": 0.0634, ""box"": [196, 247, 288, 289]}]",0,1,1,0,1,1
hand_held_camera_wildfire,pyronear,540,18.018,1,1,324.5,0.076806,0.0,"[{""label"": ""smoke"", ""score"": 0.0768, ""box"": [691, 601, 736, 629]}, {""label"": ""smoke"", ""score"": 0.0656, ""box"": [281, 610, 327, 629]}]",0,0,0,0,0,0
hand_held_camera_wildfire,dfine,570,19.019,1,1,358.1,0.781871,0.883754,"[{""label"": ""flame"", ""score"": 0.8838, ""box"": [755, 284, 1031, 496]}, {""label"": ""smoke"", ""score"": 0.7819, ""box"": [876, 89, 1117, 409]}, {""label"": ""smoke"", ""score"": 0.3692, ""box"": [781, 89, 1118, 493]}, {""label"": ""smoke"", ""score"": 0.2852, ""box"": [881, 89, 1117, 305]}, {""label"": ""flame"", ""score"": 0.1872, ""box"": [756, 455, 845, 492]}, {""label"": ""flame"", ""score"": 0.164, ""box"": [896, 286, 978, 347]}, {""label"": ""flame"", ""score"": 0.1581, ""box"": [845, 487, 867, 512]}, {""label"": ""smoke"", ""score"": 0.1536, ""box"": [778, 89, 1117, 401]}, {""label"": ""flame"", ""score"": 0.1514, ""box"": [755, 455, 874, 492]}, {""label"": ""smoke"", ""score"": 0.1422, ""box"": [878, 88, 1117, 480]}, {""label"": ""flame"", ""score"": 0.1331, ""box"": [755, 456, 873, 511]}, {""label"": ""flame"", ""score"": 0.1252, ""box"": [755, 457, 789, 475]}, {""label"": ""flame"", ""score"": 0.1219, ""box"": [796, 487, 868, 512]}, {""label"": ""flame"", ""score"": 0.0909, ""box"": [846, 439, 875, 482]}, {""label"": ""smoke"", ""score"": 0.0899, ""box"": [631, 90, 1116, 392]}, {""label"": ""flame"", ""score"": 0.0816, ""box"": [794, 491, 865, 512]}, {""label"": ""flame"", ""score"": 0.078, ""box"": [784, 483, 970, 513]}, {""label"": ""flame"", ""score"": 0.0762, ""box"": [836, 487, 966, 513]}, {""label"": ""flame"", ""score"": 0.0757, ""box"": [786, 476, 837, 494]}, {""label"": ""flame"", ""score"": 0.0732, ""box"": [767, 368, 803, 396]}, {""label"": ""flame"", ""score"": 0.0731, ""box"": [796, 346, 884, 381]}, {""label"": ""flame"", ""score"": 0.0728, ""box"": [371, 413, 410, 445]}, {""label"": ""smoke"", ""score"": 0.0719, ""box"": [896, 286, 978, 347]}, {""label"": ""flame"", ""score"": 0.0717, ""box"": [794, 455, 858, 483]}, {""label"": ""flame"", ""score"": 0.0691, ""box"": [830, 333, 864, 346]}, {""label"": ""smoke"", ""score"": 0.0685, ""box"": [902, 89, 1117, 236]}, {""label"": ""flame"", ""score"": 0.0654, ""box"": [971, 273, 1040, 314]}, {""label"": ""flame"", ""score"": 0.0651, ""box"": [755, 456, 799, 479]}, {""label"": ""flame"", ""score"": 0.0648, ""box"": [794, 497, 813, 509]}, {""label"": ""flame"", ""score"": 0.0636, ""box"": [912, 495, 964, 512]}, {""label"": ""flame"", ""score"": 0.0625, ""box"": [894, 283, 1035, 400]}, {""label"": ""flame"", ""score"": 0.0621, ""box"": [893, 281, 1037, 398]}, {""label"": ""flame"", ""score"": 0.062, ""box"": [767, 354, 810, 396]}, {""label"": ""flame"", ""score"": 0.0605, ""box"": [805, 419, 855, 438]}, {""label"": ""flame"", ""score"": 0.0594, ""box"": [786, 476, 838, 494]}, {""label"": ""flame"", ""score"": 0.0586, ""box"": [754, 455, 995, 512]}, {""label"": ""smoke"", ""score"": 0.0575, ""box"": [337, 90, 1115, 504]}, {""label"": ""flame"", ""score"": 0.0573, ""box"": [792, 345, 886, 382]}, {""label"": ""smoke"", ""score"": 0.0563, ""box"": [651, 190, 727, 253]}, {""label"": ""flame"", ""score"": 0.0556, ""box"": [791, 456, 821, 478]}, {""label"": ""smoke"", ""score"": 0.0553, ""box"": [653, 183, 828, 267]}, {""label"": ""flame"", ""score"": 0.0551, ""box"": [780, 458, 798, 478]}, {""label"": ""smoke"", ""score"": 0.055, ""box"": [412, 317, 486, 379]}, {""label"": ""flame"", ""score"": 0.0545, ""box"": [787, 455, 844, 481]}, {""label"": ""flame"", ""score"": 0.0541, ""box"": [756, 432, 991, 491]}, {""label"": ""flame"", ""score"": 0.0533, ""box"": [794, 498, 815, 509]}, {""label"": ""flame"", ""score"": 0.0521, ""box"": [876, 89, 1117, 409]}, {""label"": ""flame"", ""score"": 0.052, ""box"": [770, 343, 886, 396]}, {""label"": ""smoke"", ""score"": 0.052, ""box"": [579, 89, 1117, 405]}, {""label"": ""flame"", ""score"": 0.0517, ""box"": [781, 89, 1118, 493]}, {""label"": ""smoke"", ""score"": 0.0515, ""box"": [894, 283, 1035, 400]}, {""label"": ""flame"", ""score"": 0.0513, ""box"": [895, 272, 1043, 361]}, {""label"": ""flame"", ""score"": 0.0511, ""box"": [785, 500, 806, 511]}, {""label"": ""smoke"", ""score"": 0.051, ""box"": [893, 281, 1037, 398]}, {""label"": ""smoke"", ""score"": 0.0506, ""box"": [1024, 92, 1117, 449]}, {""label"": ""flame"", ""score"": 0.0502, ""box"": [370, 405, 439, 447]}]",1,1,1,1,1,1
hand_held_camera_wildfire,yolo,570,19.019,1,1,700.6,0.758015,0.838699,"[{""label"": ""flame"", ""score"": 0.8387, ""box"": [753, 280, 1039, 513]}, {""label"": ""smoke"", ""score"": 0.758, ""box"": [891, 89, 1117, 374]}]",1,1,1,1,1,1
hand_held_camera_wildfire,dfire_yolov8n,570,19.019,1,1,55.3,0.582804,0.885677,"[{""label"": ""flame"", ""score"": 0.8857, ""box"": [753, 279, 1037, 504]}, {""label"": ""smoke"", ""score"": 0.5828, ""box"": [877, 99, 1114, 444]}, {""label"": ""smoke"", ""score"": 0.2427, ""box"": [164, 238, 436, 306]}]",1,1,1,1,1,1
hand_held_camera_wildfire,soul,570,19.019,1,1,50.7,0.0,0.93694,"[{""label"": ""flame"", ""score"": 0.9369, ""box"": [757, 286, 1034, 512]}]",0,1,1,0,1,1
hand_held_camera_wildfire,pyronear,570,19.019,1,1,332.4,0.0,0.0,[],0,0,0,0,0,0
hand_held_camera_wildfire,dfine,600,20.02,1,1,391.5,0.854887,0.906426,"[{""label"": ""flame"", ""score"": 0.9064, ""box"": [746, 250, 1007, 457]}, {""label"": ""smoke"", ""score"": 0.8549, ""box"": [869, 90, 1116, 351]}, {""label"": ""smoke"", ""score"": 0.3267, ""box"": [645, 129, 838, 220]}, {""label"": ""flame"", ""score"": 0.2212, ""box"": [837, 432, 867, 457]}, {""label"": ""smoke"", ""score"": 0.1673, ""box"": [644, 127, 843, 308]}, {""label"": ""smoke"", ""score"": 0.1552, ""box"": [748, 134, 838, 219]}, {""label"": ""smoke"", ""score"": 0.1514, ""box"": [643, 136, 720, 201]}, {""label"": ""flame"", ""score"": 0.144, ""box"": [748, 399, 870, 432]}, {""label"": ""flame"", ""score"": 0.1328, ""box"": [747, 401, 872, 455]}, {""label"": ""smoke"", ""score"": 0.1258, ""box"": [642, 90, 1116, 365]}, {""label"": ""smoke"", ""score"": 0.1161, ""box"": [644, 90, 1116, 339]}, {""label"": ""flame"", ""score"": 0.1126, ""box"": [839, 386, 872, 430]}, {""label"": ""flame"", ""score"": 0.1097, ""box"": [782, 387, 873, 431]}, {""label"": ""flame"", ""score"": 0.1003, ""box"": [836, 431, 958, 458]}, {""label"": ""flame"", ""score"": 0.0988, ""box"": [789, 431, 870, 457]}, {""label"": ""flame"", ""score"": 0.0985, ""box"": [747, 404, 779, 422]}, {""label"": ""smoke"", ""score"": 0.0941, ""box"": [746, 90, 1117, 458]}, {""label"": ""flame"", ""score"": 0.0939, ""box"": [747, 390, 976, 457]}, {""label"": ""smoke"", ""score"": 0.0937, ""box"": [641, 93, 842, 222]}, {""label"": ""smoke"", ""score"": 0.0897, ""box"": [881, 89, 1116, 227]}, {""label"": ""smoke"", ""score"": 0.0886, ""box"": [641, 91, 1116, 458]}, {""label"": ""flame"", ""score"": 0.0866, ""box"": [783, 426, 871, 457]}, {""label"": ""smoke"", ""score"": 0.0865, ""box"": [750, 136, 788, 205]}, {""label"": ""smoke"", ""score"": 0.0786, ""box"": [644, 261, 725, 311]}, {""label"": ""flame"", ""score"": 0.0765, ""box"": [747, 403, 834, 443]}, {""label"": ""flame"", ""score"": 0.0751, ""box"": [787, 428, 960, 458]}, {""label"": ""flame"", ""score"": 0.0722, ""box"": [909, 440, 948, 455]}, {""label"": ""flame"", ""score"": 0.0669, ""box"": [909, 440, 950, 455]}, {""label"": ""flame"", ""score"": 0.0662, ""box"": [785, 438, 831, 455]}, {""label"": ""smoke"", ""score"": 0.066, ""box"": [641, 93, 862, 223]}, {""label"": ""flame"", ""score"": 0.0646, ""box"": [748, 402, 825, 426]}, {""label"": ""flame"", ""score"": 0.0646, ""box"": [917, 367, 993, 427]}, {""label"": ""flame"", ""score"": 0.063, ""box"": [785, 435, 836, 456]}, {""label"": ""flame"", ""score"": 0.0627, ""box"": [363, 358, 409, 394]}, {""label"": ""smoke"", ""score"": 0.0615, ""box"": [862, 89, 1116, 457]}, {""label"": ""flame"", ""score"": 0.0612, ""box"": [747, 402, 825, 431]}, {""label"": ""smoke"", ""score"": 0.0595, ""box"": [758, 292, 864, 343]}, {""label"": ""flame"", ""score"": 0.0582, ""box"": [750, 402, 912, 433]}, {""label"": ""flame"", ""score"": 0.0575, ""box"": [362, 349, 468, 396]}, {""label"": ""flame"", ""score"": 0.0569, ""box"": [836, 402, 870, 430]}, {""label"": ""flame"", ""score"": 0.0564, ""box"": [758, 292, 864, 343]}, {""label"": ""flame"", ""score"": 0.0563, ""box"": [869, 90, 1116, 351]}, {""label"": ""flame"", ""score"": 0.056, ""box"": [362, 353, 425, 395]}, {""label"": ""flame"", ""score"": 0.0559, ""box"": [832, 281, 854, 293]}, {""label"": ""smoke"", ""score"": 0.0559, ""box"": [746, 250, 1007, 457]}, {""label"": ""flame"", ""score"": 0.0556, ""box"": [645, 129, 838, 220]}, {""label"": ""flame"", ""score"": 0.0552, ""box"": [825, 281, 855, 294]}, {""label"": ""flame"", ""score"": 0.0551, ""box"": [747, 399, 958, 456]}, {""label"": ""smoke"", ""score"": 0.0527, ""box"": [639, 121, 901, 371]}, {""label"": ""smoke"", ""score"": 0.0522, ""box"": [758, 286, 881, 382]}, {""label"": ""flame"", ""score"": 0.0518, ""box"": [785, 384, 874, 457]}, {""label"": ""flame"", ""score"": 0.0514, ""box"": [757, 301, 803, 343]}, {""label"": ""smoke"", ""score"": 0.0514, ""box"": [406, 255, 479, 328]}, {""label"": ""flame"", ""score"": 0.0508, ""box"": [760, 290, 876, 341]}, {""label"": ""smoke"", ""score"": 0.0506, ""box"": [885, 250, 999, 353]}, {""label"": ""smoke"", ""score"": 0.0505, ""box"": [760, 290, 876, 341]}, {""label"": ""flame"", ""score"": 0.0502, ""box"": [751, 390, 904, 433]}]",1,1,1,1,1,1
hand_held_camera_wildfire,yolo,600,20.02,1,1,706.1,0.842959,0.823647,"[{""label"": ""smoke"", ""score"": 0.843, ""box"": [870, 90, 1117, 330]}, {""label"": ""flame"", ""score"": 0.8236, ""box"": [748, 247, 1009, 457]}, {""label"": ""flame"", ""score"": 0.0686, ""box"": [749, 401, 834, 448]}]",1,1,1,1,1,1
hand_held_camera_wildfire,dfire_yolov8n,600,20.02,1,1,53.8,0.402017,0.857597,"[{""label"": ""flame"", ""score"": 0.8576, ""box"": [748, 250, 1005, 447]}, {""label"": ""smoke"", ""score"": 0.402, ""box"": [866, 101, 1110, 409]}, {""label"": ""smoke"", ""score"": 0.0708, ""box"": [167, 112, 420, 261]}, {""label"": ""smoke"", ""score"": 0.0505, ""box"": [165, 170, 340, 258]}]",1,1,1,0,1,1
hand_held_camera_wildfire,soul,600,20.02,1,1,58.8,0.0,0.889758,"[{""label"": ""flame"", ""score"": 0.8898, ""box"": [747, 245, 1010, 455]}, {""label"": ""flame"", ""score"": 0.4671, ""box"": [368, 353, 419, 391]}]",0,1,1,0,1,1
hand_held_camera_wildfire,pyronear,600,20.02,1,1,319.3,0.0,0.0,[],0,0,0,0,0,0
hand_held_camera_wildfire,dfine,630,21.021,1,1,359.1,0.777971,0.876636,"[{""label"": ""flame"", ""score"": 0.8766, ""box"": [692, 179, 963, 417]}, {""label"": ""smoke"", ""score"": 0.778, ""box"": [821, 90, 1117, 287]}, {""label"": ""smoke"", ""score"": 0.2134, ""box"": [696, 90, 1117, 411]}, {""label"": ""flame"", ""score"": 0.2037, ""box"": [690, 370, 826, 398]}, {""label"": ""smoke"", ""score"": 0.1999, ""box"": [710, 90, 1117, 309]}, {""label"": ""smoke"", ""score"": 0.1867, ""box"": [826, 90, 1116, 192]}, {""label"": ""flame"", ""score"": 0.1831, ""box"": [690, 371, 777, 396]}, {""label"": ""flame"", ""score"": 0.153, ""box"": [728, 399, 887, 425]}, {""label"": ""flame"", ""score"": 0.1473, ""box"": [689, 369, 917, 425]}, {""label"": ""smoke"", ""score"": 0.1441, ""box"": [817, 90, 1117, 391]}, {""label"": ""smoke"", ""score"": 0.1422, ""box"": [820, 90, 1117, 379]}, {""label"": ""flame"", ""score"": 0.1345, ""box"": [778, 355, 830, 398]}, {""label"": ""flame"", ""score"": 0.1336, ""box"": [691, 351, 919, 401]}, {""label"": ""flame"", ""score"": 0.1325, ""box"": [690, 372, 731, 391]}, {""label"": ""flame"", ""score"": 0.1277, ""box"": [832, 179, 857, 212]}, {""label"": ""flame"", ""score"": 0.1064, ""box"": [690, 372, 782, 423]}, {""label"": ""flame"", ""score"": 0.1063, ""box"": [779, 345, 920, 400]}, {""label"": ""smoke"", ""score"": 0.1043, ""box"": [990, 119, 1068, 183]}, {""label"": ""flame"", ""score"": 0.1039, ""box"": [781, 355, 809, 383]}, {""label"": ""flame"", ""score"": 0.1037, ""box"": [729, 404, 781, 425]}, {""label"": ""flame"", ""score"": 0.0989, ""box"": [1043, 601, 1084, 623]}, {""label"": ""flame"", ""score"": 0.0988, ""box"": [851, 407, 887, 420]}, {""label"": ""flame"", ""score"": 0.0987, ""box"": [729, 400, 828, 426]}, {""label"": ""smoke"", ""score"": 0.0968, ""box"": [822, 92, 976, 222]}, {""label"": ""flame"", ""score"": 0.0967, ""box"": [729, 400, 831, 425]}, {""label"": ""flame"", ""score"": 0.0965, ""box"": [721, 374, 736, 392]}, {""label"": ""smoke"", ""score"": 0.095, ""box"": [613, 304, 702, 381]}, {""label"": ""flame"", ""score"": 0.0942, ""box"": [704, 265, 809, 312]}, {""label"": ""flame"", ""score"": 0.0909, ""box"": [778, 377, 826, 399]}, {""label"": ""smoke"", ""score"": 0.0902, ""box"": [821, 92, 975, 234]}, {""label"": ""flame"", ""score"": 0.0855, ""box"": [777, 415, 791, 426]}, {""label"": ""smoke"", ""score"": 0.0843, ""box"": [829, 90, 1019, 181]}, {""label"": ""smoke"", ""score"": 0.0836, ""box"": [694, 106, 729, 172]}, {""label"": ""flame"", ""score"": 0.0823, ""box"": [729, 402, 790, 425]}, {""label"": ""smoke"", ""score"": 0.0813, ""box"": [588, 105, 663, 165]}, {""label"": ""smoke"", ""score"": 0.0782, ""box"": [704, 180, 868, 314]}, {""label"": ""smoke"", ""score"": 0.0764, ""box"": [826, 91, 962, 182]}, {""label"": ""smoke"", ""score"": 0.0763, ""box"": [969, 91, 1117, 273]}, {""label"": ""smoke"", ""score"": 0.0759, ""box"": [610, 102, 781, 186]}, {""label"": ""smoke"", ""score"": 0.0742, ""box"": [611, 101, 781, 184]}, {""label"": ""flame"", ""score"": 0.0731, ""box"": [821, 179, 862, 264]}, {""label"": ""flame"", ""score"": 0.0717, ""box"": [696, 90, 1117, 411]}, {""label"": ""flame"", ""score"": 0.0713, ""box"": [732, 264, 812, 296]}, {""label"": ""flame"", ""score"": 0.0712, ""box"": [821, 90, 1117, 287]}, {""label"": ""flame"", ""score"": 0.0703, ""box"": [734, 264, 812, 296]}, {""label"": ""flame"", ""score"": 0.0695, ""box"": [703, 287, 741, 313]}, {""label"": ""flame"", ""score"": 0.0688, ""box"": [690, 338, 929, 425]}, {""label"": ""flame"", ""score"": 0.0677, ""box"": [839, 344, 921, 399]}, {""label"": ""smoke"", ""score"": 0.0664, ""box"": [702, 189, 852, 311]}, {""label"": ""smoke"", ""score"": 0.0644, ""box"": [728, 399, 887, 425]}, {""label"": ""smoke"", ""score"": 0.0642, ""box"": [704, 265, 809, 312]}, {""label"": ""smoke"", ""score"": 0.0641, ""box"": [971, 90, 1116, 176]}, {""label"": ""smoke"", ""score"": 0.0607, ""box"": [693, 103, 783, 185]}, {""label"": ""flame"", ""score"": 0.0607, ""box"": [775, 401, 814, 426]}, {""label"": ""flame"", ""score"": 0.0607, ""box"": [737, 354, 835, 399]}, {""label"": ""smoke"", ""score"": 0.0599, ""box"": [729, 222, 776, 264]}, {""label"": ""flame"", ""score"": 0.0596, ""box"": [739, 315, 792, 354]}, {""label"": ""smoke"", ""score"": 0.059, ""box"": [968, 91, 1117, 283]}, {""label"": ""flame"", ""score"": 0.0584, ""box"": [300, 324, 364, 365]}, {""label"": ""smoke"", ""score"": 0.0578, ""box"": [704, 182, 860, 347]}, {""label"": ""flame"", ""score"": 0.0574, ""box"": [728, 395, 791, 426]}, {""label"": ""flame"", ""score"": 0.0573, ""box"": [719, 373, 739, 392]}, {""label"": ""flame"", ""score"": 0.0569, ""box"": [731, 372, 773, 393]}, {""label"": ""flame"", ""score"": 0.0566, ""box"": [729, 411, 750, 423]}, {""label"": ""smoke"", ""score"": 0.0559, ""box"": [692, 179, 963, 417]}, {""label"": ""flame"", ""score"": 0.0548, ""box"": [692, 365, 911, 400]}, {""label"": ""flame"", ""score"": 0.0546, ""box"": [744, 266, 808, 292]}, {""label"": ""flame"", ""score"": 0.0541, ""box"": [990, 119, 1068, 183]}, {""label"": ""flame"", ""score"": 0.053, ""box"": [899, 192, 948, 233]}, {""label"": ""flame"", ""score"": 0.0502, ""box"": [703, 267, 762, 312]}]",1,1,1,1,1,1
hand_held_camera_wildfire,yolo,630,21.021,1,1,679.9,0.578831,0.742348,"[{""label"": ""flame"", ""score"": 0.7423, ""box"": [689, 173, 962, 424]}, {""label"": ""smoke"", ""score"": 0.5788, ""box"": [831, 91, 1116, 286]}, {""label"": ""flame"", ""score"": 0.3348, ""box"": [689, 370, 774, 394]}, {""label"": ""flame"", ""score"": 0.3252, ""box"": [831, 178, 858, 211]}, {""label"": ""flame"", ""score"": 0.1141, ""box"": [687, 358, 923, 428]}]",1,1,1,1,1,1
hand_held_camera_wildfire,dfire_yolov8n,630,21.021,1,1,56.3,0.59051,0.812611,"[{""label"": ""flame"", ""score"": 0.8126, ""box"": [692, 179, 947, 408]}, {""label"": ""smoke"", ""score"": 0.5905, ""box"": [828, 96, 1109, 357]}, {""label"": ""flame"", ""score"": 0.1543, ""box"": [711, 369, 917, 399]}]",1,1,1,1,1,1
hand_held_camera_wildfire,soul,630,21.021,1,1,61.5,0.0,0.943663,"[{""label"": ""flame"", ""score"": 0.9437, ""box"": [695, 177, 960, 423]}, {""label"": ""flame"", ""score"": 0.2245, ""box"": [303, 325, 358, 364]}]",0,1,1,0,1,1
hand_held_camera_wildfire,pyronear,630,21.021,1,1,390.7,0.0,0.0,[],0,0,0,0,0,0
hand_held_camera_wildfire,dfine,660,22.022,1,1,407.4,0.861584,0.85266,"[{""label"": ""smoke"", ""score"": 0.8616, ""box"": [862, 89, 1118, 226]}, {""label"": ""flame"", ""score"": 0.8527, ""box"": [794, 193, 1111, 409]}, {""label"": ""smoke"", ""score"": 0.3445, ""box"": [653, 89, 855, 167]}, {""label"": ""smoke"", ""score"": 0.2986, ""box"": [773, 89, 853, 167]}, {""label"": ""flame"", ""score"": 0.2925, ""box"": [815, 230, 871, 267]}, {""label"": ""flame"", ""score"": 0.2716, ""box"": [822, 241, 862, 265]}, {""label"": ""flame"", ""score"": 0.2683, ""box"": [865, 384, 882, 409]}, {""label"": ""flame"", ""score"": 0.2366, ""box"": [914, 193, 935, 216]}, {""label"": ""flame"", ""score"": 0.2332, ""box"": [798, 334, 906, 409]}, {""label"": ""flame"", ""score"": 0.2214, ""box"": [813, 226, 896, 268]}, {""label"": ""flame"", ""score"": 0.19, ""box"": [812, 195, 933, 269]}, {""label"": ""flame"", ""score"": 0.1815, ""box"": [864, 334, 907, 381]}, {""label"": ""flame"", ""score"": 0.1727, ""box"": [800, 334, 905, 384]}, {""label"": ""flame"", ""score"": 0.1717, ""box"": [1064, 234, 1098, 273]}, {""label"": ""smoke"", ""score"": 0.171, ""box"": [651, 90, 726, 149]}, {""label"": ""flame"", ""score"": 0.1703, ""box"": [863, 333, 888, 409]}, {""label"": ""flame"", ""score"": 0.1696, ""box"": [815, 397, 837, 410]}, {""label"": ""flame"", ""score"": 0.1684, ""box"": [798, 355, 882, 410]}, {""label"": ""flame"", ""score"": 0.1632, ""box"": [814, 383, 883, 410]}, {""label"": ""flame"", ""score"": 0.1604, ""box"": [797, 356, 855, 409]}, {""label"": ""flame"", ""score"": 0.157, ""box"": [867, 334, 888, 372]}, {""label"": ""flame"", ""score"": 0.1552, ""box"": [804, 334, 905, 383]}, {""label"": ""smoke"", ""score"": 0.143, ""box"": [811, 89, 1116, 333]}, {""label"": ""flame"", ""score"": 0.142, ""box"": [812, 220, 928, 268]}, {""label"": ""flame"", ""score"": 0.1361, ""box"": [852, 334, 906, 381]}, {""label"": ""flame"", ""score"": 0.1321, ""box"": [812, 221, 922, 269]}, {""label"": ""flame"", ""score"": 0.1316, ""box"": [797, 355, 861, 386]}, {""label"": ""flame"", ""score"": 0.1304, ""box"": [813, 381, 849, 409]}, {""label"": ""smoke"", ""score"": 0.1284, ""box"": [661, 209, 842, 281]}, {""label"": ""flame"", ""score"": 0.1279, ""box"": [799, 356, 847, 382]}, {""label"": ""smoke"", ""score"": 0.1251, ""box"": [660, 208, 828, 294]}, {""label"": ""flame"", ""score"": 0.1237, ""box"": [813, 388, 849, 410]}, {""label"": ""smoke"", ""score"": 0.1202, ""box"": [658, 215, 737, 272]}, {""label"": ""flame"", ""score"": 0.118, ""box"": [798, 359, 819, 382]}, {""label"": ""smoke"", ""score"": 0.1171, ""box"": [656, 206, 871, 311]}, {""label"": ""smoke"", ""score"": 0.1165, ""box"": [804, 240, 874, 301]}, {""label"": ""smoke"", ""score"": 0.1157, ""box"": [651, 210, 826, 307]}, {""label"": ""smoke"", ""score"": 0.1108, ""box"": [805, 89, 1118, 366]}, {""label"": ""smoke"", ""score"": 0.1108, ""box"": [795, 89, 1117, 401]}, {""label"": ""smoke"", ""score"": 0.1106, ""box"": [691, 212, 822, 278]}, {""label"": ""flame"", ""score"": 0.11, ""box"": [827, 228, 873, 242]}, {""label"": ""smoke"", ""score"": 0.1097, ""box"": [820, 219, 987, 342]}, {""label"": ""smoke"", ""score"": 0.1081, ""box"": [653, 89, 874, 287]}, {""label"": ""smoke"", ""score"": 0.1079, ""box"": [653, 89, 1117, 298]}, {""label"": ""smoke"", ""score"": 0.1073, ""box"": [653, 89, 1116, 326]}, {""label"": ""flame"", ""score"": 0.1037, ""box"": [827, 228, 872, 243]}, {""label"": ""smoke"", ""score"": 0.1035, ""box"": [766, 89, 857, 213]}, {""label"": ""smoke"", ""score"": 0.1021, ""box"": [674, 214, 903, 309]}, {""label"": ""flame"", ""score"": 0.1005, ""box"": [871, 238, 898, 264]}, {""label"": ""flame"", ""score"": 0.0961, ""box"": [800, 355, 862, 382]}, {""label"": ""flame"", ""score"": 0.0932, ""box"": [1046, 186, 1115, 277]}, {""label"": ""smoke"", ""score"": 0.0931, ""box"": [652, 90, 859, 218]}, {""label"": ""smoke"", ""score"": 0.0928, ""box"": [799, 264, 880, 301]}, {""label"": ""flame"", ""score"": 0.092, ""box"": [808, 249, 819, 269]}, {""label"": ""smoke"", ""score"": 0.0919, ""box"": [804, 229, 882, 301]}, {""label"": ""smoke"", ""score"": 0.0912, ""box"": [803, 264, 874, 301]}, {""label"": ""flame"", ""score"": 0.0909, ""box"": [825, 309, 874, 336]}, {""label"": ""smoke"", ""score"": 0.0908, ""box"": [651, 89, 1114, 378]}, {""label"": ""smoke"", ""score"": 0.0902, ""box"": [809, 221, 951, 330]}, {""label"": ""smoke"", ""score"": 0.0898, ""box"": [677, 90, 725, 142]}, {""label"": ""flame"", ""score"": 0.0896, ""box"": [1044, 229, 1100, 277]}, {""label"": ""flame"", ""score"": 0.0893, ""box"": [1054, 183, 1116, 233]}, {""label"": ""smoke"", ""score"": 0.0884, ""box"": [655, 89, 1116, 334]}, {""label"": ""smoke"", ""score"": 0.0846, ""box"": [818, 220, 986, 326]}, {""label"": ""smoke"", ""score"": 0.0845, ""box"": [794, 193, 1111, 409]}, {""label"": ""flame"", ""score"": 0.0829, ""box"": [804, 229, 882, 301]}, {""label"": ""flame"", ""score"": 0.0827, ""box"": [796, 332, 1029, 409]}, {""label"": ""flame"", ""score"": 0.082, ""box"": [798, 351, 906, 384]}, {""label"": ""smoke"", ""score"": 0.082, ""box"": [822, 273, 878, 305]}, {""label"": ""smoke"", ""score"": 0.081, ""box"": [653, 89, 1117, 224]}, {""label"": ""flame"", ""score"": 0.0807, ""box"": [862, 381, 899, 409]}, {""label"": ""smoke"", ""score"": 0.0771, ""box"": [800, 234, 909, 378]}, {""label"": ""smoke"", ""score"": 0.0762, ""box"": [657, 193, 951, 313]}, {""label"": ""smoke"", ""score"": 0.0752, ""box"": [600, 193, 918, 319]}, {""label"": ""smoke"", ""score"": 0.0747, ""box"": [655, 212, 859, 311]}, {""label"": ""smoke"", ""score"": 0.0715, ""box"": [816, 185, 1115, 339]}, {""label"": ""smoke"", ""score"": 0.0705, ""box"": [658, 194, 969, 310]}, {""label"": ""flame"", ""score"": 0.069, ""box"": [793, 310, 915, 409]}, {""label"": ""flame"", ""score"": 0.0677, ""box"": [862, 89, 1118, 226]}, {""label"": ""smoke"", ""score"": 0.0651, ""box"": [627, 208, 827, 357]}, {""label"": ""smoke"", ""score"": 0.0648, ""box"": [817, 185, 1110, 283]}, {""label"": ""smoke"", ""score"": 0.0642, ""box"": [919, 190, 1111, 278]}, {""label"": ""flame"", ""score"": 0.0637, ""box"": [795, 89, 1117, 401]}, {""label"": ""flame"", ""score"": 0.0635, ""box"": [1036, 218, 1104, 276]}, {""label"": ""smoke"", ""score"": 0.0632, ""box"": [817, 202, 984, 315]}, {""label"": ""flame"", ""score"": 0.0632, ""box"": [1030, 230, 1099, 278]}, {""label"": ""smoke"", ""score"": 0.0628, ""box"": [954, 200, 1028, 250]}, {""label"": ""flame"", ""score"": 0.0625, ""box"": [988, 228, 1099, 338]}, {""label"": ""flame"", ""score"": 0.0624, ""box"": [773, 89, 853, 167]}, {""label"": ""flame"", ""score"": 0.0623, ""box"": [804, 332, 1025, 383]}, {""label"": ""flame"", ""score"": 0.062, ""box"": [804, 240, 874, 301]}, {""label"": ""smoke"", ""score"": 0.0606, ""box"": [1046, 186, 1115, 277]}, {""label"": ""smoke"", ""score"": 0.0589, ""box"": [623, 212, 783, 312]}, {""label"": ""flame"", ""score"": 0.0588, ""box"": [956, 346, 1024, 376]}, {""label"": ""smoke"", ""score"": 0.0586, ""box"": [798, 334, 906, 409]}, {""label"": ""flame"", ""score"": 0.0584, ""box"": [786, 358, 819, 384]}, {""label"": ""smoke"", ""score"": 0.0583, ""box"": [956, 184, 1113, 282]}, {""label"": ""flame"", ""score"": 0.0581, ""box"": [893, 225, 991, 322]}, {""label"": ""flame"", ""score"": 0.058, ""box"": [996, 225, 1102, 332]}, {""label"": ""flame"", ""score"": 0.0573, ""box"": [953, 348, 1024, 377]}, {""label"": ""smoke"", ""score"": 0.0571, ""box"": [1054, 183, 1116, 233]}, {""label"": ""flame"", ""score"": 0.0571, ""box"": [820, 219, 987, 342]}, {""label"": ""flame"", ""score"": 0.0566, ""box"": [812, 194, 1003, 269]}, {""label"": ""smoke"", ""score"": 0.0565, ""box"": [815, 230, 871, 267]}, {""label"": ""smoke"", ""score"": 0.0564, ""box"": [812, 195, 933, 269]}, {""label"": ""smoke"", ""score"": 0.0561, ""box"": [865, 384, 882, 409]}, {""label"": ""smoke"", ""score"": 0.0556, ""box"": [893, 225, 991, 322]}, {""label"": ""smoke"", ""score"": 0.0554, ""box"": [689, 219, 737, 267]}, {""label"": ""flame"", ""score"": 0.055, ""box"": [863, 359, 909, 382]}, {""label"": ""flame"", ""score"": 0.0549, ""box"": [827, 227, 846, 240]}, {""label"": ""smoke"", ""score"": 0.0546, ""box"": [689, 219, 736, 266]}, {""label"": ""flame"", ""score"": 0.0536, ""box"": [653, 89, 855, 167]}, {""label"": ""smoke"", ""score"": 0.0533, ""box"": [819, 218, 1098, 380]}, {""label"": ""smoke"", ""score"": 0.0527, ""box"": [796, 284, 912, 404]}, {""label"": ""smoke"", ""score"": 0.0521, ""box"": [642, 88, 1117, 406]}, {""label"": ""smoke"", ""score"": 0.0521, ""box"": [956, 203, 1015, 258]}, {""label"": ""flame"", ""score"": 0.0512, ""box"": [1024, 188, 1115, 294]}, {""label"": ""smoke"", ""score"": 0.0509, ""box"": [800, 334, 905, 384]}, {""label"": ""smoke"", ""score"": 0.0506, ""box"": [812, 194, 1003, 269]}, {""label"": ""flame"", ""score"": 0.0506, ""box"": [809, 221, 951, 330]}]",1,1,1,1,1,1
hand_held_camera_wildfire,yolo,660,22.022,1,1,688.0,0.632896,0.831033,"[{""label"": ""flame"", ""score"": 0.831, ""box"": [787, 181, 1112, 412]}, {""label"": ""smoke"", ""score"": 0.6329, ""box"": [868, 90, 1117, 215]}, {""label"": ""flame"", ""score"": 0.1425, ""box"": [827, 233, 868, 263]}, {""label"": ""flame"", ""score"": 0.1332, ""box"": [807, 227, 872, 269]}, {""label"": ""flame"", ""score"": 0.0595, ""box"": [807, 247, 822, 268]}, {""label"": ""flame"", ""score"": 0.0513, ""box"": [787, 355, 858, 407]}]",1,1,1,1,1,1
hand_held_camera_wildfire,dfire_yolov8n,660,22.022,1,1,50.3,0.664635,0.902132,"[{""label"": ""flame"", ""score"": 0.9021, ""box"": [797, 199, 1117, 398]}, {""label"": ""smoke"", ""score"": 0.6646, ""box"": [883, 95, 1111, 221]}, {""label"": ""smoke"", ""score"": 0.0525, ""box"": [166, 160, 435, 246]}]",1,1,1,1,1,1
hand_held_camera_wildfire,soul,660,22.022,1,1,52.3,0.0,0.903249,"[{""label"": ""flame"", ""score"": 0.9032, ""box"": [780, 193, 1115, 403]}, {""label"": ""flame"", ""score"": 0.485, ""box"": [382, 328, 435, 373]}, {""label"": ""flame"", ""score"": 0.0614, ""box"": [309, 167, 372, 219]}]",0,1,1,0,1,1
hand_held_camera_wildfire,pyronear,660,22.022,1,1,324.8,0.0,0.0,[],0,0,0,0,0,0
hand_held_camera_wildfire,dfine,690,23.023,1,1,388.6,0.867284,0.883026,"[{""label"": ""flame"", ""score"": 0.883, ""box"": [687, 222, 1013, 457]}, {""label"": ""smoke"", ""score"": 0.8673, ""box"": [752, 89, 1116, 289]}, {""label"": ""flame"", ""score"": 0.3049, ""box"": [692, 300, 713, 323]}, {""label"": ""flame"", ""score"": 0.2241, ""box"": [699, 382, 787, 431]}, {""label"": ""flame"", ""score"": 0.2168, ""box"": [751, 382, 783, 425]}, {""label"": ""flame"", ""score"": 0.2013, ""box"": [747, 382, 789, 428]}, {""label"": ""flame"", ""score"": 0.1963, ""box"": [700, 405, 749, 430]}, {""label"": ""flame"", ""score"": 0.1873, ""box"": [692, 382, 797, 459]}, {""label"": ""flame"", ""score"": 0.1827, ""box"": [693, 286, 778, 323]}, {""label"": ""smoke"", ""score"": 0.1683, ""box"": [666, 319, 770, 354]}, {""label"": ""smoke"", ""score"": 0.1663, ""box"": [664, 305, 773, 357]}, {""label"": ""smoke"", ""score"": 0.1663, ""box"": [664, 317, 770, 355]}, {""label"": ""flame"", ""score"": 0.1631, ""box"": [694, 405, 759, 457]}, {""label"": ""flame"", ""score"": 0.1628, ""box"": [714, 366, 756, 385]}, {""label"": ""smoke"", ""score"": 0.1533, ""box"": [662, 300, 774, 361]}, {""label"": ""smoke"", ""score"": 0.1466, ""box"": [662, 315, 769, 358]}, {""label"": ""flame"", ""score"": 0.1459, ""box"": [693, 280, 814, 324]}, {""label"": ""smoke"", ""score"": 0.1375, ""box"": [690, 89, 1117, 452]}, {""label"": ""smoke"", ""score"": 0.1367, ""box"": [688, 317, 771, 350]}, {""label"": ""flame"", ""score"": 0.1309, ""box"": [755, 382, 777, 406]}, {""label"": ""flame"", ""score"": 0.1305, ""box"": [692, 375, 910, 457]}, {""label"": ""flame"", ""score"": 0.1285, ""box"": [690, 375, 816, 459]}, {""label"": ""flame"", ""score"": 0.1282, ""box"": [693, 285, 761, 323]}, {""label"": ""flame"", ""score"": 0.1272, ""box"": [693, 403, 786, 458]}, {""label"": ""flame"", ""score"": 0.1228, ""box"": [750, 381, 827, 429]}, {""label"": ""smoke"", ""score"": 0.1174, ""box"": [650, 307, 755, 422]}, {""label"": ""flame"", ""score"": 0.1139, ""box"": [788, 257, 809, 282]}, {""label"": ""smoke"", ""score"": 0.1114, ""box"": [675, 297, 779, 356]}, {""label"": ""smoke"", ""score"": 0.1113, ""box"": [660, 315, 716, 361]}, {""label"": ""smoke"", ""score"": 0.109, ""box"": [653, 304, 779, 420]}, {""label"": ""flame"", ""score"": 0.1082, ""box"": [692, 247, 810, 324]}, {""label"": ""flame"", ""score"": 0.1065, ""box"": [697, 374, 895, 433]}, {""label"": ""flame"", ""score"": 0.1059, ""box"": [788, 242, 809, 280]}, {""label"": ""flame"", ""score"": 0.1029, ""box"": [729, 280, 761, 292]}, {""label"": ""smoke"", ""score"": 0.1008, ""box"": [654, 301, 780, 419]}, {""label"": ""flame"", ""score"": 0.0991, ""box"": [778, 255, 813, 296]}, {""label"": ""flame"", ""score"": 0.0989, ""box"": [688, 409, 707, 431]}, {""label"": ""smoke"", ""score"": 0.0982, ""box"": [644, 379, 679, 425]}, {""label"": ""flame"", ""score"": 0.0965, ""box"": [705, 447, 726, 458]}, {""label"": ""smoke"", ""score"": 0.0953, ""box"": [537, 132, 732, 219]}, {""label"": ""smoke"", ""score"": 0.0951, ""box"": [991, 94, 1117, 297]}, {""label"": ""flame"", ""score"": 0.0915, ""box"": [692, 281, 770, 322]}, {""label"": ""flame"", ""score"": 0.0876, ""box"": [709, 295, 816, 321]}, {""label"": ""flame"", ""score"": 0.0876, ""box"": [715, 279, 763, 294]}, {""label"": ""flame"", ""score"": 0.0873, ""box"": [704, 433, 779, 459]}, {""label"": ""flame"", ""score"": 0.0859, ""box"": [749, 379, 832, 430]}, {""label"": ""flame"", ""score"": 0.0856, ""box"": [705, 439, 750, 459]}, {""label"": ""smoke"", ""score"": 0.0848, ""box"": [666, 301, 716, 356]}, {""label"": ""flame"", ""score"": 0.0835, ""box"": [753, 433, 773, 458]}, {""label"": ""smoke"", ""score"": 0.0834, ""box"": [687, 222, 1013, 457]}, {""label"": ""smoke"", ""score"": 0.0831, ""box"": [674, 280, 789, 357]}, {""label"": ""flame"", ""score"": 0.0824, ""box"": [697, 408, 714, 429]}, {""label"": ""flame"", ""score"": 0.0803, ""box"": [704, 432, 760, 459]}, {""label"": ""flame"", ""score"": 0.0801, ""box"": [754, 366, 901, 428]}, {""label"": ""flame"", ""score"": 0.0791, ""box"": [722, 299, 782, 320]}, {""label"": ""flame"", ""score"": 0.0786, ""box"": [711, 291, 815, 322]}, {""label"": ""flame"", ""score"": 0.0769, ""box"": [711, 279, 764, 296]}, {""label"": ""flame"", ""score"": 0.0764, ""box"": [840, 366, 900, 416]}, {""label"": ""smoke"", ""score"": 0.0761, ""box"": [534, 143, 607, 202]}, {""label"": ""smoke"", ""score"": 0.0729, ""box"": [688, 280, 812, 378]}, {""label"": ""smoke"", ""score"": 0.0723, ""box"": [714, 328, 764, 355]}, {""label"": ""smoke"", ""score"": 0.0707, ""box"": [621, 248, 713, 341]}, {""label"": ""smoke"", ""score"": 0.0706, ""box"": [1001, 120, 1116, 299]}, {""label"": ""smoke"", ""score"": 0.0702, ""box"": [742, 89, 1116, 396]}, {""label"": ""smoke"", ""score"": 0.0696, ""box"": [635, 132, 732, 219]}, {""label"": ""flame"", ""score"": 0.0687, ""box"": [824, 433, 872, 448]}, {""label"": ""flame"", ""score"": 0.0649, ""box"": [752, 89, 1116, 289]}, {""label"": ""smoke"", ""score"": 0.0645, ""box"": [762, 90, 925, 215]}, {""label"": ""flame"", ""score"": 0.0644, ""box"": [694, 407, 900, 458]}, {""label"": ""smoke"", ""score"": 0.0639, ""box"": [721, 329, 762, 352]}, {""label"": ""smoke"", ""score"": 0.0638, ""box"": [616, 247, 769, 351]}, {""label"": ""smoke"", ""score"": 0.0635, ""box"": [755, 90, 919, 242]}, {""label"": ""smoke"", ""score"": 0.0629, ""box"": [565, 145, 606, 194]}, {""label"": ""smoke"", ""score"": 0.0626, ""box"": [537, 90, 1115, 383]}, {""label"": ""smoke"", ""score"": 0.0626, ""box"": [703, 315, 799, 381]}, {""label"": ""smoke"", ""score"": 0.0622, ""box"": [990, 93, 1115, 200]}, {""label"": ""flame"", ""score"": 0.0618, ""box"": [750, 432, 787, 459]}, {""label"": ""flame"", ""score"": 0.0611, ""box"": [777, 256, 821, 320]}, {""label"": ""flame"", ""score"": 0.0596, ""box"": [709, 347, 763, 384]}, {""label"": ""smoke"", ""score"": 0.0595, ""box"": [613, 245, 775, 345]}, {""label"": ""flame"", ""score"": 0.0583, ""box"": [937, 222, 1008, 292]}, {""label"": ""smoke"", ""score"": 0.0581, ""box"": [696, 225, 1007, 322]}, {""label"": ""flame"", ""score"": 0.0579, ""box"": [690, 89, 1117, 452]}, {""label"": ""flame"", ""score"": 0.0568, ""box"": [241, 386, 321, 435]}, {""label"": ""smoke"", ""score"": 0.0564, ""box"": [643, 350, 701, 426]}, {""label"": ""flame"", ""score"": 0.0562, ""box"": [692, 284, 721, 324]}, {""label"": ""flame"", ""score"": 0.0559, ""box"": [714, 370, 733, 384]}, {""label"": ""smoke"", ""score"": 0.0559, ""box"": [536, 123, 739, 263]}, {""label"": ""flame"", ""score"": 0.0546, ""box"": [696, 225, 1007, 322]}, {""label"": ""smoke"", ""score"": 0.0543, ""box"": [765, 89, 918, 179]}, {""label"": ""smoke"", ""score"": 0.0517, ""box"": [1009, 122, 1115, 196]}, {""label"": ""smoke"", ""score"": 0.0513, ""box"": [1006, 123, 1114, 196]}, {""label"": ""smoke"", ""score"": 0.0513, ""box"": [1002, 123, 1115, 204]}, {""label"": ""flame"", ""score"": 0.0507, ""box"": [688, 280, 812, 378]}, {""label"": ""flame"", ""score"": 0.0506, ""box"": [957, 321, 974, 339]}]",1,1,1,1,1,1
hand_held_camera_wildfire,yolo,690,23.023,1,1,678.9,0.778579,0.7649,"[{""label"": ""smoke"", ""score"": 0.7786, ""box"": [762, 90, 1121, 276]}, {""label"": ""flame"", ""score"": 0.7649, ""box"": [690, 222, 1009, 460]}, {""label"": ""flame"", ""score"": 0.1812, ""box"": [691, 300, 710, 322]}, {""label"": ""flame"", ""score"": 0.1063, ""box"": [715, 367, 754, 386]}, {""label"": ""flame"", ""score"": 0.0867, ""box"": [691, 405, 748, 438]}, {""label"": ""flame"", ""score"": 0.0513, ""box"": [754, 383, 794, 428]}]",1,1,1,1,1,1
hand_held_camera_wildfire,dfire_yolov8n,690,23.023,1,1,53.8,0.603727,0.875193,"[{""label"": ""flame"", ""score"": 0.8752, ""box"": [689, 225, 1004, 439]}, {""label"": ""smoke"", ""score"": 0.6037, ""box"": [751, 96, 1112, 308]}]",1,1,1,1,1,1
hand_held_camera_wildfire,soul,690,23.023,1,1,61.2,0.0,0.888696,"[{""label"": ""flame"", ""score"": 0.8887, ""box"": [689, 223, 1009, 442]}]",0,1,1,0,1,1
hand_held_camera_wildfire,pyronear,690,23.023,1,1,318.6,0.139567,0.0,"[{""label"": ""smoke"", ""score"": 0.1396, ""box"": [239, 580, 315, 630]}, {""label"": ""smoke"", ""score"": 0.0795, ""box"": [202, 591, 306, 630]}, {""label"": ""smoke"", ""score"": 0.057, ""box"": [240, 591, 286, 629]}]",0,0,0,0,0,0
hand_held_camera_wildfire,dfine,720,24.024,1,1,367.3,0.874652,0.851517,"[{""label"": ""smoke"", ""score"": 0.8747, ""box"": [812, 90, 1117, 304]}, {""label"": ""flame"", ""score"": 0.8515, ""box"": [747, 204, 1044, 473]}, {""label"": ""flame"", ""score"": 0.291, ""box"": [1037, 306, 1066, 340]}, {""label"": ""flame"", ""score"": 0.2042, ""box"": [810, 448, 833, 474]}, {""label"": ""flame"", ""score"": 0.1784, ""box"": [808, 398, 840, 474]}, {""label"": ""flame"", ""score"": 0.1529, ""box"": [755, 398, 843, 449]}, {""label"": ""flame"", ""score"": 0.1425, ""box"": [809, 398, 837, 441]}, {""label"": ""flame"", ""score"": 0.142, ""box"": [804, 320, 833, 336]}, {""label"": ""flame"", ""score"": 0.139, ""box"": [755, 421, 802, 445]}, {""label"": ""flame"", ""score"": 0.137, ""box"": [752, 418, 840, 475]}, {""label"": ""flame"", ""score"": 0.1349, ""box"": [755, 420, 815, 446]}, {""label"": ""flame"", ""score"": 0.1344, ""box"": [765, 358, 811, 400]}, {""label"": ""flame"", ""score"": 0.1326, ""box"": [756, 398, 849, 447]}, {""label"": ""smoke"", ""score"": 0.132, ""box"": [731, 304, 833, 369]}, {""label"": ""flame"", ""score"": 0.1234, ""box"": [769, 378, 812, 399]}, {""label"": ""flame"", ""score"": 0.1223, ""box"": [760, 304, 833, 339]}, {""label"": ""smoke"", ""score"": 0.1203, ""box"": [723, 331, 812, 369]}, {""label"": ""smoke"", ""score"": 0.12, ""box"": [758, 307, 834, 376]}, {""label"": ""smoke"", ""score"": 0.1185, ""box"": [723, 327, 826, 370]}, {""label"": ""flame"", ""score"": 0.1137, ""box"": [801, 377, 873, 445]}, {""label"": ""flame"", ""score"": 0.1058, ""box"": [811, 376, 870, 443]}, {""label"": ""flame"", ""score"": 0.102, ""box"": [895, 449, 935, 463]}, {""label"": ""flame"", ""score"": 0.0984, ""box"": [756, 376, 875, 449]}, {""label"": ""flame"", ""score"": 0.0973, ""box"": [751, 399, 876, 475]}, {""label"": ""flame"", ""score"": 0.0972, ""box"": [798, 398, 841, 445]}, {""label"": ""flame"", ""score"": 0.0905, ""box"": [760, 458, 795, 474]}, {""label"": ""flame"", ""score"": 0.0863, ""box"": [759, 446, 837, 475]}, {""label"": ""flame"", ""score"": 0.0849, ""box"": [757, 448, 800, 474]}, {""label"": ""flame"", ""score"": 0.0826, ""box"": [817, 376, 868, 433]}, {""label"": ""flame"", ""score"": 0.0824, ""box"": [809, 396, 860, 444]}, {""label"": ""smoke"", ""score"": 0.081, ""box"": [590, 143, 784, 233]}, {""label"": ""flame"", ""score"": 0.0803, ""box"": [977, 234, 1003, 254]}, {""label"": ""flame"", ""score"": 0.0786, ""box"": [809, 444, 940, 474]}, {""label"": ""smoke"", ""score"": 0.0785, ""box"": [770, 342, 817, 375]}, {""label"": ""flame"", ""score"": 0.0779, ""box"": [751, 420, 805, 466]}, {""label"": ""flame"", ""score"": 0.0762, ""box"": [809, 396, 868, 445]}, {""label"": ""smoke"", ""score"": 0.075, ""box"": [720, 334, 773, 368]}, {""label"": ""smoke"", ""score"": 0.0745, ""box"": [663, 278, 823, 371]}, {""label"": ""smoke"", ""score"": 0.0732, ""box"": [738, 300, 833, 368]}, {""label"": ""flame"", ""score"": 0.0731, ""box"": [751, 375, 884, 471]}, {""label"": ""flame"", ""score"": 0.0711, ""box"": [762, 451, 836, 475]}, {""label"": ""smoke"", ""score"": 0.0709, ""box"": [730, 261, 857, 369]}, {""label"": ""flame"", ""score"": 0.0709, ""box"": [820, 376, 868, 420]}, {""label"": ""smoke"", ""score"": 0.0701, ""box"": [773, 337, 831, 375]}, {""label"": ""smoke"", ""score"": 0.0692, ""box"": [720, 317, 812, 372]}, {""label"": ""flame"", ""score"": 0.0676, ""box"": [760, 441, 938, 475]}, {""label"": ""smoke"", ""score"": 0.0673, ""box"": [760, 304, 833, 339]}, {""label"": ""smoke"", ""score"": 0.065, ""box"": [634, 259, 840, 374]}, {""label"": ""smoke"", ""score"": 0.0649, ""box"": [768, 336, 836, 380]}, {""label"": ""flame"", ""score"": 0.0643, ""box"": [737, 425, 756, 444]}, {""label"": ""smoke"", ""score"": 0.0638, ""box"": [687, 144, 784, 233]}, {""label"": ""flame"", ""score"": 0.0632, ""box"": [751, 423, 939, 475]}, {""label"": ""flame"", ""score"": 0.0623, ""box"": [737, 423, 761, 446]}, {""label"": ""flame"", ""score"": 0.0615, ""box"": [753, 361, 867, 456]}, {""label"": ""smoke"", ""score"": 0.0613, ""box"": [728, 301, 839, 443]}, {""label"": ""smoke"", ""score"": 0.0603, ""box"": [753, 264, 856, 362]}, {""label"": ""smoke"", ""score"": 0.0597, ""box"": [769, 343, 812, 378]}, {""label"": ""smoke"", ""score"": 0.0585, ""box"": [689, 145, 743, 219]}, {""label"": ""smoke"", ""score"": 0.0582, ""box"": [751, 306, 837, 441]}, {""label"": ""flame"", ""score"": 0.0582, ""box"": [749, 398, 907, 473]}, {""label"": ""smoke"", ""score"": 0.0579, ""box"": [745, 90, 1115, 474]}, {""label"": ""smoke"", ""score"": 0.0564, ""box"": [720, 304, 824, 371]}, {""label"": ""flame"", ""score"": 0.0559, ""box"": [731, 304, 833, 369]}, {""label"": ""flame"", ""score"": 0.0552, ""box"": [747, 317, 759, 331]}, {""label"": ""flame"", ""score"": 0.0548, ""box"": [737, 424, 758, 446]}, {""label"": ""flame"", ""score"": 0.0543, ""box"": [770, 350, 803, 378]}, {""label"": ""smoke"", ""score"": 0.0537, ""box"": [838, 197, 1051, 302]}, {""label"": ""flame"", ""score"": 0.0534, ""box"": [760, 313, 814, 339]}, {""label"": ""flame"", ""score"": 0.0526, ""box"": [755, 422, 777, 443]}, {""label"": ""smoke"", ""score"": 0.0525, ""box"": [750, 90, 1115, 472]}, {""label"": ""flame"", ""score"": 0.0521, ""box"": [769, 358, 796, 378]}, {""label"": ""smoke"", ""score"": 0.0512, ""box"": [969, 233, 1052, 300]}, {""label"": ""flame"", ""score"": 0.0508, ""box"": [812, 90, 1117, 304]}, {""label"": ""flame"", ""score"": 0.0504, ""box"": [752, 348, 877, 473]}, {""label"": ""smoke"", ""score"": 0.0502, ""box"": [752, 348, 877, 473]}]",1,1,1,1,1,1
hand_held_camera_wildfire,yolo,720,24.024,1,1,709.8,0.691999,0.744898,"[{""label"": ""flame"", ""score"": 0.7449, ""box"": [741, 204, 1048, 475]}, {""label"": ""smoke"", ""score"": 0.692, ""box"": [813, 90, 1118, 301]}, {""label"": ""flame"", ""score"": 0.1257, ""box"": [1039, 308, 1064, 340]}]",1,1,1,1,1,1
hand_held_camera_wildfire,dfire_yolov8n,720,24.024,1,1,54.4,0.606759,0.862687,"[{""label"": ""flame"", ""score"": 0.8627, ""box"": [744, 202, 1030, 464]}, {""label"": ""smoke"", ""score"": 0.6068, ""box"": [813, 96, 1117, 292]}, {""label"": ""flame"", ""score"": 0.0598, ""box"": [766, 361, 805, 396]}]",1,1,1,1,1,1
hand_held_camera_wildfire,soul,720,24.024,1,1,55.9,0.0,0.883562,"[{""label"": ""flame"", ""score"": 0.8836, ""box"": [751, 202, 1053, 469]}]",0,1,1,0,1,1
hand_held_camera_wildfire,pyronear,720,24.024,1,1,334.8,0.242609,0.0,"[{""label"": ""smoke"", ""score"": 0.2426, ""box"": [309, 584, 379, 629]}, {""label"": ""smoke"", ""score"": 0.0598, ""box"": [308, 602, 348, 629]}]",0,0,0,0,0,0
hand_held_camera_wildfire,dfine,750,25.025,1,1,371.2,0.853551,0.868122,"[{""label"": ""flame"", ""score"": 0.8681, ""box"": [704, 172, 962, 443]}, {""label"": ""smoke"", ""score"": 0.8536, ""box"": [789, 90, 1116, 294]}, {""label"": ""flame"", ""score"": 0.3192, ""box"": [691, 414, 730, 438]}, {""label"": ""flame"", ""score"": 0.2463, ""box"": [749, 453, 765, 470]}, {""label"": ""flame"", ""score"": 0.178, ""box"": [712, 304, 774, 333]}, {""label"": ""flame"", ""score"": 0.1771, ""box"": [749, 394, 778, 432]}, {""label"": ""flame"", ""score"": 0.1617, ""box"": [701, 452, 766, 471]}, {""label"": ""flame"", ""score"": 0.1558, ""box"": [717, 359, 734, 374]}, {""label"": ""flame"", ""score"": 0.1539, ""box"": [749, 394, 821, 440]}, {""label"": ""flame"", ""score"": 0.1427, ""box"": [710, 359, 737, 394]}, {""label"": ""flame"", ""score"": 0.1346, ""box"": [730, 289, 760, 302]}, {""label"": ""flame"", ""score"": 0.1283, ""box"": [709, 358, 754, 397]}, {""label"": ""flame"", ""score"": 0.128, ""box"": [718, 315, 762, 331]}, {""label"": ""flame"", ""score"": 0.1259, ""box"": [688, 415, 765, 469]}, {""label"": ""flame"", ""score"": 0.1024, ""box"": [711, 377, 727, 394]}, {""label"": ""flame"", ""score"": 0.0916, ""box"": [701, 457, 718, 469]}, {""label"": ""flame"", ""score"": 0.0868, ""box"": [712, 376, 751, 396]}, {""label"": ""flame"", ""score"": 0.084, ""box"": [688, 358, 749, 439]}, {""label"": ""smoke"", ""score"": 0.0831, ""box"": [702, 89, 1117, 441]}, {""label"": ""flame"", ""score"": 0.0778, ""box"": [690, 393, 808, 441]}, {""label"": ""flame"", ""score"": 0.0773, ""box"": [842, 351, 936, 437]}, {""label"": ""smoke"", ""score"": 0.0758, ""box"": [704, 302, 778, 371]}, {""label"": ""smoke"", ""score"": 0.0746, ""box"": [793, 89, 958, 184]}, {""label"": ""smoke"", ""score"": 0.0745, ""box"": [716, 337, 769, 374]}, {""label"": ""smoke"", ""score"": 0.0743, ""box"": [719, 89, 1116, 439]}, {""label"": ""smoke"", ""score"": 0.0714, ""box"": [541, 274, 623, 337]}, {""label"": ""smoke"", ""score"": 0.0709, ""box"": [795, 89, 1115, 187]}, {""label"": ""flame"", ""score"": 0.07, ""box"": [706, 444, 824, 471]}, {""label"": ""flame"", ""score"": 0.0688, ""box"": [702, 436, 906, 470]}, {""label"": ""smoke"", ""score"": 0.0687, ""box"": [671, 328, 747, 363]}, {""label"": ""smoke"", ""score"": 0.0683, ""box"": [691, 414, 730, 438]}, {""label"": ""flame"", ""score"": 0.0676, ""box"": [704, 302, 778, 371]}, {""label"": ""smoke"", ""score"": 0.0676, ""box"": [702, 309, 777, 395]}, {""label"": ""smoke"", ""score"": 0.0671, ""box"": [986, 92, 1117, 280]}, {""label"": ""flame"", ""score"": 0.0667, ""box"": [717, 290, 773, 331]}, {""label"": ""smoke"", ""score"": 0.0649, ""box"": [621, 271, 709, 353]}, {""label"": ""smoke"", ""score"": 0.0648, ""box"": [715, 334, 776, 373]}, {""label"": ""flame"", ""score"": 0.0645, ""box"": [789, 90, 1116, 294]}, {""label"": ""smoke"", ""score"": 0.0635, ""box"": [712, 304, 774, 333]}, {""label"": ""smoke"", ""score"": 0.0587, ""box"": [719, 252, 798, 303]}, {""label"": ""smoke"", ""score"": 0.0565, ""box"": [696, 310, 776, 395]}, {""label"": ""flame"", ""score"": 0.056, ""box"": [745, 344, 934, 440]}, {""label"": ""flame"", ""score"": 0.0555, ""box"": [687, 420, 704, 438]}, {""label"": ""flame"", ""score"": 0.055, ""box"": [905, 192, 927, 211]}, {""label"": ""smoke"", ""score"": 0.0541, ""box"": [714, 335, 778, 377]}, {""label"": ""smoke"", ""score"": 0.0537, ""box"": [692, 297, 780, 393]}, {""label"": ""flame"", ""score"": 0.0524, ""box"": [746, 360, 826, 440]}, {""label"": ""smoke"", ""score"": 0.0521, ""box"": [749, 453, 765, 470]}, {""label"": ""flame"", ""score"": 0.0511, ""box"": [755, 421, 820, 441]}, {""label"": ""flame"", ""score"": 0.0504, ""box"": [702, 309, 777, 395]}]",1,1,1,1,1,1
hand_held_camera_wildfire,yolo,750,25.025,1,1,673.9,0.821368,0.787107,"[{""label"": ""smoke"", ""score"": 0.8214, ""box"": [796, 90, 1118, 312]}, {""label"": ""flame"", ""score"": 0.7871, ""box"": [701, 165, 979, 447]}, {""label"": ""flame"", ""score"": 0.3412, ""box"": [692, 413, 730, 436]}]",1,1,1,1,1,1
hand_held_camera_wildfire,dfire_yolov8n,750,25.025,1,1,47.2,0.584186,0.872628,"[{""label"": ""flame"", ""score"": 0.8726, ""box"": [700, 172, 961, 443]}, {""label"": ""smoke"", ""score"": 0.5842, ""box"": [775, 98, 1113, 329]}]",1,1,1,1,1,1
hand_held_camera_wildfire,soul,750,25.025,1,1,59.0,0.0,0.895725,"[{""label"": ""flame"", ""score"": 0.8957, ""box"": [700, 168, 988, 446]}]",0,1,1,0,1,1
hand_held_camera_wildfire,pyronear,750,25.025,1,1,313.9,0.073841,0.0,"[{""label"": ""smoke"", ""score"": 0.0738, ""box"": [173, 609, 248, 630]}, {""label"": ""smoke"", ""score"": 0.0663, ""box"": [175, 592, 285, 631]}]",0,0,0,0,0,0
house1,dfine,0,0.0,0,0,357.5,0.0,0.0,[],0,0,0,0,0,0
house1,yolo,0,0.0,0,0,673.5,0.0,0.0,[],0,0,0,0,0,0
house1,dfire_yolov8n,0,0.0,0,0,48.3,0.0,0.0,[],0,0,0,0,0,0
house1,soul,0,0.0,0,0,56.4,0.0,0.0,[],0,0,0,0,0,0
house1,pyronear,0,0.0,0,0,304.0,0.0,0.0,[],0,0,0,0,0,0
house1,dfine,30,1.001,0,0,393.1,0.363206,0.067011,"[{""label"": ""smoke"", ""score"": 0.3632, ""box"": [196, 25, 358, 175]}, {""label"": ""smoke"", ""score"": 0.3115, ""box"": [23, 26, 357, 274]}, {""label"": ""smoke"", ""score"": 0.2202, ""box"": [66, 194, 142, 279]}, {""label"": ""smoke"", ""score"": 0.1931, ""box"": [199, 25, 354, 133]}, {""label"": ""smoke"", ""score"": 0.1899, ""box"": [24, 35, 148, 276]}, {""label"": ""smoke"", ""score"": 0.1882, ""box"": [25, 90, 145, 278]}, {""label"": ""smoke"", ""score"": 0.1661, ""box"": [229, 26, 347, 173]}, {""label"": ""smoke"", ""score"": 0.1364, ""box"": [38, 150, 144, 279]}, {""label"": ""smoke"", ""score"": 0.1296, ""box"": [59, 167, 145, 279]}, {""label"": ""smoke"", ""score"": 0.1154, ""box"": [24, 25, 358, 173]}, {""label"": ""smoke"", ""score"": 0.1116, ""box"": [110, 25, 359, 170]}, {""label"": ""smoke"", ""score"": 0.1073, ""box"": [23, 25, 361, 320]}, {""label"": ""smoke"", ""score"": 0.1069, ""box"": [64, 161, 145, 278]}, {""label"": ""smoke"", ""score"": 0.1052, ""box"": [47, 110, 144, 277]}, {""label"": ""smoke"", ""score"": 0.1046, ""box"": [182, 25, 442, 179]}, {""label"": ""smoke"", ""score"": 0.0958, ""box"": [23, 26, 357, 231]}, {""label"": ""smoke"", ""score"": 0.0935, ""box"": [23, 25, 371, 229]}, {""label"": ""smoke"", ""score"": 0.09, ""box"": [23, 26, 357, 227]}, {""label"": ""smoke"", ""score"": 0.0897, ""box"": [24, 29, 229, 276]}, {""label"": ""smoke"", ""score"": 0.0884, ""box"": [56, 110, 145, 276]}, {""label"": ""smoke"", ""score"": 0.0842, ""box"": [189, 25, 574, 178]}, {""label"": ""smoke"", ""score"": 0.0811, ""box"": [30, 144, 144, 282]}, {""label"": ""smoke"", ""score"": 0.0808, ""box"": [430, 26, 576, 144]}, {""label"": ""smoke"", ""score"": 0.0742, ""box"": [24, 25, 586, 178]}, {""label"": ""smoke"", ""score"": 0.0739, ""box"": [432, 27, 517, 144]}, {""label"": ""smoke"", ""score"": 0.071, ""box"": [243, 26, 352, 126]}, {""label"": ""smoke"", ""score"": 0.0705, ""box"": [130, 26, 353, 227]}, {""label"": ""smoke"", ""score"": 0.0689, ""box"": [24, 28, 209, 277]}, {""label"": ""smoke"", ""score"": 0.0678, ""box"": [23, 78, 146, 328]}, {""label"": ""flame"", ""score"": 0.067, ""box"": [238, 109, 258, 129]}, {""label"": ""smoke"", ""score"": 0.0663, ""box"": [33, 147, 144, 307]}, {""label"": ""smoke"", ""score"": 0.0617, ""box"": [24, 26, 346, 225]}, {""label"": ""smoke"", ""score"": 0.0596, ""box"": [46, 26, 362, 224]}, {""label"": ""smoke"", ""score"": 0.059, ""box"": [21, 25, 368, 410]}, {""label"": ""smoke"", ""score"": 0.0585, ""box"": [257, 26, 353, 128]}, {""label"": ""smoke"", ""score"": 0.0576, ""box"": [206, 25, 348, 96]}, {""label"": ""smoke"", ""score"": 0.0569, ""box"": [23, 25, 362, 209]}, {""label"": ""flame"", ""score"": 0.0564, ""box"": [23, 26, 357, 274]}, {""label"": ""smoke"", ""score"": 0.0555, ""box"": [22, 62, 147, 336]}, {""label"": ""smoke"", ""score"": 0.0554, ""box"": [24, 139, 144, 328]}, {""label"": ""smoke"", ""score"": 0.0542, ""box"": [41, 127, 143, 278]}, {""label"": ""smoke"", ""score"": 0.0538, ""box"": [230, 108, 268, 176]}, {""label"": ""smoke"", ""score"": 0.0509, ""box"": [21, 26, 362, 446]}, {""label"": ""smoke"", ""score"": 0.0503, ""box"": [24, 25, 359, 209]}]",1,0,0,0,0,0
house1,yolo,30,1.001,0,0,685.9,0.0,0.0,[],0,0,0,0,0,0
house1,dfire_yolov8n,30,1.001,0,0,55.7,0.154977,0.0,"[{""label"": ""smoke"", ""score"": 0.155, ""box"": [29, 29, 340, 278]}]",0,0,0,0,0,0
house1,soul,30,1.001,0,0,59.9,0.0,0.0,[],0,0,0,0,0,0
house1,pyronear,30,1.001,0,0,359.4,0.0,0.0,[],0,0,0,0,0,0
house1,dfine,60,2.002,0,0,369.0,0.060691,0.0,"[{""label"": ""smoke"", ""score"": 0.0607, ""box"": [184, 27, 284, 123]}]",0,0,0,0,0,0
house1,yolo,60,2.002,0,0,681.8,0.0,0.0,[],0,0,0,0,0,0
house1,dfire_yolov8n,60,2.002,0,0,53.5,0.145073,0.0,"[{""label"": ""smoke"", ""score"": 0.1451, ""box"": [52, 26, 809, 326]}]",0,0,0,0,0,0
house1,soul,60,2.002,0,0,55.3,0.0,0.0,[],0,0,0,0,0,0
house1,pyronear,60,2.002,0,0,332.2,0.0,0.0,[],0,0,0,0,0,0
house1,dfine,90,3.003,0,0,347.9,0.652729,0.0,"[{""label"": ""smoke"", ""score"": 0.6527, ""box"": [179, 26, 305, 179]}, {""label"": ""smoke"", ""score"": 0.3795, ""box"": [109, 26, 309, 178]}, {""label"": ""smoke"", ""score"": 0.2599, ""box"": [36, 26, 320, 178]}, {""label"": ""smoke"", ""score"": 0.2489, ""box"": [134, 25, 374, 179]}, {""label"": ""smoke"", ""score"": 0.1882, ""box"": [229, 63, 295, 178]}, {""label"": ""smoke"", ""score"": 0.1846, ""box"": [127, 25, 426, 179]}, {""label"": ""smoke"", ""score"": 0.1838, ""box"": [119, 25, 444, 179]}, {""label"": ""smoke"", ""score"": 0.1702, ""box"": [112, 25, 440, 179]}, {""label"": ""smoke"", ""score"": 0.1452, ""box"": [235, 124, 286, 178]}, {""label"": ""smoke"", ""score"": 0.1288, ""box"": [178, 26, 409, 179]}, {""label"": ""smoke"", ""score"": 0.1207, ""box"": [232, 81, 294, 178]}, {""label"": ""smoke"", ""score"": 0.1157, ""box"": [322, 142, 383, 173]}, {""label"": ""smoke"", ""score"": 0.0971, ""box"": [331, 147, 379, 172]}, {""label"": ""smoke"", ""score"": 0.0857, ""box"": [302, 138, 385, 175]}, {""label"": ""smoke"", ""score"": 0.0837, ""box"": [29, 25, 483, 179]}, {""label"": ""smoke"", ""score"": 0.0705, ""box"": [313, 134, 436, 177]}, {""label"": ""smoke"", ""score"": 0.0704, ""box"": [233, 111, 289, 179]}, {""label"": ""smoke"", ""score"": 0.0656, ""box"": [229, 33, 295, 178]}, {""label"": ""smoke"", ""score"": 0.0638, ""box"": [179, 26, 296, 119]}, {""label"": ""smoke"", ""score"": 0.0637, ""box"": [284, 83, 382, 175]}, {""label"": ""smoke"", ""score"": 0.0625, ""box"": [282, 118, 384, 176]}, {""label"": ""smoke"", ""score"": 0.0546, ""box"": [243, 26, 394, 176]}, {""label"": ""smoke"", ""score"": 0.0537, ""box"": [118, 26, 298, 117]}, {""label"": ""smoke"", ""score"": 0.0517, ""box"": [283, 61, 386, 175]}, {""label"": ""smoke"", ""score"": 0.0513, ""box"": [237, 123, 380, 179]}]",1,0,0,1,0,0
house1,yolo,90,3.003,0,0,703.0,0.192117,0.0,"[{""label"": ""smoke"", ""score"": 0.1921, ""box"": [192, 26, 313, 182]}]",0,0,0,0,0,0
house1,dfire_yolov8n,90,3.003,0,0,49.7,0.188199,0.0,"[{""label"": ""smoke"", ""score"": 0.1882, ""box"": [131, 27, 329, 190]}]",0,0,0,0,0,0
house1,soul,90,3.003,0,0,56.5,0.0,0.0,[],0,0,0,0,0,0
house1,pyronear,90,3.003,0,0,304.6,0.0,0.0,[],0,0,0,0,0,0
house1,dfine,120,4.004,0,0,389.2,0.0,0.0,[],0,0,0,0,0,0
house1,yolo,120,4.004,0,0,694.5,0.0,0.0,[],0,0,0,0,0,0
house1,dfire_yolov8n,120,4.004,0,0,60.2,0.0,0.0,[],0,0,0,0,0,0
house1,soul,120,4.004,0,0,46.8,0.0,0.0,[],0,0,0,0,0,0
house1,pyronear,120,4.004,0,0,308.2,0.0,0.0,[],0,0,0,0,0,0
house1,dfine,150,5.005,1,1,355.8,0.0,0.0,[],0,0,0,0,0,0
house1,yolo,150,5.005,1,1,692.9,0.0,0.0,[],0,0,0,0,0,0
house1,dfire_yolov8n,150,5.005,1,1,54.2,0.0,0.0,[],0,0,0,0,0,0
house1,soul,150,5.005,1,1,48.8,0.0,0.051162,"[{""label"": ""flame"", ""score"": 0.0512, ""box"": [230, 133, 261, 216]}]",0,0,0,0,0,0
house1,pyronear,150,5.005,1,1,316.6,0.0,0.0,[],0,0,0,0,0,0
house1,dfine,180,6.006,1,2,379.0,0.0,0.0,[],0,0,0,0,0,0
house1,yolo,180,6.006,1,2,697.4,0.0,0.0,[],0,0,0,0,0,0
house1,dfire_yolov8n,180,6.006,1,2,56.9,0.0,0.0,[],0,0,0,0,0,0
house1,soul,180,6.006,1,2,57.2,0.0,0.0,[],0,0,0,0,0,0
house1,pyronear,180,6.006,1,2,316.8,0.0,0.0,[],0,0,0,0,0,0
house1,dfine,210,7.007,1,1,370.3,0.0,0.0,[],0,0,0,0,0,0
house1,yolo,210,7.007,1,1,661.7,0.0,0.0,[],0,0,0,0,0,0
house1,dfire_yolov8n,210,7.007,1,1,50.9,0.0,0.0,[],0,0,0,0,0,0
house1,soul,210,7.007,1,1,48.5,0.0,0.108087,"[{""label"": ""flame"", ""score"": 0.1081, ""box"": [228, 141, 261, 215]}]",0,0,0,0,0,0
house1,pyronear,210,7.007,1,1,309.5,0.0,0.0,[],0,0,0,0,0,0
house1,dfine,240,8.008,1,1,389.8,0.0,0.0,[],0,0,0,0,0,0
house1,yolo,240,8.008,1,1,687.6,0.0,0.0,[],0,0,0,0,0,0
house1,dfire_yolov8n,240,8.008,1,1,57.6,0.0,0.0,[],0,0,0,0,0,0
house1,soul,240,8.008,1,1,57.4,0.0,0.128632,"[{""label"": ""flame"", ""score"": 0.1286, ""box"": [240, 173, 261, 214]}, {""label"": ""flame"", ""score"": 0.0639, ""box"": [227, 139, 262, 213]}]",0,0,0,0,0,0
house1,pyronear,240,8.008,1,1,572.8,0.0,0.0,[],0,0,0,0,0,0
house1,dfine,270,9.009,1,1,366.5,0.0,0.0,[],0,0,0,0,0,0
house1,yolo,270,9.009,1,1,621.6,0.0,0.0,[],0,0,0,0,0,0
house1,dfire_yolov8n,270,9.009,1,1,42.0,0.0,0.0,[],0,0,0,0,0,0
house1,soul,270,9.009,1,1,43.7,0.0,0.0,[],0,0,0,0,0,0
house1,pyronear,270,9.009,1,1,309.4,0.0,0.0,[],0,0,0,0,0,0
house1,dfine,300,10.01,1,1,374.6,0.0,0.0,[],0,0,0,0,0,0
house1,yolo,300,10.01,1,1,666.3,0.0,0.0,[],0,0,0,0,0,0
house1,dfire_yolov8n,300,10.01,1,1,49.8,0.0,0.0,[],0,0,0,0,0,0
house1,soul,300,10.01,1,1,50.7,0.0,0.214066,"[{""label"": ""flame"", ""score"": 0.2141, ""box"": [241, 178, 263, 214]}]",0,0,0,0,0,0
house1,pyronear,300,10.01,1,1,307.0,0.0,0.0,[],0,0,0,0,0,0
house1,dfine,330,11.011,1,2,375.0,0.0,0.0,[],0,0,0,0,0,0
house1,yolo,330,11.011,1,2,697.9,0.0,0.0,[],0,0,0,0,0,0
house1,dfire_yolov8n,330,11.011,1,2,51.2,0.0,0.0,[],0,0,0,0,0,0
house1,soul,330,11.011,1,2,55.3,0.0,0.203229,"[{""label"": ""flame"", ""score"": 0.2032, ""box"": [238, 171, 260, 213]}, {""label"": ""flame"", ""score"": 0.1503, ""box"": [229, 139, 259, 212]}]",0,0,0,0,0,0
house1,pyronear,330,11.011,1,2,330.8,0.0,0.0,[],0,0,0,0,0,0
house1,dfine,360,12.012,1,2,379.3,0.603792,0.191728,"[{""label"": ""smoke"", ""score"": 0.6038, ""box"": [26, 27, 828, 454]}, {""label"": ""flame"", ""score"": 0.1917, ""box"": [26, 27, 828, 454]}, {""label"": ""smoke"", ""score"": 0.1206, ""box"": [32, 28, 626, 449]}, {""label"": ""smoke"", ""score"": 0.1136, ""box"": [197, 28, 729, 447]}, {""label"": ""smoke"", ""score"": 0.1058, ""box"": [346, 27, 811, 445]}, {""label"": ""smoke"", ""score"": 0.1001, ""box"": [136, 28, 730, 446]}, {""label"": ""smoke"", ""score"": 0.0978, ""box"": [26, 26, 826, 347]}, {""label"": ""smoke"", ""score"": 0.0977, ""box"": [36, 26, 817, 348]}, {""label"": ""smoke"", ""score"": 0.0976, ""box"": [537, 28, 828, 441]}, {""label"": ""smoke"", ""score"": 0.097, ""box"": [30, 28, 596, 450]}, {""label"": ""smoke"", ""score"": 0.0953, ""box"": [32, 26, 822, 313]}, {""label"": ""smoke"", ""score"": 0.0927, ""box"": [30, 26, 822, 311]}, {""label"": ""smoke"", ""score"": 0.0891, ""box"": [22, 25, 101, 144]}, {""label"": ""smoke"", ""score"": 0.0818, ""box"": [22, 26, 100, 135]}, {""label"": ""smoke"", ""score"": 0.0799, ""box"": [35, 25, 821, 251]}, {""label"": ""smoke"", ""score"": 0.0796, ""box"": [33, 26, 723, 239]}, {""label"": ""smoke"", ""score"": 0.0774, ""box"": [292, 27, 818, 447]}, {""label"": ""smoke"", ""score"": 0.0767, ""box"": [98, 27, 720, 330]}, {""label"": ""smoke"", ""score"": 0.0749, ""box"": [82, 27, 728, 339]}, {""label"": ""smoke"", ""score"": 0.0738, ""box"": [184, 29, 724, 409]}, {""label"": ""smoke"", ""score"": 0.073, ""box"": [36, 29, 558, 443]}, {""label"": ""smoke"", ""score"": 0.0708, ""box"": [514, 27, 811, 356]}, {""label"": ""smoke"", ""score"": 0.068, ""box"": [493, 27, 819, 381]}, {""label"": ""smoke"", ""score"": 0.0677, ""box"": [36, 25, 795, 228]}, {""label"": ""smoke"", ""score"": 0.0676, ""box"": [430, 27, 818, 350]}, {""label"": ""smoke"", ""score"": 0.0663, ""box"": [493, 27, 794, 341]}, {""label"": ""smoke"", ""score"": 0.0652, ""box"": [319, 30, 726, 414]}, {""label"": ""smoke"", ""score"": 0.0648, ""box"": [30, 25, 823, 233]}, {""label"": ""smoke"", ""score"": 0.0635, ""box"": [352, 27, 809, 391]}, {""label"": ""smoke"", ""score"": 0.0624, ""box"": [520, 28, 827, 435]}, {""label"": ""smoke"", ""score"": 0.0616, ""box"": [427, 28, 725, 226]}, {""label"": ""smoke"", ""score"": 0.0608, ""box"": [336, 326, 592, 449]}, {""label"": ""smoke"", ""score"": 0.0601, ""box"": [491, 28, 727, 240]}, {""label"": ""smoke"", ""score"": 0.0581, ""box"": [343, 27, 787, 352]}, {""label"": ""smoke"", ""score"": 0.0574, ""box"": [523, 29, 729, 320]}, {""label"": ""smoke"", ""score"": 0.0572, ""box"": [303, 29, 727, 377]}, {""label"": ""smoke"", ""score"": 0.0566, ""box"": [104, 27, 812, 316]}, {""label"": ""smoke"", ""score"": 0.0565, ""box"": [36, 27, 563, 289]}, {""label"": ""smoke"", ""score"": 0.0564, ""box"": [313, 28, 821, 446]}, {""label"": ""smoke"", ""score"": 0.0564, ""box"": [184, 28, 720, 298]}, {""label"": ""smoke"", ""score"": 0.0555, ""box"": [23, 25, 139, 169]}, {""label"": ""smoke"", ""score"": 0.0548, ""box"": [543, 28, 828, 447]}, {""label"": ""smoke"", ""score"": 0.0547, ""box"": [193, 28, 824, 448]}, {""label"": ""smoke"", ""score"": 0.0544, ""box"": [515, 28, 727, 251]}, {""label"": ""smoke"", ""score"": 0.0535, ""box"": [23, 25, 138, 176]}, {""label"": ""smoke"", ""score"": 0.0535, ""box"": [23, 25, 158, 166]}, {""label"": ""smoke"", ""score"": 0.0534, ""box"": [280, 27, 746, 329]}, {""label"": ""smoke"", ""score"": 0.0534, ""box"": [279, 28, 778, 389]}, {""label"": ""smoke"", ""score"": 0.0532, ""box"": [332, 284, 592, 448]}, {""label"": ""smoke"", ""score"": 0.0531, ""box"": [286, 35, 629, 443]}, {""label"": ""smoke"", ""score"": 0.0529, ""box"": [264, 28, 745, 327]}, {""label"": ""flame"", ""score"": 0.0523, ""box"": [537, 28, 828, 441]}, {""label"": ""smoke"", ""score"": 0.0521, ""box"": [22, 25, 103, 177]}, {""label"": ""smoke"", ""score"": 0.052, ""box"": [375, 28, 728, 273]}, {""label"": ""smoke"", ""score"": 0.0519, ""box"": [330, 240, 594, 447]}, {""label"": ""smoke"", ""score"": 0.0517, ""box"": [22, 25, 85, 105]}, {""label"": ""smoke"", ""score"": 0.0513, ""box"": [326, 165, 591, 447]}, {""label"": ""smoke"", ""score"": 0.0509, ""box"": [303, 28, 820, 436]}, {""label"": ""smoke"", ""score"": 0.0506, ""box"": [22, 25, 99, 106]}, {""label"": ""smoke"", ""score"": 0.0505, ""box"": [276, 28, 721, 240]}, {""label"": ""smoke"", ""score"": 0.05, ""box"": [457, 27, 789, 301]}]",1,0,0,1,0,0
house1,yolo,360,12.012,1,2,682.7,0.079715,0.0,"[{""label"": ""smoke"", ""score"": 0.0797, ""box"": [49, 29, 807, 438]}]",0,0,0,0,0,0
house1,dfire_yolov8n,360,12.012,1,2,50.3,0.0,0.0,[],0,0,0,0,0,0
house1,soul,360,12.012,1,2,56.5,0.0,0.0,[],0,0,0,0,0,0
house1,pyronear,360,12.012,1,2,310.9,0.0,0.0,[],0,0,0,0,0,0
house1,dfine,390,13.013,1,1,365.3,0.16883,0.472946,"[{""label"": ""flame"", ""score"": 0.4729, ""box"": [230, 174, 263, 221]}, {""label"": ""flame"", ""score"": 0.2651, ""box"": [195, 116, 268, 221]}, {""label"": ""flame"", ""score"": 0.185, ""box"": [192, 116, 255, 219]}, {""label"": ""flame"", ""score"": 0.1827, ""box"": [230, 116, 275, 220]}, {""label"": ""flame"", ""score"": 0.1718, ""box"": [204, 154, 266, 222]}, {""label"": ""smoke"", ""score"": 0.1688, ""box"": [589, 124, 831, 453]}, {""label"": ""flame"", ""score"": 0.1534, ""box"": [200, 135, 261, 221]}, {""label"": ""flame"", ""score"": 0.1435, ""box"": [201, 155, 261, 220]}, {""label"": ""smoke"", ""score"": 0.1096, ""box"": [591, 309, 826, 452]}, {""label"": ""flame"", ""score"": 0.1022, ""box"": [252, 116, 275, 129]}, {""label"": ""flame"", ""score"": 0.099, ""box"": [236, 115, 276, 152]}, {""label"": ""smoke"", ""score"": 0.0987, ""box"": [230, 174, 263, 221]}, {""label"": ""smoke"", ""score"": 0.0979, ""box"": [585, 37, 830, 453]}, {""label"": ""flame"", ""score"": 0.0943, ""box"": [207, 155, 235, 188]}, {""label"": ""flame"", ""score"": 0.0814, ""box"": [194, 117, 240, 186]}, {""label"": ""flame"", ""score"": 0.0811, ""box"": [228, 173, 280, 223]}, {""label"": ""flame"", ""score"": 0.0784, ""box"": [206, 156, 239, 212]}, {""label"": ""smoke"", ""score"": 0.0703, ""box"": [192, 116, 255, 219]}, {""label"": ""flame"", ""score"": 0.0675, ""box"": [142, 105, 270, 222]}, {""label"": ""smoke"", ""score"": 0.067, ""box"": [195, 116, 268, 221]}, {""label"": ""smoke"", ""score"": 0.0647, ""box"": [230, 116, 275, 220]}, {""label"": ""flame"", ""score"": 0.0646, ""box"": [227, 173, 288, 226]}, {""label"": ""flame"", ""score"": 0.0642, ""box"": [242, 115, 276, 133]}, {""label"": ""flame"", ""score"": 0.0594, ""box"": [192, 116, 240, 157]}, {""label"": ""smoke"", ""score"": 0.0574, ""box"": [593, 280, 829, 453]}, {""label"": ""flame"", ""score"": 0.056, ""box"": [149, 60, 277, 221]}, {""label"": ""smoke"", ""score"": 0.0559, ""box"": [592, 230, 828, 452]}, {""label"": ""flame"", ""score"": 0.0502, ""box"": [151, 105, 268, 220]}, {""label"": ""smoke"", ""score"": 0.0502, ""box"": [194, 117, 240, 186]}]",0,1,1,0,0,0
house1,yolo,390,13.013,1,1,660.9,0.0,0.0,[],0,0,0,0,0,0
house1,dfire_yolov8n,390,13.013,1,1,51.3,0.864577,0.0,"[{""label"": ""smoke"", ""score"": 0.8646, ""box"": [590, 43, 823, 448]}]",1,0,0,1,0,0
house1,soul,390,13.013,1,1,55.5,0.0,0.788346,"[{""label"": ""flame"", ""score"": 0.7883, ""box"": [204, 111, 272, 216]}]",0,1,1,0,1,1
house1,pyronear,390,13.013,1,1,321.1,0.0,0.0,[],0,0,0,0,0,0
house1,dfine,420,14.014,1,1,367.9,0.0,0.288413,"[{""label"": ""flame"", ""score"": 0.2884, ""box"": [209, 148, 252, 223]}, {""label"": ""flame"", ""score"": 0.26, ""box"": [209, 148, 250, 223]}, {""label"": ""flame"", ""score"": 0.1552, ""box"": [205, 137, 272, 235]}, {""label"": ""flame"", ""score"": 0.0878, ""box"": [131, 61, 256, 226]}, {""label"": ""flame"", ""score"": 0.0859, ""box"": [140, 61, 262, 227]}, {""label"": ""flame"", ""score"": 0.0802, ""box"": [210, 157, 272, 229]}, {""label"": ""flame"", ""score"": 0.0781, ""box"": [204, 66, 253, 226]}, {""label"": ""flame"", ""score"": 0.0756, ""box"": [210, 156, 236, 219]}, {""label"": ""flame"", ""score"": 0.0747, ""box"": [142, 62, 253, 223]}, {""label"": ""flame"", ""score"": 0.0639, ""box"": [230, 284, 245, 301]}, {""label"": ""flame"", ""score"": 0.0539, ""box"": [193, 118, 264, 230]}, {""label"": ""flame"", ""score"": 0.0536, ""box"": [245, 189, 277, 222]}, {""label"": ""flame"", ""score"": 0.0526, ""box"": [202, 111, 271, 232]}]",0,1,0,0,0,0
house1,yolo,420,14.014,1,1,680.4,0.0,0.0,[],0,0,0,0,0,0
house1,dfire_yolov8n,420,14.014,1,1,51.1,0.064819,0.0,"[{""label"": ""smoke"", ""score"": 0.0648, ""box"": [756, 254, 788, 314]}]",0,0,0,0,0,0
house1,soul,420,14.014,1,1,57.8,0.0,0.674479,"[{""label"": ""flame"", ""score"": 0.6745, ""box"": [213, 143, 250, 216]}]",0,1,0,0,1,0
house1,pyronear,420,14.014,1,1,295.0,0.0,0.0,[],0,0,0,0,0,0
house1,dfine,450,15.015,1,2,370.3,0.111886,0.646746,"[{""label"": ""flame"", ""score"": 0.6467, ""box"": [197, 143, 254, 225]}, {""label"": ""flame"", ""score"": 0.1273, ""box"": [175, 282, 238, 297]}, {""label"": ""flame"", ""score"": 0.1166, ""box"": [120, 31, 258, 226]}, {""label"": ""smoke"", ""score"": 0.1119, ""box"": [197, 143, 254, 225]}, {""label"": ""smoke"", ""score"": 0.0949, ""box"": [513, 148, 658, 305]}, {""label"": ""flame"", ""score"": 0.0907, ""box"": [167, 30, 189, 50]}, {""label"": ""flame"", ""score"": 0.0823, ""box"": [175, 283, 206, 296]}, {""label"": ""flame"", ""score"": 0.0799, ""box"": [134, 59, 251, 223]}, {""label"": ""flame"", ""score"": 0.0754, ""box"": [542, 302, 594, 345]}, {""label"": ""smoke"", ""score"": 0.0748, ""box"": [402, 147, 663, 369]}, {""label"": ""smoke"", ""score"": 0.0744, ""box"": [398, 148, 656, 325]}, {""label"": ""flame"", ""score"": 0.074, ""box"": [159, 28, 190, 61]}, {""label"": ""smoke"", ""score"": 0.071, ""box"": [503, 148, 667, 366]}, {""label"": ""smoke"", ""score"": 0.0684, ""box"": [243, 127, 281, 160]}, {""label"": ""smoke"", ""score"": 0.0664, ""box"": [120, 31, 258, 226]}, {""label"": ""smoke"", ""score"": 0.0649, ""box"": [243, 129, 279, 170]}, {""label"": ""flame"", ""score"": 0.064, ""box"": [234, 213, 257, 226]}, {""label"": ""smoke"", ""score"": 0.0635, ""box"": [542, 146, 638, 187]}, {""label"": ""smoke"", ""score"": 0.0623, ""box"": [400, 147, 663, 366]}, {""label"": ""smoke"", ""score"": 0.0596, ""box"": [543, 147, 643, 223]}, {""label"": ""smoke"", ""score"": 0.0589, ""box"": [244, 127, 300, 174]}, {""label"": ""smoke"", ""score"": 0.0579, ""box"": [539, 305, 652, 378]}, {""label"": ""flame"", ""score"": 0.0567, ""box"": [177, 60, 258, 226]}, {""label"": ""smoke"", ""score"": 0.0549, ""box"": [515, 149, 641, 274]}, {""label"": ""smoke"", ""score"": 0.0546, ""box"": [98, 28, 260, 225]}, {""label"": ""smoke"", ""score"": 0.0534, ""box"": [500, 27, 830, 365]}, {""label"": ""smoke"", ""score"": 0.0532, ""box"": [509, 27, 830, 318]}, {""label"": ""smoke"", ""score"": 0.0525, ""box"": [177, 60, 258, 226]}, {""label"": ""flame"", ""score"": 0.0508, ""box"": [198, 144, 251, 223]}, {""label"": ""flame"", ""score"": 0.0504, ""box"": [212, 180, 255, 226]}, {""label"": ""flame"", ""score"": 0.0502, ""box"": [214, 189, 244, 223]}]",0,1,0,0,1,0
house1,yolo,450,15.015,1,2,744.9,0.0,0.0,[],0,0,0,0,0,0
house1,dfire_yolov8n,450,15.015,1,2,47.2,0.0,0.0,[],0,0,0,0,0,0
house1,soul,450,15.015,1,2,55.5,0.0,0.788601,"[{""label"": ""flame"", ""score"": 0.7886, ""box"": [199, 144, 256, 220]}]",0,1,0,0,1,0
house1,pyronear,450,15.015,1,2,351.8,0.0,0.0,[],0,0,0,0,0,0
house1,dfine,480,16.016,1,2,379.6,0.134311,0.696021,"[{""label"": ""flame"", ""score"": 0.696, ""box"": [167, 136, 260, 225]}, {""label"": ""flame"", ""score"": 0.3034, ""box"": [137, 62, 264, 226]}, {""label"": ""flame"", ""score"": 0.1664, ""box"": [174, 281, 236, 296]}, {""label"": ""flame"", ""score"": 0.144, ""box"": [170, 163, 226, 220]}, {""label"": ""smoke"", ""score"": 0.1343, ""box"": [133, 63, 226, 158]}, {""label"": ""smoke"", ""score"": 0.1248, ""box"": [137, 62, 264, 226]}, {""label"": ""flame"", ""score"": 0.095, ""box"": [133, 62, 239, 218]}, {""label"": ""flame"", ""score"": 0.0878, ""box"": [170, 164, 209, 212]}, {""label"": ""smoke"", ""score"": 0.0861, ""box"": [167, 136, 260, 225]}, {""label"": ""flame"", ""score"": 0.0846, ""box"": [740, 204, 759, 221]}, {""label"": ""smoke"", ""score"": 0.0688, ""box"": [133, 62, 239, 218]}, {""label"": ""smoke"", ""score"": 0.0687, ""box"": [735, 148, 831, 289]}, {""label"": ""smoke"", ""score"": 0.0684, ""box"": [329, 137, 394, 174]}, {""label"": ""smoke"", ""score"": 0.0665, ""box"": [736, 149, 831, 228]}, {""label"": ""smoke"", ""score"": 0.0661, ""box"": [180, 119, 224, 159]}, {""label"": ""flame"", ""score"": 0.0652, ""box"": [170, 153, 251, 222]}, {""label"": ""smoke"", ""score"": 0.0644, ""box"": [216, 54, 287, 125]}, {""label"": ""smoke"", ""score"": 0.0633, ""box"": [330, 141, 392, 174]}, {""label"": ""flame"", ""score"": 0.0601, ""box"": [197, 148, 230, 192]}, {""label"": ""smoke"", ""score"": 0.0601, ""box"": [174, 281, 236, 296]}, {""label"": ""smoke"", ""score"": 0.0591, ""box"": [720, 29, 831, 285]}, {""label"": ""flame"", ""score"": 0.058, ""box"": [133, 63, 226, 158]}, {""label"": ""smoke"", ""score"": 0.0559, ""box"": [783, 148, 831, 228]}, {""label"": ""smoke"", ""score"": 0.0558, ""box"": [239, 130, 290, 165]}, {""label"": ""flame"", ""score"": 0.0542, ""box"": [175, 284, 203, 296]}, {""label"": ""smoke"", ""score"": 0.0536, ""box"": [723, 28, 831, 232]}, {""label"": ""smoke"", ""score"": 0.051, ""box"": [780, 27, 831, 209]}]",0,1,1,0,1,1
house1,yolo,480,16.016,1,2,655.2,0.0,0.574642,"[{""label"": ""flame"", ""score"": 0.5746, ""box"": [166, 138, 274, 223]}]",0,1,1,0,1,1
house1,dfire_yolov8n,480,16.016,1,2,44.8,0.156239,0.058608,"[{""label"": ""smoke"", ""score"": 0.1562, ""box"": [135, 62, 262, 225]}, {""label"": ""flame"", ""score"": 0.0586, ""box"": [165, 133, 253, 226]}, {""label"": ""smoke"", ""score"": 0.0584, ""box"": [755, 258, 795, 313]}]",0,0,0,0,0,0
house1,soul,480,16.016,1,2,52.9,0.0,0.828706,"[{""label"": ""flame"", ""score"": 0.8287, ""box"": [170, 154, 261, 220]}]",0,1,0,0,1,0
house1,pyronear,480,16.016,1,2,353.6,0.0,0.0,[],0,0,0,0,0,0
house1,dfine,510,17.017,1,2,413.7,0.078275,0.396687,"[{""label"": ""flame"", ""score"": 0.3967, ""box"": [194, 99, 267, 220]}, {""label"": ""flame"", ""score"": 0.2826, ""box"": [195, 101, 255, 191]}, {""label"": ""flame"", ""score"": 0.1637, ""box"": [231, 179, 266, 222]}, {""label"": ""flame"", ""score"": 0.1595, ""box"": [232, 189, 258, 222]}, {""label"": ""flame"", ""score"": 0.156, ""box"": [231, 183, 260, 222]}, {""label"": ""flame"", ""score"": 0.1462, ""box"": [232, 196, 257, 222]}, {""label"": ""flame"", ""score"": 0.1435, ""box"": [151, 61, 188, 93]}, {""label"": ""flame"", ""score"": 0.1186, ""box"": [226, 121, 256, 220]}, {""label"": ""flame"", ""score"": 0.1101, ""box"": [221, 117, 259, 221]}, {""label"": ""flame"", ""score"": 0.1097, ""box"": [143, 60, 273, 224]}, {""label"": ""flame"", ""score"": 0.1055, ""box"": [228, 162, 262, 222]}, {""label"": ""flame"", ""score"": 0.1055, ""box"": [226, 160, 260, 222]}, {""label"": ""flame"", ""score"": 0.1029, ""box"": [225, 120, 268, 221]}, {""label"": ""flame"", ""score"": 0.0922, ""box"": [195, 100, 262, 151]}, {""label"": ""flame"", ""score"": 0.0907, ""box"": [223, 120, 251, 190]}, {""label"": ""flame"", ""score"": 0.0866, ""box"": [158, 59, 278, 230]}, {""label"": ""flame"", ""score"": 0.0814, ""box"": [228, 160, 272, 222]}, {""label"": ""flame"", ""score"": 0.0811, ""box"": [176, 282, 244, 296]}, {""label"": ""smoke"", ""score"": 0.0783, ""box"": [194, 99, 267, 220]}, {""label"": ""flame"", ""score"": 0.0706, ""box"": [226, 153, 254, 222]}, {""label"": ""flame"", ""score"": 0.0701, ""box"": [225, 157, 247, 189]}, {""label"": ""flame"", ""score"": 0.0685, ""box"": [226, 143, 260, 222]}, {""label"": ""smoke"", ""score"": 0.0672, ""box"": [195, 101, 255, 191]}, {""label"": ""flame"", ""score"": 0.0657, ""box"": [137, 30, 274, 213]}, {""label"": ""flame"", ""score"": 0.063, ""box"": [114, 28, 275, 216]}, {""label"": ""flame"", ""score"": 0.0623, ""box"": [224, 111, 265, 220]}, {""label"": ""flame"", ""score"": 0.0622, ""box"": [223, 151, 257, 222]}, {""label"": ""smoke"", ""score"": 0.0591, ""box"": [112, 26, 274, 102]}, {""label"": ""flame"", ""score"": 0.0577, ""box"": [148, 60, 200, 145]}, {""label"": ""flame"", ""score"": 0.0539, ""box"": [196, 101, 244, 145]}]",0,1,0,0,0,0
house1,yolo,510,17.017,1,2,714.0,0.0,0.0,[],0,0,0,0,0,0
house1,dfire_yolov8n,510,17.017,1,2,50.5,0.0,0.0,[],0,0,0,0,0,0
house1,soul,510,17.017,1,2,62.1,0.0,0.750709,"[{""label"": ""flame"", ""score"": 0.7507, ""box"": [149, 58, 278, 217]}]",0,1,1,0,1,1
house1,pyronear,510,17.017,1,2,331.5,0.0,0.0,[],0,0,0,0,0,0
house1,dfine,540,18.018,1,2,362.6,0.383948,0.716936,"[{""label"": ""flame"", ""score"": 0.7169, ""box"": [161, 148, 271, 228]}, {""label"": ""flame"", ""score"": 0.5868, ""box"": [499, 309, 550, 341]}, {""label"": ""smoke"", ""score"": 0.3839, ""box"": [514, 26, 831, 382]}, {""label"": ""flame"", ""score"": 0.3484, ""box"": [501, 311, 526, 337]}, {""label"": ""flame"", ""score"": 0.313, ""box"": [176, 282, 234, 297]}, {""label"": ""smoke"", ""score"": 0.2393, ""box"": [520, 27, 830, 317]}, {""label"": ""smoke"", ""score"": 0.2191, ""box"": [624, 27, 831, 385]}, {""label"": ""smoke"", ""score"": 0.2088, ""box"": [522, 172, 664, 320]}, {""label"": ""flame"", ""score"": 0.1897, ""box"": [167, 150, 239, 219]}, {""label"": ""flame"", ""score"": 0.177, ""box"": [244, 209, 272, 225]}, {""label"": ""flame"", ""score"": 0.1648, ""box"": [255, 211, 272, 224]}, {""label"": ""smoke"", ""score"": 0.138, ""box"": [161, 148, 271, 228]}, {""label"": ""smoke"", ""score"": 0.1377, ""box"": [627, 26, 830, 278]}, {""label"": ""flame"", ""score"": 0.1242, ""box"": [232, 208, 272, 225]}, {""label"": ""smoke"", ""score"": 0.1205, ""box"": [499, 160, 669, 346]}, {""label"": ""smoke"", ""score"": 0.1174, ""box"": [626, 286, 748, 387]}, {""label"": ""smoke"", ""score"": 0.1126, ""box"": [430, 27, 829, 384]}, {""label"": ""smoke"", ""score"": 0.1014, ""box"": [515, 91, 676, 327]}, {""label"": ""flame"", ""score"": 0.1007, ""box"": [532, 320, 551, 338]}, {""label"": ""smoke"", ""score"": 0.0981, ""box"": [505, 169, 747, 384]}, {""label"": ""flame"", ""score"": 0.0971, ""box"": [176, 283, 191, 296]}, {""label"": ""smoke"", ""score"": 0.094, ""box"": [527, 102, 666, 317]}, {""label"": ""smoke"", ""score"": 0.0909, ""box"": [523, 182, 620, 322]}, {""label"": ""smoke"", ""score"": 0.0904, ""box"": [176, 282, 234, 297]}, {""label"": ""smoke"", ""score"": 0.0898, ""box"": [340, 26, 830, 384]}, {""label"": ""flame"", ""score"": 0.0895, ""box"": [206, 284, 230, 297]}, {""label"": ""flame"", ""score"": 0.0895, ""box"": [190, 210, 273, 229]}, {""label"": ""flame"", ""score"": 0.0886, ""box"": [233, 201, 274, 226]}, {""label"": ""flame"", ""score"": 0.0879, ""box"": [221, 210, 272, 233]}, {""label"": ""smoke"", ""score"": 0.0876, ""box"": [221, 160, 272, 224]}, {""label"": ""smoke"", ""score"": 0.0875, ""box"": [656, 27, 830, 270]}, {""label"": ""flame"", ""score"": 0.0875, ""box"": [533, 320, 552, 338]}, {""label"": ""smoke"", ""score"": 0.087, ""box"": [509, 161, 749, 384]}, {""label"": ""smoke"", ""score"": 0.0858, ""box"": [522, 112, 829, 381]}, {""label"": ""smoke"", ""score"": 0.0853, ""box"": [524, 201, 618, 320]}, {""label"": ""smoke"", ""score"": 0.0844, ""box"": [499, 309, 550, 341]}, {""label"": ""flame"", ""score"": 0.0834, ""box"": [498, 291, 568, 347]}, {""label"": ""flame"", ""score"": 0.0829, ""box"": [177, 283, 199, 297]}, {""label"": ""flame"", ""score"": 0.0826, ""box"": [231, 190, 273, 225]}, {""label"": ""smoke"", ""score"": 0.0824, ""box"": [523, 186, 606, 321]}, {""label"": ""smoke"", ""score"": 0.08, ""box"": [418, 26, 830, 389]}, {""label"": ""smoke"", ""score"": 0.0794, ""box"": [495, 164, 676, 364]}, {""label"": ""smoke"", ""score"": 0.0762, ""box"": [524, 217, 620, 319]}, {""label"": ""smoke"", ""score"": 0.076, ""box"": [167, 150, 239, 219]}, {""label"": ""smoke"", ""score"": 0.0751, ""box"": [511, 141, 828, 381]}, {""label"": ""flame"", ""score"": 0.0745, ""box"": [205, 210, 272, 227]}, {""label"": ""flame"", ""score"": 0.0743, ""box"": [290, 280, 310, 288]}, {""label"": ""smoke"", ""score"": 0.0739, ""box"": [524, 164, 827, 381]}, {""label"": ""flame"", ""score"": 0.0733, ""box"": [217, 209, 274, 235]}, {""label"": ""smoke"", ""score"": 0.0702, ""box"": [232, 181, 273, 224]}, {""label"": ""smoke"", ""score"": 0.0675, ""box"": [511, 90, 829, 381]}, {""label"": ""smoke"", ""score"": 0.0673, ""box"": [630, 27, 831, 301]}, {""label"": ""smoke"", ""score"": 0.067, ""box"": [503, 71, 678, 338]}, {""label"": ""smoke"", ""score"": 0.067, ""box"": [526, 232, 618, 320]}, {""label"": ""smoke"", ""score"": 0.0657, ""box"": [497, 180, 604, 342]}, {""label"": ""smoke"", ""score"": 0.0653, ""box"": [501, 147, 683, 357]}, {""label"": ""smoke"", ""score"": 0.0646, ""box"": [529, 93, 660, 314]}, {""label"": ""flame"", ""score"": 0.061, ""box"": [231, 207, 276, 235]}, {""label"": ""smoke"", ""score"": 0.0606, ""box"": [518, 220, 603, 327]}, {""label"": ""smoke"", ""score"": 0.059, ""box"": [523, 221, 616, 321]}, {""label"": ""flame"", ""score"": 0.059, ""box"": [231, 226, 254, 237]}, {""label"": ""smoke"", ""score"": 0.0582, ""box"": [501, 311, 526, 337]}, {""label"": ""smoke"", ""score"": 0.0576, ""box"": [331, 147, 376, 171]}, {""label"": ""flame"", ""score"": 0.0575, ""box"": [223, 223, 254, 236]}, {""label"": ""flame"", ""score"": 0.0572, ""box"": [209, 202, 273, 227]}, {""label"": ""flame"", ""score"": 0.0556, ""box"": [232, 181, 273, 224]}, {""label"": ""smoke"", ""score"": 0.0553, ""box"": [632, 131, 829, 382]}, {""label"": ""flame"", ""score"": 0.0539, ""box"": [240, 192, 274, 225]}, {""label"": ""flame"", ""score"": 0.0531, ""box"": [186, 214, 245, 227]}, {""label"": ""smoke"", ""score"": 0.053, ""box"": [631, 188, 829, 385]}, {""label"": ""smoke"", ""score"": 0.0529, ""box"": [501, 132, 713, 378]}, {""label"": ""smoke"", ""score"": 0.0528, ""box"": [496, 138, 685, 375]}, {""label"": ""smoke"", ""score"": 0.0503, ""box"": [580, 124, 636, 236]}]",1,1,0,0,1,0
house1,yolo,540,18.018,1,2,672.7,0.278038,0.0,"[{""label"": ""smoke"", ""score"": 0.278, ""box"": [500, 30, 828, 343]}, {""label"": ""smoke"", ""score"": 0.2603, ""box"": [501, 151, 688, 346]}]",1,0,0,0,0,0
house1,dfire_yolov8n,540,18.018,1,2,50.8,0.701973,0.0,"[{""label"": ""smoke"", ""score"": 0.702, ""box"": [505, 30, 823, 332]}, {""label"": ""smoke"", ""score"": 0.1277, ""box"": [507, 182, 658, 332]}]",1,0,0,1,0,0
house1,soul,540,18.018,1,2,53.1,0.0,0.814713,"[{""label"": ""flame"", ""score"": 0.8147, ""box"": [167, 147, 268, 219]}]",0,1,0,0,1,0
house1,pyronear,540,18.018,1,2,302.5,0.0,0.0,[],0,0,0,0,0,0
house1,dfine,570,19.019,1,2,358.5,0.901312,0.844547,"[{""label"": ""smoke"", ""score"": 0.9013, ""box"": [538, 25, 821, 308]}, {""label"": ""flame"", ""score"": 0.8445, ""box"": [170, 29, 266, 227]}, {""label"": ""smoke"", ""score"": 0.2496, ""box"": [540, 215, 638, 306]}, {""label"": ""flame"", ""score"": 0.1762, ""box"": [175, 282, 238, 297]}, {""label"": ""smoke"", ""score"": 0.1455, ""box"": [586, 26, 813, 213]}, {""label"": ""flame"", ""score"": 0.0977, ""box"": [211, 184, 264, 225]}, {""label"": ""flame"", ""score"": 0.0945, ""box"": [728, 185, 783, 269]}, {""label"": ""flame"", ""score"": 0.0933, ""box"": [728, 184, 782, 265]}, {""label"": ""flame"", ""score"": 0.0904, ""box"": [211, 185, 255, 222]}, {""label"": ""smoke"", ""score"": 0.0903, ""box"": [540, 192, 710, 307]}, {""label"": ""smoke"", ""score"": 0.0885, ""box"": [540, 164, 714, 306]}, {""label"": ""flame"", ""score"": 0.0868, ""box"": [206, 175, 264, 225]}, {""label"": ""flame"", ""score"": 0.0741, ""box"": [175, 151, 264, 225]}, {""label"": ""flame"", ""score"": 0.0724, ""box"": [176, 284, 190, 297]}, {""label"": ""smoke"", ""score"": 0.0706, ""box"": [541, 154, 687, 307]}, {""label"": ""flame"", ""score"": 0.0673, ""box"": [538, 25, 821, 308]}, {""label"": ""smoke"", ""score"": 0.0666, ""box"": [238, 127, 298, 171]}, {""label"": ""smoke"", ""score"": 0.0658, ""box"": [217, 25, 252, 62]}, {""label"": ""smoke"", ""score"": 0.0652, ""box"": [229, 128, 282, 165]}, {""label"": ""smoke"", ""score"": 0.0646, ""box"": [802, 25, 831, 87]}, {""label"": ""smoke"", ""score"": 0.0643, ""box"": [226, 127, 286, 164]}, {""label"": ""smoke"", ""score"": 0.0643, ""box"": [541, 190, 668, 309]}, {""label"": ""smoke"", ""score"": 0.0638, ""box"": [807, 216, 831, 265]}, {""label"": ""smoke"", ""score"": 0.0637, ""box"": [601, 25, 693, 76]}, {""label"": ""smoke"", ""score"": 0.0634, ""box"": [238, 129, 287, 177]}, {""label"": ""flame"", ""score"": 0.0612, ""box"": [223, 284, 236, 296]}, {""label"": ""smoke"", ""score"": 0.06, ""box"": [175, 282, 238, 297]}, {""label"": ""smoke"", ""score"": 0.0585, ""box"": [541, 170, 746, 305]}, {""label"": ""smoke"", ""score"": 0.0581, ""box"": [587, 25, 705, 200]}, {""label"": ""flame"", ""score"": 0.0579, ""box"": [727, 185, 785, 285]}, {""label"": ""smoke"", ""score"": 0.0555, ""box"": [538, 160, 646, 308]}, {""label"": ""smoke"", ""score"": 0.0549, ""box"": [335, 147, 375, 171]}, {""label"": ""flame"", ""score"": 0.0543, ""box"": [176, 283, 200, 297]}, {""label"": ""flame"", ""score"": 0.0538, ""box"": [729, 184, 765, 233]}, {""label"": ""flame"", ""score"": 0.0508, ""box"": [206, 283, 236, 296]}, {""label"": ""smoke"", ""score"": 0.0507, ""box"": [237, 129, 284, 166]}, {""label"": ""smoke"", ""score"": 0.0506, ""box"": [592, 25, 817, 273]}]",1,1,1,1,1,1
house1,yolo,570,19.019,1,2,686.7,0.1607,0.592381,"[{""label"": ""flame"", ""score"": 0.5924, ""box"": [166, 25, 279, 295]}, {""label"": ""smoke"", ""score"": 0.1607, ""box"": [534, 25, 830, 308]}, {""label"": ""flame"", ""score"": 0.1176, ""box"": [173, 282, 246, 299]}]",0,1,1,0,1,1
house1,dfire_yolov8n,570,19.019,1,2,55.9,0.796766,0.261567,"[{""label"": ""smoke"", ""score"": 0.7968, ""box"": [539, 28, 822, 293]}, {""label"": ""flame"", ""score"": 0.2616, ""box"": [164, 39, 287, 238]}]",1,1,1,1,0,0
house1,soul,570,19.019,1,2,62.3,0.0,0.904624,"[{""label"": ""flame"", ""score"": 0.9046, ""box"": [170, 24, 259, 223]}]",0,1,1,0,1,1
house1,pyronear,570,19.019,1,2,326.1,0.0,0.0,[],0,0,0,0,0,0
house1,dfine,600,20.02,1,1,351.6,0.493433,0.694058,"[{""label"": ""flame"", ""score"": 0.6941, ""box"": [160, 33, 261, 226]}, {""label"": ""smoke"", ""score"": 0.4934, ""box"": [478, 26, 823, 363]}, {""label"": ""flame"", ""score"": 0.3786, ""box"": [179, 69, 259, 223]}, {""label"": ""smoke"", ""score"": 0.2688, ""box"": [479, 246, 621, 364]}, {""label"": ""smoke"", ""score"": 0.2583, ""box"": [481, 272, 613, 364]}, {""label"": ""flame"", ""score"": 0.2016, ""box"": [155, 26, 224, 75]}, {""label"": ""flame"", ""score"": 0.1822, ""box"": [144, 282, 233, 298]}, {""label"": ""smoke"", ""score"": 0.1655, ""box"": [481, 286, 568, 365]}, {""label"": ""flame"", ""score"": 0.1613, ""box"": [154, 26, 226, 75]}, {""label"": ""smoke"", ""score"": 0.1297, ""box"": [480, 168, 642, 363]}, {""label"": ""flame"", ""score"": 0.1278, ""box"": [146, 283, 202, 297]}, {""label"": ""smoke"", ""score"": 0.1224, ""box"": [479, 189, 652, 364]}, {""label"": ""flame"", ""score"": 0.118, ""box"": [159, 38, 221, 74]}, {""label"": ""smoke"", ""score"": 0.1032, ""box"": [563, 27, 806, 255]}, {""label"": ""smoke"", ""score"": 0.1031, ""box"": [481, 32, 730, 362]}, {""label"": ""flame"", ""score"": 0.1009, ""box"": [184, 140, 257, 222]}, {""label"": ""flame"", ""score"": 0.0985, ""box"": [235, 138, 261, 203]}, {""label"": ""flame"", ""score"": 0.0953, ""box"": [233, 138, 261, 217]}, {""label"": ""smoke"", ""score"": 0.0927, ""box"": [479, 193, 719, 363]}, {""label"": ""smoke"", ""score"": 0.0922, ""box"": [479, 32, 694, 363]}, {""label"": ""smoke"", ""score"": 0.0921, ""box"": [160, 33, 261, 226]}, {""label"": ""smoke"", ""score"": 0.0907, ""box"": [480, 164, 726, 362]}, {""label"": ""flame"", ""score"": 0.0898, ""box"": [226, 139, 260, 221]}, {""label"": ""flame"", ""score"": 0.0891, ""box"": [205, 283, 232, 297]}, {""label"": ""flame"", ""score"": 0.0876, ""box"": [235, 137, 261, 205]}, {""label"": ""smoke"", ""score"": 0.0853, ""box"": [480, 158, 664, 363]}, {""label"": ""smoke"", ""score"": 0.0843, ""box"": [481, 321, 524, 366]}, {""label"": ""smoke"", ""score"": 0.0816, ""box"": [481, 176, 770, 362]}, {""label"": ""flame"", ""score"": 0.0814, ""box"": [228, 195, 256, 221]}, {""label"": ""smoke"", ""score"": 0.08, ""box"": [482, 326, 524, 366]}, {""label"": ""smoke"", ""score"": 0.0799, ""box"": [489, 287, 568, 340]}, {""label"": ""flame"", ""score"": 0.0789, ""box"": [185, 222, 236, 232]}, {""label"": ""flame"", ""score"": 0.0786, ""box"": [174, 284, 201, 297]}, {""label"": ""smoke"", ""score"": 0.0779, ""box"": [480, 164, 779, 362]}, {""label"": ""smoke"", ""score"": 0.0776, ""box"": [491, 288, 574, 339]}, {""label"": ""smoke"", ""score"": 0.0775, ""box"": [483, 330, 522, 365]}, {""label"": ""smoke"", ""score"": 0.077, ""box"": [479, 239, 700, 364]}, {""label"": ""smoke"", ""score"": 0.0761, ""box"": [478, 294, 528, 365]}, {""label"": ""flame"", ""score"": 0.0759, ""box"": [183, 71, 244, 142]}, {""label"": ""smoke"", ""score"": 0.0732, ""box"": [480, 99, 665, 363]}, {""label"": ""smoke"", ""score"": 0.0722, ""box"": [567, 26, 804, 227]}, {""label"": ""smoke"", ""score"": 0.0721, ""box"": [492, 147, 663, 346]}, {""label"": ""smoke"", ""score"": 0.071, ""box"": [481, 166, 821, 361]}, {""label"": ""flame"", ""score"": 0.0707, ""box"": [187, 150, 202, 218]}, {""label"": ""flame"", ""score"": 0.0704, ""box"": [154, 26, 243, 127]}, {""label"": ""smoke"", ""score"": 0.0701, ""box"": [478, 76, 701, 363]}, {""label"": ""flame"", ""score"": 0.0691, ""box"": [225, 137, 260, 221]}, {""label"": ""smoke"", ""score"": 0.0689, ""box"": [137, 25, 830, 362]}, {""label"": ""smoke"", ""score"": 0.0687, ""box"": [483, 112, 687, 363]}, {""label"": ""smoke"", ""score"": 0.0676, ""box"": [492, 290, 572, 340]}, {""label"": ""smoke"", ""score"": 0.0673, ""box"": [478, 299, 527, 366]}, {""label"": ""smoke"", ""score"": 0.065, ""box"": [722, 29, 831, 262]}, {""label"": ""smoke"", ""score"": 0.0639, ""box"": [479, 115, 764, 362]}, {""label"": ""flame"", ""score"": 0.0597, ""box"": [188, 157, 202, 217]}, {""label"": ""smoke"", ""score"": 0.0593, ""box"": [179, 69, 259, 223]}, {""label"": ""smoke"", ""score"": 0.0587, ""box"": [155, 26, 224, 75]}, {""label"": ""smoke"", ""score"": 0.0586, ""box"": [154, 26, 243, 127]}, {""label"": ""flame"", ""score"": 0.0581, ""box"": [148, 284, 169, 297]}, {""label"": ""smoke"", ""score"": 0.0575, ""box"": [582, 27, 814, 287]}, {""label"": ""flame"", ""score"": 0.057, ""box"": [478, 26, 823, 363]}, {""label"": ""smoke"", ""score"": 0.0566, ""box"": [213, 25, 251, 67]}, {""label"": ""smoke"", ""score"": 0.0556, ""box"": [144, 282, 233, 298]}, {""label"": ""flame"", ""score"": 0.0554, ""box"": [236, 138, 262, 213]}, {""label"": ""flame"", ""score"": 0.055, ""box"": [724, 181, 778, 261]}, {""label"": ""flame"", ""score"": 0.0544, ""box"": [176, 282, 234, 297]}, {""label"": ""flame"", ""score"": 0.0531, ""box"": [164, 143, 200, 221]}, {""label"": ""flame"", ""score"": 0.0531, ""box"": [231, 109, 262, 215]}, {""label"": ""smoke"", ""score"": 0.0528, ""box"": [702, 28, 830, 269]}, {""label"": ""smoke"", ""score"": 0.0526, ""box"": [575, 27, 820, 318]}, {""label"": ""smoke"", ""score"": 0.0526, ""box"": [703, 28, 830, 304]}, {""label"": ""smoke"", ""score"": 0.0513, ""box"": [479, 206, 629, 363]}, {""label"": ""flame"", ""score"": 0.0512, ""box"": [185, 218, 258, 233]}, {""label"": ""flame"", ""score"": 0.0511, ""box"": [165, 139, 203, 221]}, {""label"": ""smoke"", ""score"": 0.0506, ""box"": [615, 27, 808, 255]}, {""label"": ""flame"", ""score"": 0.0501, ""box"": [161, 152, 182, 216]}]",1,1,0,0,1,0
house1,yolo,600,20.02,1,1,702.2,0.0,0.293747,"[{""label"": ""flame"", ""score"": 0.2937, ""box"": [161, 26, 263, 248]}]",0,1,0,0,0,0
house1,dfire_yolov8n,600,20.02,1,1,46.2,0.576292,0.257812,"[{""label"": ""smoke"", ""score"": 0.5763, ""box"": [447, 29, 811, 361]}, {""label"": ""flame"", ""score"": 0.2578, ""box"": [142, 29, 283, 279]}]",1,1,1,1,0,0
house1,soul,600,20.02,1,1,63.3,0.0,0.886803,"[{""label"": ""flame"", ""score"": 0.8868, ""box"": [158, 27, 259, 219]}]",0,1,0,0,1,0
house1,pyronear,600,20.02,1,1,325.6,0.0,0.0,[],0,0,0,0,0,0
house1,dfine,630,21.021,1,1,375.7,0.080247,0.843622,"[{""label"": ""flame"", ""score"": 0.8436, ""box"": [166, 26, 271, 231]}, {""label"": ""flame"", ""score"": 0.0934, ""box"": [181, 25, 244, 64]}, {""label"": ""smoke"", ""score"": 0.0802, ""box"": [216, 55, 272, 126]}, {""label"": ""smoke"", ""score"": 0.0782, ""box"": [218, 53, 272, 123]}, {""label"": ""smoke"", ""score"": 0.0757, ""box"": [326, 137, 391, 174]}, {""label"": ""flame"", ""score"": 0.0724, ""box"": [175, 25, 245, 70]}, {""label"": ""smoke"", ""score"": 0.0674, ""box"": [181, 25, 244, 64]}, {""label"": ""smoke"", ""score"": 0.0659, ""box"": [212, 56, 266, 124]}, {""label"": ""flame"", ""score"": 0.0648, ""box"": [172, 282, 236, 298]}, {""label"": ""smoke"", ""score"": 0.0625, ""box"": [330, 147, 379, 173]}, {""label"": ""flame"", ""score"": 0.0615, ""box"": [172, 151, 210, 231]}, {""label"": ""flame"", ""score"": 0.0613, ""box"": [234, 185, 273, 226]}, {""label"": ""smoke"", ""score"": 0.0611, ""box"": [166, 26, 271, 231]}, {""label"": ""smoke"", ""score"": 0.0604, ""box"": [175, 25, 245, 70]}, {""label"": ""smoke"", ""score"": 0.0594, ""box"": [89, 27, 179, 138]}, {""label"": ""flame"", ""score"": 0.0592, ""box"": [235, 189, 272, 225]}, {""label"": ""smoke"", ""score"": 0.055, ""box"": [99, 27, 184, 155]}, {""label"": ""smoke"", ""score"": 0.0547, ""box"": [171, 25, 242, 141]}, {""label"": ""smoke"", ""score"": 0.0546, ""box"": [89, 60, 172, 153]}, {""label"": ""flame"", ""score"": 0.054, ""box"": [174, 153, 213, 231]}, {""label"": ""smoke"", ""score"": 0.054, ""box"": [252, 126, 299, 159]}, {""label"": ""smoke"", ""score"": 0.0523, ""box"": [22, 25, 176, 142]}, {""label"": ""flame"", ""score"": 0.0522, ""box"": [174, 154, 210, 230]}, {""label"": ""flame"", ""score"": 0.0515, ""box"": [204, 25, 244, 61]}, {""label"": ""smoke"", ""score"": 0.0513, ""box"": [202, 28, 267, 127]}, {""label"": ""flame"", ""score"": 0.0505, ""box"": [169, 151, 194, 230]}]",0,1,0,0,1,0
house1,yolo,630,21.021,1,1,695.7,0.0,0.266561,"[{""label"": ""flame"", ""score"": 0.2666, ""box"": [167, 23, 283, 291]}]",0,1,1,0,0,0
house1,dfire_yolov8n,630,21.021,1,1,56.8,0.0,0.656698,"[{""label"": ""flame"", ""score"": 0.6567, ""box"": [156, 41, 287, 231]}]",0,1,1,0,1,1
house1,soul,630,21.021,1,1,55.0,0.0,0.894054,"[{""label"": ""flame"", ""score"": 0.8941, ""box"": [167, 24, 273, 225]}]",0,1,0,0,1,0
house1,pyronear,630,21.021,1,1,323.3,0.0,0.0,[],0,0,0,0,0,0
house1,dfine,660,22.022,1,1,354.0,0.090626,0.840832,"[{""label"": ""flame"", ""score"": 0.8408, ""box"": [147, 25, 286, 244]}, {""label"": ""flame"", ""score"": 0.1198, ""box"": [171, 282, 231, 296]}, {""label"": ""flame"", ""score"": 0.0909, ""box"": [188, 25, 210, 46]}, {""label"": ""smoke"", ""score"": 0.0906, ""box"": [219, 25, 327, 125]}, {""label"": ""smoke"", ""score"": 0.082, ""box"": [92, 26, 184, 149]}, {""label"": ""smoke"", ""score"": 0.076, ""box"": [220, 26, 322, 130]}, {""label"": ""smoke"", ""score"": 0.0754, ""box"": [23, 26, 181, 152]}, {""label"": ""smoke"", ""score"": 0.0735, ""box"": [333, 133, 401, 176]}, {""label"": ""smoke"", ""score"": 0.0712, ""box"": [256, 100, 404, 190]}, {""label"": ""flame"", ""score"": 0.066, ""box"": [169, 153, 213, 239]}, {""label"": ""flame"", ""score"": 0.0622, ""box"": [181, 233, 246, 257]}, {""label"": ""smoke"", ""score"": 0.0585, ""box"": [225, 25, 347, 90]}, {""label"": ""smoke"", ""score"": 0.0573, ""box"": [98, 26, 187, 155]}, {""label"": ""smoke"", ""score"": 0.0572, ""box"": [284, 96, 326, 128]}, {""label"": ""smoke"", ""score"": 0.0548, ""box"": [188, 25, 210, 46]}, {""label"": ""smoke"", ""score"": 0.0545, ""box"": [147, 25, 286, 244]}, {""label"": ""smoke"", ""score"": 0.0538, ""box"": [146, 24, 232, 59]}, {""label"": ""flame"", ""score"": 0.0536, ""box"": [209, 131, 284, 228]}, {""label"": ""flame"", ""score"": 0.053, ""box"": [172, 149, 285, 253]}, {""label"": ""smoke"", ""score"": 0.0523, ""box"": [25, 25, 193, 157]}, {""label"": ""smoke"", ""score"": 0.0519, ""box"": [187, 25, 230, 69]}, {""label"": ""flame"", ""score"": 0.0501, ""box"": [173, 283, 209, 295]}]",0,1,1,0,1,1
house1,yolo,660,22.022,1,1,689.6,0.0,0.73211,"[{""label"": ""flame"", ""score"": 0.7321, ""box"": [146, 25, 286, 225]}]",0,1,1,0,1,1
house1,dfire_yolov8n,660,22.022,1,1,57.4,0.0,0.743733,"[{""label"": ""flame"", ""score"": 0.7437, ""box"": [150, 27, 297, 242]}]",0,1,1,0,1,1
house1,soul,660,22.022,1,1,52.8,0.0,0.893068,"[{""label"": ""flame"", ""score"": 0.8931, ""box"": [143, 25, 281, 226]}]",0,1,1,0,1,1
house1,pyronear,660,22.022,1,1,338.3,0.0,0.0,[],0,0,0,0,0,0
house1,dfine,690,23.023,1,1,373.4,0.127499,0.771602,"[{""label"": ""flame"", ""score"": 0.7716, ""box"": [186, 25, 288, 229]}, {""label"": ""smoke"", ""score"": 0.1275, ""box"": [320, 136, 395, 179]}, {""label"": ""flame"", ""score"": 0.1237, ""box"": [174, 282, 235, 297]}, {""label"": ""smoke"", ""score"": 0.1162, ""box"": [156, 30, 220, 152]}, {""label"": ""flame"", ""score"": 0.111, ""box"": [167, 26, 291, 253]}, {""label"": ""smoke"", ""score"": 0.1041, ""box"": [153, 27, 217, 136]}, {""label"": ""smoke"", ""score"": 0.0989, ""box"": [330, 148, 393, 178]}, {""label"": ""flame"", ""score"": 0.0982, ""box"": [214, 123, 284, 219]}, {""label"": ""flame"", ""score"": 0.098, ""box"": [176, 283, 203, 297]}, {""label"": ""smoke"", ""score"": 0.0934, ""box"": [168, 130, 215, 232]}, {""label"": ""flame"", ""score"": 0.0904, ""box"": [173, 222, 285, 258]}, {""label"": ""flame"", ""score"": 0.0898, ""box"": [206, 283, 233, 297]}, {""label"": ""smoke"", ""score"": 0.0879, ""box"": [171, 25, 286, 145]}, {""label"": ""flame"", ""score"": 0.0854, ""box"": [168, 130, 215, 232]}, {""label"": ""flame"", ""score"": 0.0848, ""box"": [173, 225, 280, 258]}, {""label"": ""flame"", ""score"": 0.0827, ""box"": [145, 281, 237, 298]}, {""label"": ""smoke"", ""score"": 0.077, ""box"": [168, 27, 228, 133]}, {""label"": ""flame"", ""score"": 0.0762, ""box"": [170, 128, 287, 254]}, {""label"": ""flame"", ""score"": 0.0759, ""box"": [170, 128, 287, 250]}, {""label"": ""smoke"", ""score"": 0.0752, ""box"": [150, 30, 206, 151]}, {""label"": ""flame"", ""score"": 0.0749, ""box"": [174, 214, 287, 257]}, {""label"": ""smoke"", ""score"": 0.0702, ""box"": [170, 133, 226, 234]}, {""label"": ""flame"", ""score"": 0.0694, ""box"": [260, 189, 285, 219]}, {""label"": ""flame"", ""score"": 0.0687, ""box"": [167, 128, 213, 194]}, {""label"": ""smoke"", ""score"": 0.0683, ""box"": [157, 30, 222, 186]}, {""label"": ""flame"", ""score"": 0.0661, ""box"": [259, 189, 285, 219]}, {""label"": ""flame"", ""score"": 0.0656, ""box"": [173, 193, 287, 256]}, {""label"": ""flame"", ""score"": 0.0649, ""box"": [181, 218, 215, 234]}, {""label"": ""flame"", ""score"": 0.0648, ""box"": [172, 220, 245, 257]}, {""label"": ""flame"", ""score"": 0.0634, ""box"": [180, 193, 219, 235]}, {""label"": ""smoke"", ""score"": 0.0619, ""box"": [279, 94, 330, 134]}, {""label"": ""smoke"", ""score"": 0.0614, ""box"": [269, 94, 331, 155]}, {""label"": ""flame"", ""score"": 0.0613, ""box"": [170, 133, 226, 234]}, {""label"": ""smoke"", ""score"": 0.0605, ""box"": [155, 25, 288, 129]}, {""label"": ""smoke"", ""score"": 0.0603, ""box"": [186, 25, 288, 229]}, {""label"": ""smoke"", ""score"": 0.0591, ""box"": [166, 124, 245, 237]}, {""label"": ""flame"", ""score"": 0.059, ""box"": [166, 129, 210, 161]}, {""label"": ""smoke"", ""score"": 0.0589, ""box"": [167, 128, 213, 194]}, {""label"": ""flame"", ""score"": 0.0587, ""box"": [165, 131, 230, 255]}, {""label"": ""flame"", ""score"": 0.0578, ""box"": [170, 129, 209, 156]}, {""label"": ""flame"", ""score"": 0.0573, ""box"": [216, 162, 284, 219]}, {""label"": ""smoke"", ""score"": 0.0558, ""box"": [179, 25, 241, 69]}, {""label"": ""smoke"", ""score"": 0.0555, ""box"": [150, 28, 207, 142]}, {""label"": ""flame"", ""score"": 0.0554, ""box"": [217, 125, 260, 200]}, {""label"": ""smoke"", ""score"": 0.0549, ""box"": [275, 153, 338, 187]}, {""label"": ""flame"", ""score"": 0.0545, ""box"": [215, 137, 284, 219]}, {""label"": ""smoke"", ""score"": 0.054, ""box"": [156, 57, 215, 178]}, {""label"": ""smoke"", ""score"": 0.0533, ""box"": [180, 193, 219, 235]}, {""label"": ""smoke"", ""score"": 0.0533, ""box"": [178, 25, 451, 220]}, {""label"": ""flame"", ""score"": 0.0519, ""box"": [167, 130, 212, 174]}, {""label"": ""flame"", ""score"": 0.0517, ""box"": [171, 211, 245, 258]}, {""label"": ""smoke"", ""score"": 0.0512, ""box"": [159, 53, 221, 196]}]",0,1,0,0,1,0
house1,yolo,690,23.023,1,1,701.1,0.0,0.648695,"[{""label"": ""flame"", ""score"": 0.6487, ""box"": [202, 25, 296, 218]}]",0,1,0,0,1,0
house1,dfire_yolov8n,690,23.023,1,1,52.3,0.0,0.450684,"[{""label"": ""flame"", ""score"": 0.4507, ""box"": [190, 30, 296, 206]}]",0,1,0,0,0,0
house1,soul,690,23.023,1,1,58.8,0.0,0.8947,"[{""label"": ""flame"", ""score"": 0.8947, ""box"": [167, 26, 290, 221]}]",0,1,0,0,1,0
house1,pyronear,690,23.023,1,1,313.1,0.0,0.0,[],0,0,0,0,0,0
house1,dfine,720,24.024,1,1,359.6,0.15064,0.760475,"[{""label"": ""flame"", ""score"": 0.7605, ""box"": [144, 45, 342, 246]}, {""label"": ""flame"", ""score"": 0.2675, ""box"": [175, 282, 235, 297]}, {""label"": ""flame"", ""score"": 0.2293, ""box"": [132, 63, 162, 94]}, {""label"": ""flame"", ""score"": 0.2113, ""box"": [130, 30, 163, 94]}, {""label"": ""flame"", ""score"": 0.1514, ""box"": [205, 51, 342, 233]}, {""label"": ""smoke"", ""score"": 0.1506, ""box"": [133, 26, 307, 92]}, {""label"": ""flame"", ""score"": 0.1253, ""box"": [252, 25, 314, 57]}, {""label"": ""smoke"", ""score"": 0.1189, ""box"": [635, 26, 831, 376]}, {""label"": ""flame"", ""score"": 0.1106, ""box"": [205, 283, 230, 296]}, {""label"": ""flame"", ""score"": 0.1099, ""box"": [250, 25, 268, 42]}, {""label"": ""flame"", ""score"": 0.1096, ""box"": [543, 286, 575, 367]}, {""label"": ""smoke"", ""score"": 0.1016, ""box"": [128, 26, 343, 233]}, {""label"": ""smoke"", ""score"": 0.0996, ""box"": [130, 26, 340, 178]}, {""label"": ""flame"", ""score"": 0.0982, ""box"": [288, 36, 312, 57]}, {""label"": ""smoke"", ""score"": 0.0966, ""box"": [130, 26, 338, 145]}, {""label"": ""smoke"", ""score"": 0.0915, ""box"": [128, 26, 340, 146]}, {""label"": ""flame"", ""score"": 0.0907, ""box"": [130, 59, 205, 96]}, {""label"": ""flame"", ""score"": 0.0882, ""box"": [128, 29, 200, 96]}, {""label"": ""flame"", ""score"": 0.0855, ""box"": [211, 234, 245, 260]}, {""label"": ""smoke"", ""score"": 0.0853, ""box"": [137, 25, 304, 66]}, {""label"": ""smoke"", ""score"": 0.0845, ""box"": [136, 25, 271, 70]}, {""label"": ""flame"", ""score"": 0.0836, ""box"": [231, 283, 249, 316]}, {""label"": ""smoke"", ""score"": 0.0797, ""box"": [130, 30, 163, 94]}, {""label"": ""smoke"", ""score"": 0.074, ""box"": [537, 26, 831, 377]}, {""label"": ""flame"", ""score"": 0.0726, ""box"": [174, 283, 192, 297]}, {""label"": ""smoke"", ""score"": 0.0724, ""box"": [128, 29, 200, 96]}, {""label"": ""smoke"", ""score"": 0.0705, ""box"": [144, 45, 342, 246]}, {""label"": ""smoke"", ""score"": 0.0697, ""box"": [529, 26, 831, 376]}, {""label"": ""flame"", ""score"": 0.0687, ""box"": [166, 65, 246, 228]}, {""label"": ""flame"", ""score"": 0.0671, ""box"": [285, 27, 313, 57]}, {""label"": ""flame"", ""score"": 0.0667, ""box"": [235, 201, 258, 229]}, {""label"": ""flame"", ""score"": 0.0665, ""box"": [168, 65, 223, 147]}, {""label"": ""smoke"", ""score"": 0.066, ""box"": [175, 282, 235, 297]}, {""label"": ""smoke"", ""score"": 0.0656, ""box"": [177, 26, 338, 153]}, {""label"": ""flame"", ""score"": 0.0651, ""box"": [158, 64, 225, 234]}, {""label"": ""smoke"", ""score"": 0.0628, ""box"": [252, 25, 314, 57]}, {""label"": ""flame"", ""score"": 0.0615, ""box"": [175, 283, 201, 297]}, {""label"": ""smoke"", ""score"": 0.0615, ""box"": [205, 51, 342, 233]}, {""label"": ""smoke"", ""score"": 0.0605, ""box"": [129, 26, 259, 91]}, {""label"": ""flame"", ""score"": 0.06, ""box"": [232, 192, 280, 232]}, {""label"": ""smoke"", ""score"": 0.058, ""box"": [128, 28, 225, 134]}, {""label"": ""flame"", ""score"": 0.0577, ""box"": [128, 26, 343, 233]}, {""label"": ""smoke"", ""score"": 0.0576, ""box"": [132, 28, 160, 67]}, {""label"": ""flame"", ""score"": 0.0574, ""box"": [231, 283, 249, 316]}, {""label"": ""flame"", ""score"": 0.0568, ""box"": [131, 63, 188, 94]}, {""label"": ""smoke"", ""score"": 0.056, ""box"": [132, 63, 162, 94]}, {""label"": ""smoke"", ""score"": 0.0559, ""box"": [128, 28, 225, 119]}, {""label"": ""smoke"", ""score"": 0.0552, ""box"": [158, 64, 225, 234]}, {""label"": ""flame"", ""score"": 0.0551, ""box"": [132, 28, 160, 67]}, {""label"": ""smoke"", ""score"": 0.0532, ""box"": [251, 26, 341, 99]}, {""label"": ""flame"", ""score"": 0.0527, ""box"": [197, 125, 292, 232]}, {""label"": ""smoke"", ""score"": 0.0527, ""box"": [126, 27, 271, 141]}, {""label"": ""flame"", ""score"": 0.0523, ""box"": [232, 181, 285, 231]}, {""label"": ""flame"", ""score"": 0.0523, ""box"": [180, 72, 293, 231]}, {""label"": ""flame"", ""score"": 0.0521, ""box"": [179, 227, 275, 263]}, {""label"": ""flame"", ""score"": 0.052, ""box"": [232, 180, 285, 233]}, {""label"": ""flame"", ""score"": 0.0519, ""box"": [126, 31, 346, 318]}, {""label"": ""smoke"", ""score"": 0.0518, ""box"": [215, 50, 291, 93]}]",0,1,1,0,1,1
house1,yolo,720,24.024,1,1,688.9,0.0,0.664617,"[{""label"": ""flame"", ""score"": 0.6646, ""box"": [140, 26, 344, 233]}]",0,1,1,0,1,1
house1,dfire_yolov8n,720,24.024,1,1,53.8,0.574078,0.819033,"[{""label"": ""flame"", ""score"": 0.819, ""box"": [127, 38, 356, 262]}, {""label"": ""smoke"", ""score"": 0.5741, ""box"": [628, 34, 824, 296]}]",1,1,1,1,1,1
house1,soul,720,24.024,1,1,48.0,0.0,0.921424,"[{""label"": ""flame"", ""score"": 0.9214, ""box"": [134, 26, 341, 231]}]",0,1,1,0,1,1
house1,pyronear,720,24.024,1,1,312.4,0.0,0.0,[],0,0,0,0,0,0
house1,dfine,750,25.025,1,1,373.8,0.18492,0.884582,"[{""label"": ""flame"", ""score"": 0.8846, ""box"": [143, 26, 318, 255]}, {""label"": ""flame"", ""score"": 0.2771, ""box"": [173, 281, 243, 297]}, {""label"": ""smoke"", ""score"": 0.1849, ""box"": [204, 25, 326, 102]}, {""label"": ""smoke"", ""score"": 0.1776, ""box"": [321, 131, 378, 182]}, {""label"": ""smoke"", ""score"": 0.1688, ""box"": [204, 25, 313, 96]}, {""label"": ""flame"", ""score"": 0.1602, ""box"": [207, 282, 231, 296]}, {""label"": ""smoke"", ""score"": 0.1468, ""box"": [214, 26, 319, 127]}, {""label"": ""flame"", ""score"": 0.1404, ""box"": [174, 282, 204, 296]}, {""label"": ""smoke"", ""score"": 0.13, ""box"": [318, 120, 397, 181]}, {""label"": ""smoke"", ""score"": 0.1195, ""box"": [302, 84, 409, 182]}, {""label"": ""smoke"", ""score"": 0.1125, ""box"": [304, 83, 386, 182]}, {""label"": ""smoke"", ""score"": 0.106, ""box"": [143, 25, 317, 118]}, {""label"": ""smoke"", ""score"": 0.1057, ""box"": [291, 87, 365, 183]}, {""label"": ""smoke"", ""score"": 0.1003, ""box"": [303, 108, 369, 182]}, {""label"": ""smoke"", ""score"": 0.0987, ""box"": [318, 123, 382, 182]}, {""label"": ""smoke"", ""score"": 0.0983, ""box"": [219, 26, 319, 139]}, {""label"": ""flame"", ""score"": 0.097, ""box"": [144, 26, 199, 86]}, {""label"": ""flame"", ""score"": 0.096, ""box"": [143, 25, 205, 90]}, {""label"": ""flame"", ""score"": 0.0926, ""box"": [230, 282, 246, 297]}, {""label"": ""smoke"", ""score"": 0.0914, ""box"": [300, 70, 389, 183]}, {""label"": ""smoke"", ""score"": 0.0895, ""box"": [282, 78, 362, 184]}, {""label"": ""flame"", ""score"": 0.0889, ""box"": [293, 92, 315, 126]}, {""label"": ""smoke"", ""score"": 0.0883, ""box"": [143, 25, 315, 161]}, {""label"": ""smoke"", ""score"": 0.0813, ""box"": [143, 25, 205, 90]}, {""label"": ""smoke"", ""score"": 0.0778, ""box"": [234, 27, 327, 160]}, {""label"": ""smoke"", ""score"": 0.0774, ""box"": [306, 134, 358, 184]}, {""label"": ""smoke"", ""score"": 0.0764, ""box"": [143, 25, 315, 153]}, {""label"": ""flame"", ""score"": 0.0756, ""box"": [542, 285, 576, 367]}, {""label"": ""smoke"", ""score"": 0.0747, ""box"": [205, 25, 319, 98]}, {""label"": ""smoke"", ""score"": 0.0738, ""box"": [142, 25, 219, 114]}, {""label"": ""smoke"", ""score"": 0.072, ""box"": [142, 25, 225, 138]}, {""label"": ""smoke"", ""score"": 0.0716, ""box"": [204, 25, 318, 112]}, {""label"": ""smoke"", ""score"": 0.0694, ""box"": [143, 26, 318, 255]}, {""label"": ""smoke"", ""score"": 0.068, ""box"": [142, 25, 205, 117]}, {""label"": ""smoke"", ""score"": 0.0641, ""box"": [205, 26, 394, 138]}, {""label"": ""smoke"", ""score"": 0.0635, ""box"": [142, 26, 209, 228]}, {""label"": ""flame"", ""score"": 0.0628, ""box"": [217, 230, 246, 256]}, {""label"": ""smoke"", ""score"": 0.0627, ""box"": [142, 26, 233, 159]}, {""label"": ""smoke"", ""score"": 0.0625, ""box"": [144, 26, 199, 86]}, {""label"": ""smoke"", ""score"": 0.061, ""box"": [186, 29, 312, 171]}, {""label"": ""flame"", ""score"": 0.059, ""box"": [217, 231, 246, 257]}, {""label"": ""smoke"", ""score"": 0.0584, ""box"": [283, 85, 326, 176]}, {""label"": ""flame"", ""score"": 0.0581, ""box"": [170, 262, 248, 298]}, {""label"": ""smoke"", ""score"": 0.0576, ""box"": [206, 25, 344, 74]}, {""label"": ""flame"", ""score"": 0.0571, ""box"": [262, 288, 273, 315]}, {""label"": ""smoke"", ""score"": 0.0559, ""box"": [340, 149, 382, 177]}, {""label"": ""smoke"", ""score"": 0.0536, ""box"": [293, 92, 315, 126]}, {""label"": ""smoke"", ""score"": 0.0532, ""box"": [150, 25, 413, 192]}, {""label"": ""flame"", ""score"": 0.0527, ""box"": [176, 279, 247, 309]}, {""label"": ""flame"", ""score"": 0.0519, ""box"": [189, 25, 216, 49]}, {""label"": ""smoke"", ""score"": 0.0516, ""box"": [173, 281, 243, 297]}, {""label"": ""flame"", ""score"": 0.051, ""box"": [289, 278, 335, 287]}, {""label"": ""flame"", ""score"": 0.0503, ""box"": [177, 76, 312, 252]}]",0,1,1,0,1,1
house1,yolo,750,25.025,1,1,706.7,0.0,0.589791,"[{""label"": ""flame"", ""score"": 0.5898, ""box"": [154, 29, 317, 270]}]",0,1,1,0,1,1
house1,dfire_yolov8n,750,25.025,1,1,56.6,0.329177,0.840071,"[{""label"": ""flame"", ""score"": 0.8401, ""box"": [137, 28, 332, 279]}, {""label"": ""smoke"", ""score"": 0.3292, ""box"": [595, 33, 826, 340]}]",1,1,1,0,1,1
house1,soul,750,25.025,1,1,54.0,0.0,0.934129,"[{""label"": ""flame"", ""score"": 0.9341, ""box"": [147, 26, 323, 253]}]",0,1,1,0,1,1
house1,pyronear,750,25.025,1,1,331.2,0.0,0.0,[],0,0,0,0,0,0
house1,dfine,780,26.026,1,1,366.8,0.054652,0.880491,"[{""label"": ""flame"", ""score"": 0.8805, ""box"": [133, 25, 319, 293]}, {""label"": ""flame"", ""score"": 0.3286, ""box"": [136, 281, 238, 297]}, {""label"": ""flame"", ""score"": 0.1784, ""box"": [136, 284, 169, 296]}, {""label"": ""flame"", ""score"": 0.1765, ""box"": [176, 282, 237, 297]}, {""label"": ""flame"", ""score"": 0.1605, ""box"": [204, 282, 231, 297]}, {""label"": ""flame"", ""score"": 0.0955, ""box"": [178, 281, 240, 297]}, {""label"": ""flame"", ""score"": 0.0808, ""box"": [176, 283, 207, 297]}, {""label"": ""flame"", ""score"": 0.0781, ""box"": [176, 283, 202, 297]}, {""label"": ""flame"", ""score"": 0.0738, ""box"": [135, 283, 199, 297]}, {""label"": ""flame"", ""score"": 0.0666, ""box"": [231, 283, 248, 315]}, {""label"": ""flame"", ""score"": 0.0649, ""box"": [542, 287, 575, 367]}, {""label"": ""flame"", ""score"": 0.064, ""box"": [130, 263, 244, 298]}, {""label"": ""flame"", ""score"": 0.0601, ""box"": [262, 286, 274, 316]}, {""label"": ""flame"", ""score"": 0.0588, ""box"": [130, 252, 245, 298]}, {""label"": ""flame"", ""score"": 0.0559, ""box"": [134, 278, 288, 298]}, {""label"": ""smoke"", ""score"": 0.0547, ""box"": [136, 281, 238, 297]}, {""label"": ""smoke"", ""score"": 0.0546, ""box"": [317, 132, 377, 183]}, {""label"": ""flame"", ""score"": 0.0507, ""box"": [300, 157, 329, 187]}, {""label"": ""flame"", ""score"": 0.0506, ""box"": [230, 282, 244, 298]}]",0,1,1,0,1,1
house1,yolo,780,26.026,1,1,703.0,0.0,0.824994,"[{""label"": ""flame"", ""score"": 0.825, ""box"": [150, 24, 315, 295]}]",0,1,1,0,1,1
house1,dfire_yolov8n,780,26.026,1,1,54.2,0.603545,0.764872,"[{""label"": ""flame"", ""score"": 0.7649, ""box"": [129, 25, 327, 279]}, {""label"": ""smoke"", ""score"": 0.6035, ""box"": [611, 33, 828, 358]}]",1,1,1,1,1,1
house1,soul,780,26.026,1,1,53.4,0.0,0.911407,"[{""label"": ""flame"", ""score"": 0.9114, ""box"": [147, 26, 329, 247]}]",0,1,1,0,1,1
house1,pyronear,780,26.026,1,1,306.1,0.0,0.0,[],0,0,0,0,0,0
house1,dfine,810,27.027,1,1,357.6,0.202641,0.872909,"[{""label"": ""flame"", ""score"": 0.8729, ""box"": [113, 28, 311, 250]}, {""label"": ""flame"", ""score"": 0.3514, ""box"": [133, 279, 236, 297]}, {""label"": ""flame"", ""score"": 0.305, ""box"": [177, 279, 231, 296]}, {""label"": ""smoke"", ""score"": 0.2026, ""box"": [176, 27, 316, 130]}, {""label"": ""flame"", ""score"": 0.1749, ""box"": [131, 282, 168, 294]}, {""label"": ""flame"", ""score"": 0.1699, ""box"": [175, 278, 248, 304]}, {""label"": ""smoke"", ""score"": 0.1436, ""box"": [82, 27, 146, 153]}, {""label"": ""smoke"", ""score"": 0.1433, ""box"": [31, 26, 148, 151]}, {""label"": ""smoke"", ""score"": 0.1428, ""box"": [199, 49, 319, 152]}, {""label"": ""flame"", ""score"": 0.1318, ""box"": [129, 276, 274, 302]}, {""label"": ""smoke"", ""score"": 0.1315, ""box"": [177, 29, 239, 122]}, {""label"": ""smoke"", ""score"": 0.1313, ""box"": [190, 32, 314, 157]}, {""label"": ""smoke"", ""score"": 0.1294, ""box"": [290, 205, 362, 250]}, {""label"": ""flame"", ""score"": 0.1288, ""box"": [234, 282, 248, 305]}, {""label"": ""smoke"", ""score"": 0.1264, ""box"": [320, 144, 382, 206]}, {""label"": ""flame"", ""score"": 0.1261, ""box"": [206, 281, 229, 295]}, {""label"": ""smoke"", ""score"": 0.1211, ""box"": [136, 26, 312, 158]}, {""label"": ""smoke"", ""score"": 0.1196, ""box"": [103, 26, 311, 160]}, {""label"": ""smoke"", ""score"": 0.1171, ""box"": [42, 26, 152, 162]}, {""label"": ""smoke"", ""score"": 0.1153, ""box"": [98, 25, 308, 167]}, {""label"": ""smoke"", ""score"": 0.1149, ""box"": [77, 27, 147, 161]}, {""label"": ""smoke"", ""score"": 0.1148, ""box"": [146, 27, 323, 158]}, {""label"": ""smoke"", ""score"": 0.1129, ""box"": [32, 25, 151, 152]}, {""label"": ""smoke"", ""score"": 0.1111, ""box"": [159, 26, 319, 153]}, {""label"": ""flame"", ""score"": 0.1049, ""box"": [112, 128, 130, 149]}, {""label"": ""smoke"", ""score"": 0.1046, ""box"": [65, 195, 142, 281]}, {""label"": ""smoke"", ""score"": 0.1013, ""box"": [64, 171, 144, 281]}, {""label"": ""smoke"", ""score"": 0.1006, ""box"": [322, 168, 365, 207]}, {""label"": ""smoke"", ""score"": 0.1001, ""box"": [318, 148, 373, 208]}, {""label"": ""smoke"", ""score"": 0.0985, ""box"": [214, 72, 314, 159]}, {""label"": ""smoke"", ""score"": 0.0985, ""box"": [152, 28, 317, 172]}, {""label"": ""smoke"", ""score"": 0.0982, ""box"": [46, 125, 144, 281]}, {""label"": ""smoke"", ""score"": 0.0971, ""box"": [80, 28, 147, 175]}, {""label"": ""flame"", ""score"": 0.0955, ""box"": [131, 281, 200, 295]}, {""label"": ""smoke"", ""score"": 0.0911, ""box"": [79, 125, 142, 233]}, {""label"": ""smoke"", ""score"": 0.0892, ""box"": [104, 27, 160, 134]}, {""label"": ""smoke"", ""score"": 0.0864, ""box"": [185, 69, 235, 127]}, {""label"": ""flame"", ""score"": 0.086, ""box"": [192, 315, 242, 331]}, {""label"": ""flame"", ""score"": 0.0859, ""box"": [179, 281, 205, 295]}, {""label"": ""smoke"", ""score"": 0.0849, ""box"": [102, 32, 159, 146]}, {""label"": ""smoke"", ""score"": 0.0817, ""box"": [103, 29, 158, 138]}, {""label"": ""smoke"", ""score"": 0.0805, ""box"": [83, 32, 148, 188]}, {""label"": ""smoke"", ""score"": 0.0804, ""box"": [28, 25, 194, 155]}, {""label"": ""smoke"", ""score"": 0.0775, ""box"": [122, 27, 203, 169]}, {""label"": ""smoke"", ""score"": 0.0774, ""box"": [190, 82, 237, 131]}, {""label"": ""smoke"", ""score"": 0.0747, ""box"": [324, 152, 371, 203]}, {""label"": ""smoke"", ""score"": 0.0742, ""box"": [190, 86, 238, 133]}, {""label"": ""flame"", ""score"": 0.073, ""box"": [130, 281, 181, 295]}, {""label"": ""flame"", ""score"": 0.0723, ""box"": [128, 259, 243, 297]}, {""label"": ""smoke"", ""score"": 0.0702, ""box"": [284, 96, 326, 129]}, {""label"": ""flame"", ""score"": 0.0698, ""box"": [181, 281, 204, 295]}, {""label"": ""flame"", ""score"": 0.069, ""box"": [541, 286, 575, 365]}, {""label"": ""flame"", ""score"": 0.0687, ""box"": [191, 34, 211, 48]}, {""label"": ""smoke"", ""score"": 0.0671, ""box"": [124, 27, 199, 159]}, {""label"": ""smoke"", ""score"": 0.067, ""box"": [67, 26, 148, 151]}, {""label"": ""smoke"", ""score"": 0.0669, ""box"": [236, 128, 278, 160]}, {""label"": ""smoke"", ""score"": 0.0657, ""box"": [131, 282, 168, 294]}, {""label"": ""smoke"", ""score"": 0.065, ""box"": [88, 62, 147, 192]}, {""label"": ""smoke"", ""score"": 0.0649, ""box"": [276, 97, 326, 145]}, {""label"": ""smoke"", ""score"": 0.0645, ""box"": [133, 279, 236, 297]}, {""label"": ""smoke"", ""score"": 0.0645, ""box"": [99, 52, 158, 179]}, {""label"": ""smoke"", ""score"": 0.0631, ""box"": [48, 26, 201, 269]}, {""label"": ""smoke"", ""score"": 0.0625, ""box"": [132, 26, 190, 126]}, {""label"": ""smoke"", ""score"": 0.0624, ""box"": [183, 71, 236, 138]}, {""label"": ""smoke"", ""score"": 0.0622, ""box"": [228, 82, 317, 163]}, {""label"": ""flame"", ""score"": 0.0619, ""box"": [126, 180, 173, 211]}, {""label"": ""flame"", ""score"": 0.0608, ""box"": [110, 239, 133, 274]}, {""label"": ""smoke"", ""score"": 0.0574, ""box"": [113, 28, 311, 250]}, {""label"": ""smoke"", ""score"": 0.0571, ""box"": [28, 26, 331, 240]}, {""label"": ""smoke"", ""score"": 0.0561, ""box"": [195, 86, 237, 141]}, {""label"": ""flame"", ""score"": 0.0559, ""box"": [107, 26, 314, 298]}, {""label"": ""smoke"", ""score"": 0.0558, ""box"": [266, 148, 310, 234]}, {""label"": ""smoke"", ""score"": 0.0553, ""box"": [239, 83, 325, 163]}, {""label"": ""smoke"", ""score"": 0.0542, ""box"": [167, 25, 226, 101]}, {""label"": ""smoke"", ""score"": 0.054, ""box"": [24, 25, 144, 90]}, {""label"": ""smoke"", ""score"": 0.0533, ""box"": [67, 26, 143, 84]}, {""label"": ""smoke"", ""score"": 0.0532, ""box"": [177, 279, 231, 296]}, {""label"": ""smoke"", ""score"": 0.0532, ""box"": [238, 148, 310, 238]}, {""label"": ""flame"", ""score"": 0.0526, ""box"": [204, 315, 231, 326]}, {""label"": ""flame"", ""score"": 0.0521, ""box"": [124, 237, 242, 296]}, {""label"": ""flame"", ""score"": 0.0518, ""box"": [219, 145, 310, 241]}, {""label"": ""smoke"", ""score"": 0.0515, ""box"": [131, 28, 203, 154]}, {""label"": ""smoke"", ""score"": 0.0514, ""box"": [232, 129, 294, 165]}, {""label"": ""flame"", ""score"": 0.0514, ""box"": [238, 148, 310, 238]}, {""label"": ""flame"", ""score"": 0.0508, ""box"": [130, 182, 172, 210]}]",0,1,1,0,1,1
house1,yolo,810,27.027,1,1,700.9,0.0,0.741673,"[{""label"": ""flame"", ""score"": 0.7417, ""box"": [116, 28, 311, 261]}]",0,1,1,0,1,1
house1,dfire_yolov8n,810,27.027,1,1,53.2,0.122782,0.779671,"[{""label"": ""flame"", ""score"": 0.7797, ""box"": [113, 36, 317, 280]}, {""label"": ""smoke"", ""score"": 0.1228, ""box"": [600, 35, 824, 354]}]",0,1,1,0,1,1
house1,soul,810,27.027,1,1,57.9,0.0,0.913056,"[{""label"": ""flame"", ""score"": 0.9131, ""box"": [114, 27, 308, 253]}]",0,1,1,0,1,1
house1,pyronear,810,27.027,1,1,322.0,0.0,0.0,[],0,0,0,0,0,0
house1,dfine,840,28.028,1,1,361.3,0.444261,0.92261,"[{""label"": ""flame"", ""score"": 0.9226, ""box"": [144, 26, 298, 255]}, {""label"": ""smoke"", ""score"": 0.4443, ""box"": [261, 133, 365, 231]}, {""label"": ""smoke"", ""score"": 0.2726, ""box"": [256, 97, 367, 233]}, {""label"": ""smoke"", ""score"": 0.2266, ""box"": [24, 27, 172, 275]}, {""label"": ""smoke"", ""score"": 0.2245, ""box"": [247, 36, 371, 231]}, {""label"": ""flame"", ""score"": 0.2143, ""box"": [176, 280, 207, 298]}, {""label"": ""flame"", ""score"": 0.2106, ""box"": [176, 280, 206, 297]}, {""label"": ""smoke"", ""score"": 0.1855, ""box"": [231, 34, 369, 232]}, {""label"": ""flame"", ""score"": 0.1722, ""box"": [235, 284, 249, 315]}, {""label"": ""flame"", ""score"": 0.1692, ""box"": [174, 279, 248, 315]}, {""label"": ""smoke"", ""score"": 0.1667, ""box"": [143, 25, 371, 234]}, {""label"": ""smoke"", ""score"": 0.1635, ""box"": [282, 165, 363, 233]}, {""label"": ""flame"", ""score"": 0.1574, ""box"": [173, 279, 244, 300]}, {""label"": ""flame"", ""score"": 0.1405, ""box"": [234, 282, 276, 323]}, {""label"": ""flame"", ""score"": 0.1353, ""box"": [262, 284, 277, 322]}, {""label"": ""smoke"", ""score"": 0.1313, ""box"": [282, 172, 362, 249]}, {""label"": ""flame"", ""score"": 0.1183, ""box"": [146, 278, 244, 299]}, {""label"": ""smoke"", ""score"": 0.1182, ""box"": [256, 138, 327, 231]}, {""label"": ""smoke"", ""score"": 0.1118, ""box"": [69, 61, 168, 273]}, {""label"": ""smoke"", ""score"": 0.1113, ""box"": [65, 106, 168, 275]}, {""label"": ""smoke"", ""score"": 0.107, ""box"": [23, 26, 215, 276]}, {""label"": ""smoke"", ""score"": 0.1032, ""box"": [45, 107, 163, 278]}, {""label"": ""smoke"", ""score"": 0.1023, ""box"": [23, 26, 224, 275]}, {""label"": ""smoke"", ""score"": 0.0998, ""box"": [64, 57, 172, 273]}, {""label"": ""smoke"", ""score"": 0.0985, ""box"": [253, 136, 309, 227]}, {""label"": ""smoke"", ""score"": 0.0984, ""box"": [65, 121, 168, 276]}, {""label"": ""flame"", ""score"": 0.0983, ""box"": [174, 278, 276, 324]}, {""label"": ""smoke"", ""score"": 0.0969, ""box"": [70, 126, 164, 276]}, {""label"": ""smoke"", ""score"": 0.0957, ""box"": [73, 124, 163, 276]}, {""label"": ""smoke"", ""score"": 0.0951, ""box"": [68, 59, 170, 261]}, {""label"": ""smoke"", ""score"": 0.0937, ""box"": [63, 156, 155, 278]}, {""label"": ""smoke"", ""score"": 0.092, ""box"": [23, 26, 166, 195]}, {""label"": ""smoke"", ""score"": 0.0897, ""box"": [26, 26, 362, 258]}, {""label"": ""smoke"", ""score"": 0.0892, ""box"": [66, 176, 151, 279]}, {""label"": ""flame"", ""score"": 0.0873, ""box"": [542, 288, 574, 335]}, {""label"": ""smoke"", ""score"": 0.0848, ""box"": [294, 148, 366, 244]}, {""label"": ""smoke"", ""score"": 0.0834, ""box"": [82, 29, 172, 241]}, {""label"": ""flame"", ""score"": 0.0814, ""box"": [195, 316, 244, 332]}, {""label"": ""smoke"", ""score"": 0.0788, ""box"": [72, 26, 366, 254]}, {""label"": ""smoke"", ""score"": 0.0783, ""box"": [219, 17, 359, 234]}, {""label"": ""smoke"", ""score"": 0.0771, ""box"": [55, 130, 161, 278]}, {""label"": ""smoke"", ""score"": 0.0769, ""box"": [76, 60, 170, 237]}, {""label"": ""flame"", ""score"": 0.0767, ""box"": [145, 279, 210, 298]}, {""label"": ""smoke"", ""score"": 0.073, ""box"": [22, 27, 204, 309]}, {""label"": ""flame"", ""score"": 0.0715, ""box"": [195, 318, 205, 333]}, {""label"": ""smoke"", ""score"": 0.071, ""box"": [231, 31, 409, 235]}, {""label"": ""smoke"", ""score"": 0.0699, ""box"": [90, 29, 169, 223]}, {""label"": ""smoke"", ""score"": 0.0697, ""box"": [23, 26, 229, 269]}, {""label"": ""smoke"", ""score"": 0.0657, ""box"": [144, 26, 298, 255]}, {""label"": ""flame"", ""score"": 0.0631, ""box"": [229, 192, 297, 254]}, {""label"": ""smoke"", ""score"": 0.0626, ""box"": [74, 30, 174, 238]}, {""label"": ""smoke"", ""score"": 0.0625, ""box"": [23, 25, 161, 135]}, {""label"": ""smoke"", ""score"": 0.0616, ""box"": [238, 34, 422, 232]}, {""label"": ""flame"", ""score"": 0.0613, ""box"": [144, 281, 170, 295]}, {""label"": ""smoke"", ""score"": 0.0612, ""box"": [320, 172, 365, 220]}, {""label"": ""smoke"", ""score"": 0.0591, ""box"": [78, 28, 163, 176]}, {""label"": ""smoke"", ""score"": 0.0591, ""box"": [71, 29, 164, 188]}, {""label"": ""flame"", ""score"": 0.0582, ""box"": [200, 316, 238, 329]}, {""label"": ""smoke"", ""score"": 0.0581, ""box"": [28, 26, 398, 259]}, {""label"": ""flame"", ""score"": 0.0569, ""box"": [122, 62, 139, 80]}, {""label"": ""smoke"", ""score"": 0.0562, ""box"": [176, 280, 206, 297]}, {""label"": ""smoke"", ""score"": 0.056, ""box"": [23, 25, 164, 94]}, {""label"": ""flame"", ""score"": 0.0557, ""box"": [115, 60, 139, 80]}, {""label"": ""smoke"", ""score"": 0.0557, ""box"": [102, 25, 168, 81]}, {""label"": ""smoke"", ""score"": 0.055, ""box"": [194, 29, 370, 245]}, {""label"": ""smoke"", ""score"": 0.0542, ""box"": [176, 280, 207, 298]}, {""label"": ""smoke"", ""score"": 0.0534, ""box"": [25, 25, 255, 182]}, {""label"": ""flame"", ""score"": 0.0525, ""box"": [206, 316, 240, 328]}, {""label"": ""flame"", ""score"": 0.0514, ""box"": [241, 207, 296, 254]}, {""label"": ""smoke"", ""score"": 0.0505, ""box"": [222, 132, 297, 253]}]",1,1,1,0,1,1
house1,yolo,840,28.028,1,1,703.4,0.05318,0.836867,"[{""label"": ""flame"", ""score"": 0.8369, ""box"": [140, 25, 296, 254]}, {""label"": ""flame"", ""score"": 0.0693, ""box"": [235, 283, 250, 310]}, {""label"": ""smoke"", ""score"": 0.0532, ""box"": [260, 97, 366, 227]}]",0,1,1,0,1,1
house1,dfire_yolov8n,840,28.028,1,1,55.0,0.120018,0.794438,"[{""label"": ""flame"", ""score"": 0.7944, ""box"": [142, 42, 307, 258]}, {""label"": ""smoke"", ""score"": 0.12, ""box"": [26, 31, 331, 271]}, {""label"": ""smoke"", ""score"": 0.1106, ""box"": [24, 29, 169, 235]}]",0,1,1,0,1,1
house1,soul,840,28.028,1,1,49.9,0.0,0.90908,"[{""label"": ""flame"", ""score"": 0.9091, ""box"": [148, 27, 294, 253]}]",0,1,1,0,1,1
house1,pyronear,840,28.028,1,1,293.6,0.0,0.0,[],0,0,0,0,0,0
house1,dfine,870,29.029,1,1,384.7,0.143343,0.928747,"[{""label"": ""flame"", ""score"": 0.9287, ""box"": [91, 25, 329, 253]}, {""label"": ""flame"", ""score"": 0.1962, ""box"": [230, 282, 248, 304]}, {""label"": ""flame"", ""score"": 0.1619, ""box"": [177, 279, 248, 303]}, {""label"": ""smoke"", ""score"": 0.1433, ""box"": [312, 123, 420, 219]}, {""label"": ""smoke"", ""score"": 0.1093, ""box"": [312, 131, 399, 222]}, {""label"": ""smoke"", ""score"": 0.1015, ""box"": [310, 133, 377, 225]}, {""label"": ""flame"", ""score"": 0.0983, ""box"": [177, 279, 202, 294]}, {""label"": ""flame"", ""score"": 0.0739, ""box"": [304, 188, 332, 237]}, {""label"": ""flame"", ""score"": 0.0725, ""box"": [256, 218, 294, 253]}, {""label"": ""smoke"", ""score"": 0.0719, ""box"": [91, 25, 329, 253]}, {""label"": ""flame"", ""score"": 0.0714, ""box"": [229, 280, 280, 321]}, {""label"": ""smoke"", ""score"": 0.069, ""box"": [280, 60, 427, 224]}, {""label"": ""flame"", ""score"": 0.0682, ""box"": [176, 279, 223, 294]}, {""label"": ""flame"", ""score"": 0.0668, ""box"": [256, 215, 295, 253]}, {""label"": ""smoke"", ""score"": 0.0667, ""box"": [286, 74, 418, 230]}, {""label"": ""flame"", ""score"": 0.0619, ""box"": [176, 279, 220, 295]}, {""label"": ""flame"", ""score"": 0.0572, ""box"": [256, 211, 299, 253]}, {""label"": ""smoke"", ""score"": 0.0564, ""box"": [272, 33, 368, 220]}, {""label"": ""smoke"", ""score"": 0.0556, ""box"": [93, 24, 324, 130]}, {""label"": ""smoke"", ""score"": 0.0546, ""box"": [177, 279, 248, 303]}, {""label"": ""flame"", ""score"": 0.0543, ""box"": [255, 198, 301, 253]}, {""label"": ""smoke"", ""score"": 0.0534, ""box"": [22, 24, 124, 96]}, {""label"": ""smoke"", ""score"": 0.0515, ""box"": [22, 25, 145, 156]}, {""label"": ""smoke"", ""score"": 0.0511, ""box"": [280, 63, 378, 229]}]",0,1,1,0,1,1
house1,yolo,870,29.029,1,1,675.9,0.0,0.811056,"[{""label"": ""flame"", ""score"": 0.8111, ""box"": [105, 22, 334, 251]}, {""label"": ""flame"", ""score"": 0.1383, ""box"": [232, 282, 249, 304]}, {""label"": ""flame"", ""score"": 0.0555, ""box"": [263, 282, 276, 314]}]",0,1,1,0,1,1
house1,dfire_yolov8n,870,29.029,1,1,51.9,0.0,0.81156,"[{""label"": ""flame"", ""score"": 0.8116, ""box"": [92, 28, 351, 257]}]",0,1,1,0,1,1
house1,soul,870,29.029,1,1,52.6,0.0,0.934921,"[{""label"": ""flame"", ""score"": 0.9349, ""box"": [105, 25, 329, 251]}]",0,1,1,0,1,1
house1,pyronear,870,29.029,1,1,332.0,0.0,0.0,[],0,0,0,0,0,0
non_fire_patrolbot_onboard,dfine,0,0.0,0,0,389.2,0.0,0.0,[],0,0,0,0,0,0
non_fire_patrolbot_onboard,yolo,0,0.0,0,0,683.4,0.0,0.0,[],0,0,0,0,0,0
non_fire_patrolbot_onboard,dfire_yolov8n,0,0.0,0,0,53.9,0.0,0.0,[],0,0,0,0,0,0
non_fire_patrolbot_onboard,soul,0,0.0,0,0,61.7,0.0,0.052591,"[{""label"": ""flame"", ""score"": 0.0526, ""box"": [0, 159, 36, 622]}]",0,0,0,0,0,0
non_fire_patrolbot_onboard,pyronear,0,0.0,0,0,319.8,0.0,0.0,[],0,0,0,0,0,0
non_fire_patrolbot_onboard,dfine,30,1.001,0,0,392.7,0.0,0.0,[],0,0,0,0,0,0
non_fire_patrolbot_onboard,yolo,30,1.001,0,0,692.6,0.0,0.0,[],0,0,0,0,0,0
non_fire_patrolbot_onboard,dfire_yolov8n,30,1.001,0,0,60.2,0.0,0.0,[],0,0,0,0,0,0
non_fire_patrolbot_onboard,soul,30,1.001,0,0,55.0,0.0,0.0,[],0,0,0,0,0,0
non_fire_patrolbot_onboard,pyronear,30,1.001,0,0,312.9,0.0,0.0,[],0,0,0,0,0,0
non_fire_patrolbot_onboard,dfine,60,2.002,0,0,375.9,0.0,0.0,[],0,0,0,0,0,0
non_fire_patrolbot_onboard,yolo,60,2.002,0,0,680.3,0.0,0.0,[],0,0,0,0,0,0
non_fire_patrolbot_onboard,dfire_yolov8n,60,2.002,0,0,53.0,0.0,0.0,[],0,0,0,0,0,0
non_fire_patrolbot_onboard,soul,60,2.002,0,0,51.5,0.0,0.170776,"[{""label"": ""flame"", ""score"": 0.1708, ""box"": [20, 216, 225, 596]}]",0,0,0,0,0,0
non_fire_patrolbot_onboard,pyronear,60,2.002,0,0,309.7,0.0,0.0,[],0,0,0,0,0,0
non_fire_patrolbot_onboard,dfine,90,3.003,0,0,363.0,0.063934,0.0,"[{""label"": ""smoke"", ""score"": 0.0639, ""box"": [602, 163, 698, 258]}]",0,0,0,0,0,0
non_fire_patrolbot_onboard,yolo,90,3.003,0,0,680.0,0.0,0.0,[],0,0,0,0,0,0
non_fire_patrolbot_onboard,dfire_yolov8n,90,3.003,0,0,51.3,0.0,0.0,[],0,0,0,0,0,0
non_fire_patrolbot_onboard,soul,90,3.003,0,0,57.0,0.0,0.0,[],0,0,0,0,0,0
non_fire_patrolbot_onboard,pyronear,90,3.003,0,0,317.3,0.0,0.0,[],0,0,0,0,0,0
non_fire_patrolbot_onboard,dfine,120,4.004,0,0,371.2,0.0,0.0,[],0,0,0,0,0,0
non_fire_patrolbot_onboard,yolo,120,4.004,0,0,658.9,0.0,0.0,[],0,0,0,0,0,0
non_fire_patrolbot_onboard,dfire_yolov8n,120,4.004,0,0,53.7,0.0,0.0,[],0,0,0,0,0,0
non_fire_patrolbot_onboard,soul,120,4.004,0,0,60.6,0.0,0.121992,"[{""label"": ""flame"", ""score"": 0.122, ""box"": [746, 542, 779, 580]}]",0,0,0,0,0,0
non_fire_patrolbot_onboard,pyronear,120,4.004,0,0,307.3,0.0,0.0,[],0,0,0,0,0,0
non_fire_patrolbot_onboard,dfine,150,5.005,0,0,471.9,0.064501,0.0,"[{""label"": ""smoke"", ""score"": 0.0645, ""box"": [615, 114, 712, 225]}, {""label"": ""smoke"", ""score"": 0.0507, ""box"": [613, 2, 804, 221]}]",0,0,0,0,0,0
non_fire_patrolbot_onboard,yolo,150,5.005,0,0,679.7,0.0,0.0,[],0,0,0,0,0,0
non_fire_patrolbot_onboard,dfire_yolov8n,150,5.005,0,0,55.7,0.0,0.0,[],0,0,0,0,0,0
non_fire_patrolbot_onboard,soul,150,5.005,0,0,55.5,0.0,0.0,[],0,0,0,0,0,0
non_fire_patrolbot_onboard,pyronear,150,5.005,0,0,329.0,0.0,0.0,[],0,0,0,0,0,0
non_fire_patrolbot_onboard,dfine,180,6.006,0,0,373.8,0.0,0.0,[],0,0,0,0,0,0
non_fire_patrolbot_onboard,yolo,180,6.006,0,0,695.0,0.0,0.0,[],0,0,0,0,0,0
non_fire_patrolbot_onboard,dfire_yolov8n,180,6.006,0,0,57.6,0.0,0.0,[],0,0,0,0,0,0
non_fire_patrolbot_onboard,soul,180,6.006,0,0,57.5,0.0,0.214751,"[{""label"": ""flame"", ""score"": 0.2148, ""box"": [722, 535, 736, 574]}]",0,0,0,0,0,0
non_fire_patrolbot_onboard,pyronear,180,6.006,0,0,299.7,0.0,0.0,[],0,0,0,0,0,0
non_fire_patrolbot_onboard,dfine,210,7.007,0,0,378.1,0.0,0.0,[],0,0,0,0,0,0
non_fire_patrolbot_onboard,yolo,210,7.007,0,0,687.9,0.0,0.0,[],0,0,0,0,0,0
non_fire_patrolbot_onboard,dfire_yolov8n,210,7.007,0,0,51.2,0.0,0.0,[],0,0,0,0,0,0
non_fire_patrolbot_onboard,soul,210,7.007,0,0,53.7,0.0,0.186945,"[{""label"": ""flame"", ""score"": 0.1869, ""box"": [720, 532, 735, 578]}, {""label"": ""flame"", ""score"": 0.1145, ""box"": [716, 530, 738, 622]}]",0,0,0,0,0,0
non_fire_patrolbot_onboard,pyronear,210,7.007,0,0,331.4,0.0,0.0,[],0,0,0,0,0,0
non_fire_patrolbot_onboard,dfine,240,8.008,0,0,375.2,0.122688,0.059668,"[{""label"": ""smoke"", ""score"": 0.1227, ""box"": [499, 2, 634, 159]}, {""label"": ""smoke"", ""score"": 0.065, ""box"": [213, 2, 332, 182]}, {""label"": ""flame"", ""score"": 0.0597, ""box"": [499, 2, 634, 159]}, {""label"": ""smoke"", ""score"": 0.0558, ""box"": [484, 3, 642, 332]}, {""label"": ""smoke"", ""score"": 0.0541, ""box"": [399, 3, 645, 332]}, {""label"": ""smoke"", ""score"": 0.0533, ""box"": [492, 3, 639, 310]}, {""label"": ""smoke"", ""score"": 0.0522, ""box"": [593, 51, 662, 175]}]",0,0,0,0,0,0
non_fire_patrolbot_onboard,yolo,240,8.008,0,0,687.2,0.0,0.0,[],0,0,0,0,0,0
non_fire_patrolbot_onboard,dfire_yolov8n,240,8.008,0,0,55.9,0.0,0.0,[],0,0,0,0,0,0
non_fire_patrolbot_onboard,soul,240,8.008,0,0,58.5,0.0,0.112441,"[{""label"": ""flame"", ""score"": 0.1124, ""box"": [497, 4, 605, 143]}, {""label"": ""flame"", ""score"": 0.0654, ""box"": [379, 190, 422, 230]}, {""label"": ""flame"", ""score"": 0.0622, ""box"": [715, 532, 740, 634]}, {""label"": ""flame"", ""score"": 0.05, ""box"": [62, 416, 86, 483]}]",0,0,0,0,0,0
non_fire_patrolbot_onboard,pyronear,240,8.008,0,0,348.8,0.0,0.0,[],0,0,0,0,0,0
non_fire_patrolbot_onboard,dfine,270,9.009,0,0,389.7,0.0,0.0,[],0,0,0,0,0,0
non_fire_patrolbot_onboard,yolo,270,9.009,0,0,717.3,0.0,0.0,[],0,0,0,0,0,0
non_fire_patrolbot_onboard,dfire_yolov8n,270,9.009,0,0,53.1,0.0,0.0,[],0,0,0,0,0,0
non_fire_patrolbot_onboard,soul,270,9.009,0,0,50.2,0.0,0.2813,"[{""label"": ""flame"", ""score"": 0.2813, ""box"": [690, 263, 697, 312]}]",0,1,0,0,0,0
non_fire_patrolbot_onboard,pyronear,270,9.009,0,0,318.6,0.0,0.0,[],0,0,0,0,0,0
non_fire_patrolbot_onboard,dfine,300,10.01,0,0,407.2,0.0,0.0,[],0,0,0,0,0,0
non_fire_patrolbot_onboard,yolo,300,10.01,0,0,706.7,0.0,0.0,[],0,0,0,0,0,0
non_fire_patrolbot_onboard,dfire_yolov8n,300,10.01,0,0,55.4,0.0,0.0,[],0,0,0,0,0,0
non_fire_patrolbot_onboard,soul,300,10.01,0,0,53.3,0.0,0.282492,"[{""label"": ""flame"", ""score"": 0.2825, ""box"": [690, 263, 697, 312]}]",0,1,0,0,0,0
non_fire_patrolbot_onboard,pyronear,300,10.01,0,0,334.3,0.0,0.0,[],0,0,0,0,0,0
non_fire_patrolbot_onboard,dfine,330,11.011,0,0,353.8,0.0,0.0,[],0,0,0,0,0,0
non_fire_patrolbot_onboard,yolo,330,11.011,0,0,742.6,0.0,0.0,[],0,0,0,0,0,0
non_fire_patrolbot_onboard,dfire_yolov8n,330,11.011,0,0,50.3,0.0,0.0,[],0,0,0,0,0,0
non_fire_patrolbot_onboard,soul,330,11.011,0,0,55.0,0.0,0.310603,"[{""label"": ""flame"", ""score"": 0.3106, ""box"": [690, 263, 697, 312]}]",0,1,0,0,0,0
non_fire_patrolbot_onboard,pyronear,330,11.011,0,0,336.5,0.0,0.0,[],0,0,0,0,0,0
coolerbot,dfine,0,0.0,0,0,390.3,0.256203,0.068024,"[{""label"": ""smoke"", ""score"": 0.2562, ""box"": [718, 38, 786, 99]}, {""label"": ""smoke"", ""score"": 0.247, ""box"": [79, 325, 770, 423]}, {""label"": ""smoke"", ""score"": 0.1591, ""box"": [66, 115, 118, 263]}, {""label"": ""smoke"", ""score"": 0.1134, ""box"": [296, 345, 764, 422]}, {""label"": ""smoke"", ""score"": 0.1097, ""box"": [719, 38, 786, 76]}, {""label"": ""smoke"", ""score"": 0.1086, ""box"": [208, 335, 767, 422]}, {""label"": ""smoke"", ""score"": 0.103, ""box"": [66, 144, 113, 261]}, {""label"": ""smoke"", ""score"": 0.095, ""box"": [215, 340, 762, 422]}, {""label"": ""smoke"", ""score"": 0.0932, ""box"": [549, 364, 760, 423]}, {""label"": ""smoke"", ""score"": 0.0918, ""box"": [267, 344, 765, 423]}, {""label"": ""smoke"", ""score"": 0.0826, ""box"": [465, 360, 761, 422]}, {""label"": ""smoke"", ""score"": 0.0823, ""box"": [74, 246, 777, 426]}, {""label"": ""smoke"", ""score"": 0.0818, ""box"": [75, 326, 563, 408]}, {""label"": ""smoke"", ""score"": 0.0811, ""box"": [330, 353, 761, 422]}, {""label"": ""smoke"", ""score"": 0.0806, ""box"": [66, 163, 112, 262]}, {""label"": ""smoke"", ""score"": 0.0728, ""box"": [520, 252, 784, 417]}, {""label"": ""smoke"", ""score"": 0.0728, ""box"": [72, 246, 781, 426]}, {""label"": ""smoke"", ""score"": 0.0728, ""box"": [314, 353, 755, 420]}, {""label"": ""smoke"", ""score"": 0.0726, ""box"": [301, 289, 777, 422]}, {""label"": ""smoke"", ""score"": 0.0699, ""box"": [190, 292, 775, 422]}, {""label"": ""smoke"", ""score"": 0.0688, ""box"": [654, 365, 693, 381]}, {""label"": ""smoke"", ""score"": 0.0685, ""box"": [72, 202, 780, 425]}, {""label"": ""flame"", ""score"": 0.068, ""box"": [718, 38, 786, 99]}, {""label"": ""smoke"", ""score"": 0.0652, ""box"": [72, 167, 779, 425]}, {""label"": ""smoke"", ""score"": 0.0652, ""box"": [66, 181, 112, 262]}, {""label"": ""smoke"", ""score"": 0.0644, ""box"": [66, 42, 127, 263]}, {""label"": ""smoke"", ""score"": 0.0642, ""box"": [646, 366, 747, 419]}, {""label"": ""smoke"", ""score"": 0.0642, ""box"": [403, 308, 768, 421]}, {""label"": ""smoke"", ""score"": 0.0636, ""box"": [303, 350, 559, 407]}, {""label"": ""smoke"", ""score"": 0.0635, ""box"": [71, 127, 780, 424]}, {""label"": ""smoke"", ""score"": 0.0635, ""box"": [67, 108, 192, 263]}, {""label"": ""smoke"", ""score"": 0.0602, ""box"": [221, 337, 565, 408]}, {""label"": ""smoke"", ""score"": 0.0601, ""box"": [540, 286, 782, 420]}, {""label"": ""smoke"", ""score"": 0.0597, ""box"": [527, 268, 782, 418]}, {""label"": ""smoke"", ""score"": 0.0597, ""box"": [335, 356, 756, 420]}, {""label"": ""smoke"", ""score"": 0.0587, ""box"": [397, 348, 763, 422]}, {""label"": ""smoke"", ""score"": 0.0566, ""box"": [297, 351, 563, 408]}, {""label"": ""smoke"", ""score"": 0.0564, ""box"": [80, 327, 649, 411]}, {""label"": ""smoke"", ""score"": 0.0555, ""box"": [71, 103, 781, 423]}, {""label"": ""smoke"", ""score"": 0.0552, ""box"": [67, 115, 207, 261]}, {""label"": ""smoke"", ""score"": 0.055, ""box"": [164, 142, 211, 186]}, {""label"": ""smoke"", ""score"": 0.054, ""box"": [72, 40, 782, 422]}, {""label"": ""smoke"", ""score"": 0.0537, ""box"": [298, 347, 509, 406]}, {""label"": ""smoke"", ""score"": 0.0537, ""box"": [295, 346, 485, 405]}, {""label"": ""smoke"", ""score"": 0.0528, ""box"": [71, 79, 781, 424]}, {""label"": ""smoke"", ""score"": 0.0521, ""box"": [289, 265, 781, 422]}, {""label"": ""smoke"", ""score"": 0.0515, ""box"": [636, 366, 756, 422]}, {""label"": ""smoke"", ""score"": 0.0505, ""box"": [503, 285, 532, 337]}, {""label"": ""flame"", ""score"": 0.0501, ""box"": [79, 325, 770, 423]}, {""label"": ""smoke"", ""score"": 0.05, ""box"": [637, 366, 778, 423]}]",1,0,0,0,0,0
coolerbot,yolo,0,0.0,0,0,719.7,0.097949,0.0,"[{""label"": ""smoke"", ""score"": 0.0979, ""box"": [60, 330, 791, 410]}]",0,0,0,0,0,0
coolerbot,dfire_yolov8n,0,0.0,0,0,58.0,0.0,0.0,[],0,0,0,0,0,0
coolerbot,soul,0,0.0,0,0,57.3,0.0,0.051093,"[{""label"": ""flame"", ""score"": 0.0511, ""box"": [625, 232, 657, 261]}]",0,0,0,0,0,0
coolerbot,pyronear,0,0.0,0,0,314.8,0.0,0.0,[],0,0,0,0,0,0
coolerbot,dfine,30,1.001,0,0,368.6,0.155547,0.0,"[{""label"": ""smoke"", ""score"": 0.1555, ""box"": [694, 38, 786, 108]}, {""label"": ""smoke"", ""score"": 0.0651, ""box"": [694, 38, 786, 80]}, {""label"": ""smoke"", ""score"": 0.0549, ""box"": [640, 173, 688, 202]}]",0,0,0,0,0,0
coolerbot,yolo,30,1.001,0,0,679.4,0.0,0.0,[],0,0,0,0,0,0
coolerbot,dfire_yolov8n,30,1.001,0,0,56.6,0.0,0.0,[],0,0,0,0,0,0
coolerbot,soul,30,1.001,0,0,47.5,0.0,0.159385,"[{""label"": ""flame"", ""score"": 0.1594, ""box"": [504, 291, 530, 344]}, {""label"": ""flame"", ""score"": 0.0688, ""box"": [505, 294, 554, 364]}]",0,0,0,0,0,0
coolerbot,pyronear,30,1.001,0,0,319.4,0.061513,0.0,"[{""label"": ""smoke"", ""score"": 0.0615, ""box"": [640, 173, 689, 202]}]",0,0,0,0,0,0
coolerbot,dfine,60,2.002,0,0,383.2,0.090782,0.0,"[{""label"": ""smoke"", ""score"": 0.0908, ""box"": [540, 284, 569, 339]}, {""label"": ""smoke"", ""score"": 0.0639, ""box"": [680, 161, 730, 192]}, {""label"": ""smoke"", ""score"": 0.0556, ""box"": [304, 98, 328, 125]}]",0,0,0,0,0,0
coolerbot,yolo,60,2.002,0,0,646.9,0.0,0.0,[],0,0,0,0,0,0
coolerbot,dfire_yolov8n,60,2.002,0,0,51.4,0.0,0.0,[],0,0,0,0,0,0
coolerbot,soul,60,2.002,0,0,52.9,0.0,0.074756,"[{""label"": ""flame"", ""score"": 0.0748, ""box"": [544, 285, 565, 306]}]",0,0,0,0,0,0
coolerbot,pyronear,60,2.002,0,0,317.7,0.0,0.0,[],0,0,0,0,0,0
coolerbot,dfine,90,3.003,0,0,396.9,0.073043,0.0,"[{""label"": ""smoke"", ""score"": 0.073, ""box"": [569, 274, 600, 328]}, {""label"": ""smoke"", ""score"": 0.0637, ""box"": [711, 145, 761, 177]}]",0,0,0,0,0,0
coolerbot,yolo,90,3.003,0,0,697.2,0.0,0.0,[],0,0,0,0,0,0
coolerbot,dfire_yolov8n,90,3.003,0,0,53.3,0.0,0.0,[],0,0,0,0,0,0
coolerbot,soul,90,3.003,0,0,52.0,0.0,0.0,[],0,0,0,0,0,0
coolerbot,pyronear,90,3.003,0,0,312.6,0.0,0.0,[],0,0,0,0,0,0
coolerbot,dfine,120,4.004,0,0,368.9,0.066991,0.0,"[{""label"": ""smoke"", ""score"": 0.067, ""box"": [67, 63, 157, 264]}, {""label"": ""smoke"", ""score"": 0.0551, ""box"": [67, 63, 152, 264]}]",0,0,0,0,0,0
coolerbot,yolo,120,4.004,0,0,688.6,0.0,0.0,[],0,0,0,0,0,0
coolerbot,dfire_yolov8n,120,4.004,0,0,54.7,0.0,0.0,[],0,0,0,0,0,0
coolerbot,soul,120,4.004,0,0,58.1,0.0,0.0,[],0,0,0,0,0,0
coolerbot,pyronear,120,4.004,0,0,317.0,0.0,0.0,[],0,0,0,0,0,0
coolerbot,dfine,150,5.005,0,0,369.7,0.338712,0.0,"[{""label"": ""smoke"", ""score"": 0.3387, ""box"": [67, 66, 155, 265]}, {""label"": ""smoke"", ""score"": 0.0761, ""box"": [67, 40, 150, 202]}, {""label"": ""smoke"", ""score"": 0.0751, ""box"": [67, 69, 147, 190]}, {""label"": ""smoke"", ""score"": 0.072, ""box"": [66, 20, 172, 267]}, {""label"": ""smoke"", ""score"": 0.0713, ""box"": [67, 43, 269, 266]}, {""label"": ""smoke"", ""score"": 0.0709, ""box"": [444, 173, 458, 200]}, {""label"": ""smoke"", ""score"": 0.0655, ""box"": [67, 69, 138, 169]}, {""label"": ""smoke"", ""score"": 0.0646, ""box"": [737, 140, 785, 175]}, {""label"": ""smoke"", ""score"": 0.0605, ""box"": [67, 40, 139, 167]}, {""label"": ""smoke"", ""score"": 0.0603, ""box"": [67, 70, 150, 207]}, {""label"": ""smoke"", ""score"": 0.0595, ""box"": [274, 174, 317, 201]}, {""label"": ""smoke"", ""score"": 0.0581, ""box"": [67, 40, 164, 177]}, {""label"": ""smoke"", ""score"": 0.0566, ""box"": [602, 275, 635, 334]}, {""label"": ""smoke"", ""score"": 0.0557, ""box"": [475, 131, 550, 178]}, {""label"": ""smoke"", ""score"": 0.0521, ""box"": [66, 38, 111, 91]}, {""label"": ""smoke"", ""score"": 0.05, ""box"": [67, 48, 188, 314]}]",1,0,0,0,0,0
coolerbot,yolo,150,5.005,0,0,707.1,0.0,0.0,[],0,0,0,0,0,0
coolerbot,dfire_yolov8n,150,5.005,0,0,55.9,0.059226,0.0,"[{""label"": ""smoke"", ""score"": 0.0592, ""box"": [469, 125, 581, 225]}]",0,0,0,0,0,0
coolerbot,soul,150,5.005,0,0,55.2,0.0,0.14857,"[{""label"": ""flame"", ""score"": 0.1486, ""box"": [280, 152, 298, 177]}]",0,0,0,0,0,0
coolerbot,pyronear,150,5.005,0,0,311.3,0.0,0.0,[],0,0,0,0,0,0
coolerbot,dfine,180,6.006,0,0,384.0,0.05406,0.056491,"[{""label"": ""flame"", ""score"": 0.0565, ""box"": [379, 273, 412, 332]}, {""label"": ""smoke"", ""score"": 0.0541, ""box"": [85, 183, 101, 204]}, {""label"": ""smoke"", ""score"": 0.0538, ""box"": [70, 182, 102, 240]}, {""label"": ""smoke"", ""score"": 0.0517, ""box"": [81, 183, 101, 239]}, {""label"": ""flame"", ""score"": 0.0513, ""box"": [380, 273, 411, 305]}]",0,0,0,0,0,0
coolerbot,yolo,180,6.006,0,0,681.0,0.0,0.0,[],0,0,0,0,0,0
coolerbot,dfire_yolov8n,180,6.006,0,0,60.6,0.10143,0.435241,"[{""label"": ""flame"", ""score"": 0.4352, ""box"": [380, 274, 411, 329]}, {""label"": ""smoke"", ""score"": 0.1014, ""box"": [250, 123, 382, 230]}]",0,1,0,0,0,0
coolerbot,soul,180,6.006,0,0,51.6,0.0,0.314802,"[{""label"": ""flame"", ""score"": 0.3148, ""box"": [366, 37, 458, 86]}]",0,1,0,0,0,0
coolerbot,pyronear,180,6.006,0,0,347.9,0.0,0.0,[],0,0,0,0,0,0
coolerbot,dfine,210,7.007,0,0,384.6,0.062212,0.0,"[{""label"": ""smoke"", ""score"": 0.0622, ""box"": [531, 134, 593, 181]}]",0,0,0,0,0,0
coolerbot,yolo,210,7.007,0,0,720.6,0.0,0.0,[],0,0,0,0,0,0
coolerbot,dfire_yolov8n,210,7.007,0,0,52.0,0.265349,0.499892,"[{""label"": ""flame"", ""score"": 0.4999, ""box"": [417, 267, 450, 327]}, {""label"": ""smoke"", ""score"": 0.2653, ""box"": [293, 116, 396, 227]}]",1,1,0,0,0,0
coolerbot,soul,210,7.007,0,0,56.8,0.0,0.0,[],0,0,0,0,0,0
coolerbot,pyronear,210,7.007,0,0,311.1,0.0,0.0,[],0,0,0,0,0,0
coolerbot,dfine,240,8.008,0,0,391.8,0.054196,0.0,"[{""label"": ""smoke"", ""score"": 0.0542, ""box"": [642, 179, 683, 198]}]",0,0,0,0,0,0
coolerbot,yolo,240,8.008,0,0,698.8,0.0,0.0,[],0,0,0,0,0,0
coolerbot,dfire_yolov8n,240,8.008,0,0,48.8,0.572278,0.330591,"[{""label"": ""smoke"", ""score"": 0.5723, ""box"": [299, 123, 411, 229]}, {""label"": ""flame"", ""score"": 0.3306, ""box"": [417, 267, 450, 325]}]",1,1,0,1,0,0
coolerbot,soul,240,8.008,0,0,55.8,0.0,0.0,[],0,0,0,0,0,0
coolerbot,pyronear,240,8.008,0,0,320.1,0.0,0.0,[],0,0,0,0,0,0
coolerbot,dfine,270,9.009,0,0,375.5,0.0,0.0,[],0,0,0,0,0,0
coolerbot,yolo,270,9.009,0,0,715.9,0.0,0.0,[],0,0,0,0,0,0
coolerbot,dfire_yolov8n,270,9.009,0,0,50.6,0.582844,0.095156,"[{""label"": ""smoke"", ""score"": 0.5828, ""box"": [297, 122, 413, 226]}, {""label"": ""flame"", ""score"": 0.0952, ""box"": [416, 266, 450, 326]}, {""label"": ""smoke"", ""score"": 0.0636, ""box"": [321, 159, 409, 221]}]",1,0,0,1,0,0
coolerbot,soul,270,9.009,0,0,55.6,0.0,0.319089,"[{""label"": ""flame"", ""score"": 0.3191, ""box"": [376, 266, 538, 367]}]",0,1,0,0,0,0
coolerbot,pyronear,270,9.009,0,0,345.3,0.0,0.0,[],0,0,0,0,0,0
coolerbot,dfine,300,10.01,0,0,398.9,0.0,0.0,[],0,0,0,0,0,0
coolerbot,yolo,300,10.01,0,0,680.4,0.0,0.0,[],0,0,0,0,0,0
coolerbot,dfire_yolov8n,300,10.01,0,0,55.2,0.431576,0.343863,"[{""label"": ""smoke"", ""score"": 0.4316, ""box"": [294, 120, 409, 225]}, {""label"": ""flame"", ""score"": 0.3439, ""box"": [417, 267, 450, 327]}]",1,1,0,0,0,0
coolerbot,soul,300,10.01,0,0,54.2,0.0,0.0,[],0,0,0,0,0,0
coolerbot,pyronear,300,10.01,0,0,306.8,0.0,0.0,[],0,0,0,0,0,0
coolerbot,dfine,330,11.011,0,0,423.8,0.060725,0.0,"[{""label"": ""smoke"", ""score"": 0.0607, ""box"": [569, 175, 595, 219]}]",0,0,0,0,0,0
coolerbot,yolo,330,11.011,0,0,737.3,0.0,0.0,[],0,0,0,0,0,0
coolerbot,dfire_yolov8n,330,11.011,0,0,54.9,0.33546,0.153803,"[{""label"": ""smoke"", ""score"": 0.3355, ""box"": [293, 122, 414, 224]}, {""label"": ""flame"", ""score"": 0.1538, ""box"": [417, 267, 451, 326]}]",1,0,0,0,0,0
coolerbot,soul,330,11.011,0,0,52.4,0.0,0.079129,"[{""label"": ""flame"", ""score"": 0.0791, ""box"": [365, 256, 545, 374]}]",0,0,0,0,0,0
coolerbot,pyronear,330,11.011,0,0,309.6,0.0,0.0,[],0,0,0,0,0,0
coolerbot,dfine,360,12.012,0,0,374.7,0.0,0.0,[],0,0,0,0,0,0
coolerbot,yolo,360,12.012,0,0,715.6,0.0,0.0,[],0,0,0,0,0,0
coolerbot,dfire_yolov8n,360,12.012,0,0,52.3,0.300004,0.0,"[{""label"": ""smoke"", ""score"": 0.3, ""box"": [295, 121, 411, 224]}]",1,0,0,0,0,0
coolerbot,soul,360,12.012,0,0,54.3,0.0,0.128586,"[{""label"": ""flame"", ""score"": 0.1286, ""box"": [306, 254, 544, 375]}]",0,0,0,0,0,0
coolerbot,pyronear,360,12.012,0,0,333.4,0.0,0.0,[],0,0,0,0,0,0
coolerbot,dfine,390,13.013,0,0,395.3,0.626372,0.05027,"[{""label"": ""smoke"", ""score"": 0.6264, ""box"": [610, 63, 735, 264]}, {""label"": ""smoke"", ""score"": 0.4185, ""box"": [608, 58, 784, 264]}, {""label"": ""smoke"", ""score"": 0.254, ""box"": [610, 64, 783, 264]}, {""label"": ""smoke"", ""score"": 0.1986, ""box"": [404, 39, 783, 263]}, {""label"": ""smoke"", ""score"": 0.1463, ""box"": [405, 40, 768, 263]}, {""label"": ""smoke"", ""score"": 0.1231, ""box"": [709, 156, 785, 200]}, {""label"": ""smoke"", ""score"": 0.1159, ""box"": [708, 143, 785, 201]}, {""label"": ""smoke"", ""score"": 0.1003, ""box"": [401, 40, 576, 172]}, {""label"": ""smoke"", ""score"": 0.0867, ""box"": [742, 84, 786, 146]}, {""label"": ""smoke"", ""score"": 0.0778, ""box"": [738, 56, 786, 148]}, {""label"": ""smoke"", ""score"": 0.0719, ""box"": [610, 63, 707, 158]}, {""label"": ""smoke"", ""score"": 0.0702, ""box"": [707, 160, 778, 197]}, {""label"": ""smoke"", ""score"": 0.0658, ""box"": [610, 60, 709, 150]}, {""label"": ""smoke"", ""score"": 0.0653, ""box"": [750, 129, 786, 155]}, {""label"": ""smoke"", ""score"": 0.0641, ""box"": [708, 162, 778, 198]}, {""label"": ""smoke"", ""score"": 0.0634, ""box"": [725, 40, 786, 145]}, {""label"": ""smoke"", ""score"": 0.0632, ""box"": [706, 48, 786, 209]}, {""label"": ""smoke"", ""score"": 0.063, ""box"": [619, 201, 663, 267]}, {""label"": ""smoke"", ""score"": 0.0626, ""box"": [693, 42, 786, 197]}, {""label"": ""smoke"", ""score"": 0.0625, ""box"": [610, 65, 711, 182]}, {""label"": ""smoke"", ""score"": 0.0614, ""box"": [697, 49, 786, 203]}, {""label"": ""smoke"", ""score"": 0.0582, ""box"": [405, 39, 782, 198]}, {""label"": ""smoke"", ""score"": 0.0573, ""box"": [610, 68, 698, 172]}, {""label"": ""smoke"", ""score"": 0.0568, ""box"": [612, 41, 785, 162]}, {""label"": ""smoke"", ""score"": 0.0549, ""box"": [405, 39, 781, 203]}, {""label"": ""smoke"", ""score"": 0.0548, ""box"": [610, 65, 698, 157]}, {""label"": ""smoke"", ""score"": 0.0539, ""box"": [548, 344, 786, 442]}, {""label"": ""smoke"", ""score"": 0.0534, ""box"": [641, 206, 718, 264]}, {""label"": ""smoke"", ""score"": 0.0521, ""box"": [739, 72, 786, 175]}, {""label"": ""flame"", ""score"": 0.0503, ""box"": [610, 63, 735, 264]}]",1,0,0,1,0,0
coolerbot,yolo,390,13.013,0,0,719.4,0.0,0.0,[],0,0,0,0,0,0
coolerbot,dfire_yolov8n,390,13.013,0,0,52.5,0.0,0.0,[],0,0,0,0,0,0
coolerbot,soul,390,13.013,0,0,54.6,0.0,0.0,[],0,0,0,0,0,0
coolerbot,pyronear,390,13.013,0,0,308.7,0.0,0.0,[],0,0,0,0,0,0
coolerbot,dfine,420,14.014,0,0,376.2,0.0,0.0,[],0,0,0,0,0,0
coolerbot,yolo,420,14.014,0,0,674.6,0.0,0.0,[],0,0,0,0,0,0
coolerbot,dfire_yolov8n,420,14.014,0,0,55.5,0.0,0.0,[],0,0,0,0,0,0
coolerbot,soul,420,14.014,0,0,54.6,0.0,0.067502,"[{""label"": ""flame"", ""score"": 0.0675, ""box"": [398, 38, 451, 224]}]",0,0,0,0,0,0
coolerbot,pyronear,420,14.014,0,0,311.3,0.0,0.0,[],0,0,0,0,0,0
coolerbot,dfine,450,15.015,0,0,394.0,0.421596,0.475074,"[{""label"": ""flame"", ""score"": 0.4751, ""box"": [622, 319, 655, 344]}, {""label"": ""smoke"", ""score"": 0.4216, ""box"": [484, 69, 571, 232]}, {""label"": ""smoke"", ""score"": 0.3822, ""box"": [711, 112, 772, 271]}, {""label"": ""smoke"", ""score"": 0.3779, ""box"": [516, 78, 569, 233]}, {""label"": ""smoke"", ""score"": 0.3147, ""box"": [426, 59, 572, 232]}, {""label"": ""flame"", ""score"": 0.2823, ""box"": [621, 316, 671, 345]}, {""label"": ""smoke"", ""score"": 0.2215, ""box"": [471, 66, 572, 297]}, {""label"": ""smoke"", ""score"": 0.1994, ""box"": [196, 122, 275, 163]}, {""label"": ""flame"", ""score"": 0.1738, ""box"": [647, 78, 666, 99]}, {""label"": ""flame"", ""score"": 0.1592, ""box"": [514, 296, 530, 305]}, {""label"": ""smoke"", ""score"": 0.1589, ""box"": [525, 132, 567, 231]}, {""label"": ""smoke"", ""score"": 0.158, ""box"": [681, 105, 775, 273]}, {""label"": ""smoke"", ""score"": 0.1572, ""box"": [454, 40, 572, 221]}, {""label"": ""flame"", ""score"": 0.1539, ""box"": [481, 239, 569, 297]}, {""label"": ""smoke"", ""score"": 0.1501, ""box"": [421, 68, 569, 134]}, {""label"": ""smoke"", ""score"": 0.1498, ""box"": [195, 123, 260, 156]}, {""label"": ""smoke"", ""score"": 0.1422, ""box"": [622, 319, 655, 344]}, {""label"": ""smoke"", ""score"": 0.1376, ""box"": [525, 145, 567, 240]}, {""label"": ""smoke"", ""score"": 0.1317, ""box"": [437, 40, 668, 230]}, {""label"": ""smoke"", ""score"": 0.1301, ""box"": [473, 41, 657, 231]}, {""label"": ""smoke"", ""score"": 0.1272, ""box"": [715, 113, 769, 218]}, {""label"": ""smoke"", ""score"": 0.1245, ""box"": [631, 46, 775, 271]}, {""label"": ""smoke"", ""score"": 0.1213, ""box"": [488, 72, 570, 127]}, {""label"": ""smoke"", ""score"": 0.1142, ""box"": [430, 40, 771, 261]}, {""label"": ""smoke"", ""score"": 0.112, ""box"": [620, 88, 771, 272]}, {""label"": ""smoke"", ""score"": 0.1116, ""box"": [83, 78, 275, 162]}, {""label"": ""smoke"", ""score"": 0.1099, ""box"": [430, 40, 770, 246]}, {""label"": ""smoke"", ""score"": 0.1066, ""box"": [187, 99, 276, 163]}, {""label"": ""smoke"", ""score"": 0.1057, ""box"": [697, 107, 782, 344]}, {""label"": ""flame"", ""score"": 0.1047, ""box"": [513, 285, 542, 305]}, {""label"": ""smoke"", ""score"": 0.1044, ""box"": [580, 41, 776, 271]}, {""label"": ""smoke"", ""score"": 0.104, ""box"": [587, 42, 774, 270]}, {""label"": ""smoke"", ""score"": 0.1034, ""box"": [310, 184, 373, 218]}, {""label"": ""smoke"", ""score"": 0.1032, ""box"": [80, 52, 279, 162]}, {""label"": ""smoke"", ""score"": 0.1028, ""box"": [429, 40, 771, 252]}, {""label"": ""flame"", ""score"": 0.1001, ""box"": [650, 316, 674, 345]}, {""label"": ""flame"", ""score"": 0.0993, ""box"": [528, 285, 543, 294]}, {""label"": ""smoke"", ""score"": 0.0986, ""box"": [525, 145, 567, 235]}, {""label"": ""smoke"", ""score"": 0.0982, ""box"": [221, 126, 276, 163]}, {""label"": ""smoke"", ""score"": 0.0979, ""box"": [424, 40, 775, 272]}, {""label"": ""smoke"", ""score"": 0.0977, ""box"": [423, 39, 601, 238]}, {""label"": ""smoke"", ""score"": 0.0945, ""box"": [637, 74, 774, 271]}, {""label"": ""smoke"", ""score"": 0.0944, ""box"": [412, 44, 573, 295]}, {""label"": ""smoke"", ""score"": 0.0937, ""box"": [127, 91, 275, 161]}, {""label"": ""smoke"", ""score"": 0.091, ""box"": [529, 61, 773, 276]}, {""label"": ""smoke"", ""score"": 0.0881, ""box"": [515, 43, 773, 262]}, {""label"": ""smoke"", ""score"": 0.0874, ""box"": [458, 41, 631, 237]}, {""label"": ""smoke"", ""score"": 0.0868, ""box"": [81, 90, 138, 121]}, {""label"": ""flame"", ""score"": 0.0865, ""box"": [711, 112, 772, 271]}, {""label"": ""smoke"", ""score"": 0.0864, ""box"": [701, 110, 769, 206]}, {""label"": ""flame"", ""score"": 0.0863, ""box"": [548, 249, 571, 272]}, {""label"": ""smoke"", ""score"": 0.0815, ""box"": [464, 38, 668, 116]}, {""label"": ""smoke"", ""score"": 0.0811, ""box"": [423, 40, 571, 156]}, {""label"": ""smoke"", ""score"": 0.081, ""box"": [106, 93, 276, 164]}, {""label"": ""smoke"", ""score"": 0.0806, ""box"": [423, 41, 776, 305]}, {""label"": ""smoke"", ""score"": 0.0799, ""box"": [607, 75, 776, 300]}, {""label"": ""smoke"", ""score"": 0.0796, ""box"": [622, 42, 772, 267]}, {""label"": ""smoke"", ""score"": 0.0788, ""box"": [586, 41, 774, 268]}, {""label"": ""smoke"", ""score"": 0.0787, ""box"": [67, 203, 135, 281]}, {""label"": ""smoke"", ""score"": 0.0765, ""box"": [491, 69, 569, 186]}, {""label"": ""smoke"", ""score"": 0.0762, ""box"": [211, 125, 257, 154]}, {""label"": ""smoke"", ""score"": 0.076, ""box"": [189, 67, 279, 163]}, {""label"": ""smoke"", ""score"": 0.0758, ""box"": [564, 38, 671, 103]}, {""label"": ""smoke"", ""score"": 0.0753, ""box"": [720, 205, 770, 272]}, {""label"": ""smoke"", ""score"": 0.0752, ""box"": [466, 40, 571, 146]}, {""label"": ""smoke"", ""score"": 0.0741, ""box"": [424, 40, 774, 267]}, {""label"": ""smoke"", ""score"": 0.0737, ""box"": [420, 62, 569, 174]}, {""label"": ""smoke"", ""score"": 0.0727, ""box"": [464, 40, 572, 136]}, {""label"": ""smoke"", ""score"": 0.072, ""box"": [154, 67, 280, 165]}, {""label"": ""smoke"", ""score"": 0.0715, ""box"": [621, 96, 778, 341]}, {""label"": ""smoke"", ""score"": 0.0713, ""box"": [631, 76, 672, 147]}, {""label"": ""flame"", ""score"": 0.0708, ""box"": [634, 77, 670, 128]}, {""label"": ""smoke"", ""score"": 0.0694, ""box"": [363, 39, 615, 225]}, {""label"": ""smoke"", ""score"": 0.0688, ""box"": [429, 38, 669, 130]}, {""label"": ""smoke"", ""score"": 0.0678, ""box"": [99, 83, 269, 158]}, {""label"": ""smoke"", ""score"": 0.0676, ""box"": [171, 93, 280, 166]}, {""label"": ""smoke"", ""score"": 0.0671, ""box"": [442, 38, 659, 129]}, {""label"": ""smoke"", ""score"": 0.0667, ""box"": [431, 42, 777, 349]}, {""label"": ""smoke"", ""score"": 0.0665, ""box"": [424, 39, 599, 154]}, {""label"": ""smoke"", ""score"": 0.0663, ""box"": [672, 87, 781, 312]}, {""label"": ""smoke"", ""score"": 0.0662, ""box"": [421, 40, 776, 294]}, {""label"": ""smoke"", ""score"": 0.0659, ""box"": [67, 168, 145, 281]}, {""label"": ""smoke"", ""score"": 0.0655, ""box"": [527, 190, 565, 243]}, {""label"": ""smoke"", ""score"": 0.0653, ""box"": [621, 316, 671, 345]}, {""label"": ""smoke"", ""score"": 0.065, ""box"": [420, 39, 572, 221]}, {""label"": ""smoke"", ""score"": 0.0633, ""box"": [463, 41, 571, 147]}, {""label"": ""smoke"", ""score"": 0.0601, ""box"": [512, 73, 568, 189]}, {""label"": ""flame"", ""score"": 0.0598, ""box"": [484, 265, 544, 303]}, {""label"": ""smoke"", ""score"": 0.0597, ""box"": [647, 78, 666, 99]}, {""label"": ""smoke"", ""score"": 0.0597, ""box"": [371, 40, 580, 234]}, {""label"": ""smoke"", ""score"": 0.0588, ""box"": [587, 70, 777, 334]}, {""label"": ""smoke"", ""score"": 0.0585, ""box"": [173, 41, 575, 229]}, {""label"": ""flame"", ""score"": 0.0568, ""box"": [482, 245, 546, 291]}, {""label"": ""smoke"", ""score"": 0.0563, ""box"": [469, 39, 622, 118]}, {""label"": ""smoke"", ""score"": 0.0561, ""box"": [467, 38, 656, 103]}, {""label"": ""smoke"", ""score"": 0.0558, ""box"": [466, 39, 610, 143]}, {""label"": ""smoke"", ""score"": 0.0556, ""box"": [426, 39, 634, 154]}, {""label"": ""smoke"", ""score"": 0.0551, ""box"": [514, 296, 530, 305]}, {""label"": ""smoke"", ""score"": 0.0549, ""box"": [483, 38, 776, 155]}, {""label"": ""smoke"", ""score"": 0.0541, ""box"": [421, 39, 570, 175]}, {""label"": ""smoke"", ""score"": 0.0536, ""box"": [87, 93, 134, 120]}, {""label"": ""smoke"", ""score"": 0.0532, ""box"": [433, 41, 778, 354]}, {""label"": ""smoke"", ""score"": 0.0525, ""box"": [701, 108, 783, 309]}, {""label"": ""smoke"", ""score"": 0.0524, ""box"": [642, 75, 778, 322]}, {""label"": ""smoke"", ""score"": 0.0522, ""box"": [432, 38, 769, 163]}, {""label"": ""smoke"", ""score"": 0.052, ""box"": [470, 38, 577, 91]}, {""label"": ""flame"", ""score"": 0.0519, ""box"": [550, 249, 566, 260]}, {""label"": ""smoke"", ""score"": 0.0518, ""box"": [481, 239, 569, 297]}, {""label"": ""smoke"", ""score"": 0.0514, ""box"": [557, 38, 668, 119]}, {""label"": ""smoke"", ""score"": 0.0514, ""box"": [546, 40, 771, 203]}, {""label"": ""smoke"", ""score"": 0.0513, ""box"": [605, 42, 772, 204]}, {""label"": ""smoke"", ""score"": 0.0511, ""box"": [611, 104, 782, 412]}, {""label"": ""smoke"", ""score"": 0.0506, ""box"": [101, 101, 132, 119]}]",1,1,0,0,0,0
coolerbot,yolo,450,15.015,0,0,731.8,0.067189,0.0,"[{""label"": ""smoke"", ""score"": 0.0672, ""box"": [194, 124, 277, 162]}]",0,0,0,0,0,0
coolerbot,dfire_yolov8n,450,15.015,0,0,52.9,0.0,0.0,[],0,0,0,0,0,0
coolerbot,soul,450,15.015,0,0,49.2,0.0,0.30539,"[{""label"": ""flame"", ""score"": 0.3054, ""box"": [625, 318, 659, 342]}]",0,1,0,0,0,0
coolerbot,pyronear,450,15.015,0,0,340.0,0.0,0.0,[],0,0,0,0,0,0
coolerbot,dfine,480,16.016,0,0,374.7,0.388818,0.0,"[{""label"": ""smoke"", ""score"": 0.3888, ""box"": [144, 102, 194, 129]}, {""label"": ""smoke"", ""score"": 0.098, ""box"": [69, 90, 195, 141]}, {""label"": ""smoke"", ""score"": 0.0962, ""box"": [69, 79, 195, 142]}, {""label"": ""smoke"", ""score"": 0.088, ""box"": [365, 189, 428, 223]}, {""label"": ""smoke"", ""score"": 0.0796, ""box"": [68, 88, 123, 145]}, {""label"": ""smoke"", ""score"": 0.0787, ""box"": [98, 100, 194, 139]}, {""label"": ""smoke"", ""score"": 0.0656, ""box"": [69, 49, 196, 140]}, {""label"": ""smoke"", ""score"": 0.0553, ""box"": [68, 78, 123, 142]}, {""label"": ""smoke"", ""score"": 0.0542, ""box"": [101, 122, 120, 140]}]",1,0,0,0,0,0
coolerbot,yolo,480,16.016,0,0,588.5,0.078521,0.0,"[{""label"": ""smoke"", ""score"": 0.0785, ""box"": [136, 100, 346, 175]}]",0,0,0,0,0,0
coolerbot,dfire_yolov8n,480,16.016,0,0,43.0,0.0,0.0,[],0,0,0,0,0,0
coolerbot,soul,480,16.016,0,0,47.5,0.0,0.440507,"[{""label"": ""flame"", ""score"": 0.4405, ""box"": [672, 325, 701, 349]}, {""label"": ""flame"", ""score"": 0.3529, ""box"": [670, 323, 722, 350]}]",0,1,0,0,0,0
coolerbot,pyronear,480,16.016,0,0,292.3,0.0,0.0,[],0,0,0,0,0,0
coolerbot,dfine,510,17.017,0,0,404.3,0.232612,0.0,"[{""label"": ""smoke"", ""score"": 0.2326, ""box"": [144, 102, 193, 129]}, {""label"": ""smoke"", ""score"": 0.1501, ""box"": [68, 92, 193, 143]}, {""label"": ""smoke"", ""score"": 0.1217, ""box"": [68, 93, 128, 144]}, {""label"": ""smoke"", ""score"": 0.0688, ""box"": [97, 96, 192, 133]}, {""label"": ""smoke"", ""score"": 0.0621, ""box"": [103, 98, 192, 136]}, {""label"": ""smoke"", ""score"": 0.0567, ""box"": [68, 55, 193, 142]}, {""label"": ""smoke"", ""score"": 0.0534, ""box"": [99, 99, 129, 139]}]",0,0,0,0,0,0
coolerbot,yolo,510,17.017,0,0,670.4,0.0,0.0,[],0,0,0,0,0,0
coolerbot,dfire_yolov8n,510,17.017,0,0,51.2,0.0,0.0,[],0,0,0,0,0,0
coolerbot,soul,510,17.017,0,0,55.9,0.0,0.445078,"[{""label"": ""flame"", ""score"": 0.4451, ""box"": [673, 325, 699, 350]}, {""label"": ""flame"", ""score"": 0.196, ""box"": [670, 324, 722, 352]}]",0,1,0,0,0,0
coolerbot,pyronear,510,17.017,0,0,316.8,0.0,0.0,[],0,0,0,0,0,0
coolerbot,dfine,540,18.018,0,0,375.0,0.171834,0.0,"[{""label"": ""smoke"", ""score"": 0.1718, ""box"": [142, 102, 194, 129]}, {""label"": ""smoke"", ""score"": 0.1196, ""box"": [68, 92, 194, 141]}, {""label"": ""smoke"", ""score"": 0.0968, ""box"": [68, 93, 128, 143]}]",0,0,0,0,0,0
coolerbot,yolo,540,18.018,0,0,738.6,0.0,0.0,[],0,0,0,0,0,0
coolerbot,dfire_yolov8n,540,18.018,0,0,51.1,0.0,0.0,[],0,0,0,0,0,0
coolerbot,soul,540,18.018,0,0,60.2,0.0,0.451606,"[{""label"": ""flame"", ""score"": 0.4516, ""box"": [674, 325, 700, 350]}, {""label"": ""flame"", ""score"": 0.208, ""box"": [671, 325, 723, 352]}, {""label"": ""flame"", ""score"": 0.0785, ""box"": [415, 294, 426, 323]}]",0,1,0,0,0,0
coolerbot,pyronear,540,18.018,0,0,317.4,0.0,0.0,[],0,0,0,0,0,0
coolerbot,dfine,570,19.019,0,0,374.6,0.144704,0.0,"[{""label"": ""smoke"", ""score"": 0.1447, ""box"": [168, 105, 219, 131]}]",0,0,0,0,0,0
coolerbot,yolo,570,19.019,0,0,691.9,0.0,0.0,[],0,0,0,0,0,0
coolerbot,dfire_yolov8n,570,19.019,0,0,61.7,0.0,0.0,[],0,0,0,0,0,0
coolerbot,soul,570,19.019,0,0,58.5,0.0,0.068344,"[{""label"": ""flame"", ""score"": 0.0683, ""box"": [709, 328, 735, 353]}]",0,0,0,0,0,0
coolerbot,pyronear,570,19.019,0,0,314.9,0.0,0.0,[],0,0,0,0,0,0
coolerbot,dfine,600,20.02,0,0,373.5,0.081767,0.0,"[{""label"": ""smoke"", ""score"": 0.0818, ""box"": [251, 109, 303, 136]}, {""label"": ""smoke"", ""score"": 0.0709, ""box"": [88, 116, 181, 169]}, {""label"": ""smoke"", ""score"": 0.0635, ""box"": [475, 191, 541, 225]}, {""label"": ""smoke"", ""score"": 0.0582, ""box"": [101, 134, 177, 169]}, {""label"": ""smoke"", ""score"": 0.057, ""box"": [69, 43, 187, 171]}, {""label"": ""smoke"", ""score"": 0.0566, ""box"": [100, 132, 179, 169]}]",0,0,0,0,0,0
coolerbot,yolo,600,20.02,0,0,685.0,0.0,0.0,[],0,0,0,0,0,0
coolerbot,dfire_yolov8n,600,20.02,0,0,56.4,0.140891,0.0,"[{""label"": ""smoke"", ""score"": 0.1409, ""box"": [70, 45, 165, 173]}, {""label"": ""smoke"", ""score"": 0.1042, ""box"": [78, 110, 166, 171]}, {""label"": ""smoke"", ""score"": 0.059, ""box"": [96, 130, 165, 169]}]",0,0,0,0,0,0
coolerbot,soul,600,20.02,0,0,53.4,0.0,0.065552,"[{""label"": ""flame"", ""score"": 0.0656, ""box"": [531, 343, 595, 400]}, {""label"": ""flame"", ""score"": 0.0598, ""box"": [718, 33, 788, 122]}]",0,0,0,0,0,0
coolerbot,pyronear,600,20.02,0,0,322.5,0.0,0.0,[],0,0,0,0,0,0
coolerbot,dfine,630,21.021,0,0,367.0,0.321688,0.112285,"[{""label"": ""smoke"", ""score"": 0.3217, ""box"": [69, 49, 255, 181]}, {""label"": ""smoke"", ""score"": 0.1703, ""box"": [164, 126, 251, 179]}, {""label"": ""smoke"", ""score"": 0.1482, ""box"": [70, 111, 252, 181]}, {""label"": ""smoke"", ""score"": 0.1402, ""box"": [151, 69, 253, 179]}, {""label"": ""smoke"", ""score"": 0.1145, ""box"": [328, 120, 376, 144]}, {""label"": ""flame"", ""score"": 0.1123, ""box"": [748, 255, 787, 320]}, {""label"": ""smoke"", ""score"": 0.1098, ""box"": [69, 72, 240, 180]}, {""label"": ""smoke"", ""score"": 0.1084, ""box"": [69, 41, 372, 181]}, {""label"": ""smoke"", ""score"": 0.0943, ""box"": [129, 75, 252, 179]}, {""label"": ""smoke"", ""score"": 0.0927, ""box"": [187, 147, 249, 179]}, {""label"": ""smoke"", ""score"": 0.0816, ""box"": [117, 64, 253, 179]}, {""label"": ""smoke"", ""score"": 0.079, ""box"": [145, 41, 249, 178]}, {""label"": ""smoke"", ""score"": 0.0766, ""box"": [553, 198, 622, 234]}, {""label"": ""smoke"", ""score"": 0.0759, ""box"": [118, 113, 253, 180]}, {""label"": ""smoke"", ""score"": 0.0738, ""box"": [158, 66, 207, 98]}, {""label"": ""smoke"", ""score"": 0.0715, ""box"": [67, 107, 124, 177]}, {""label"": ""smoke"", ""score"": 0.0666, ""box"": [70, 72, 372, 181]}, {""label"": ""smoke"", ""score"": 0.0662, ""box"": [67, 107, 136, 176]}, {""label"": ""smoke"", ""score"": 0.0638, ""box"": [146, 123, 248, 179]}, {""label"": ""smoke"", ""score"": 0.0584, ""box"": [67, 130, 119, 179]}, {""label"": ""smoke"", ""score"": 0.0576, ""box"": [196, 150, 248, 176]}, {""label"": ""smoke"", ""score"": 0.0567, ""box"": [68, 2, 264, 182]}, {""label"": ""smoke"", ""score"": 0.0548, ""box"": [193, 150, 247, 178]}, {""label"": ""smoke"", ""score"": 0.0543, ""box"": [70, 76, 375, 182]}, {""label"": ""smoke"", ""score"": 0.0524, ""box"": [160, 39, 228, 96]}, {""label"": ""smoke"", ""score"": 0.0511, ""box"": [69, 108, 225, 180]}]",1,0,0,0,0,0
coolerbot,yolo,630,21.021,0,0,724.1,0.0,0.0,[],0,0,0,0,0,0
coolerbot,dfire_yolov8n,630,21.021,0,0,56.9,0.0,0.0,[],0,0,0,0,0,0
coolerbot,soul,630,21.021,0,0,49.8,0.0,0.207462,"[{""label"": ""flame"", ""score"": 0.2075, ""box"": [754, 260, 789, 318]}]",0,0,0,0,0,0
coolerbot,pyronear,630,21.021,0,0,322.4,0.0,0.0,[],0,0,0,0,0,0
coolerbot,dfine,660,22.022,0,0,398.4,0.166751,0.0,"[{""label"": ""smoke"", ""score"": 0.1668, ""box"": [383, 121, 432, 144]}, {""label"": ""smoke"", ""score"": 0.142, ""box"": [71, 40, 309, 182]}, {""label"": ""smoke"", ""score"": 0.1246, ""box"": [228, 132, 307, 180]}, {""label"": ""smoke"", ""score"": 0.0978, ""box"": [199, 42, 308, 179]}, {""label"": ""smoke"", ""score"": 0.0911, ""box"": [325, 113, 432, 149]}, {""label"": ""smoke"", ""score"": 0.0902, ""box"": [258, 152, 306, 178]}, {""label"": ""smoke"", ""score"": 0.0901, ""box"": [198, 64, 308, 180]}, {""label"": ""smoke"", ""score"": 0.0798, ""box"": [72, 40, 432, 183]}, {""label"": ""smoke"", ""score"": 0.0776, ""box"": [216, 126, 307, 180]}, {""label"": ""smoke"", ""score"": 0.0773, ""box"": [150, 42, 309, 180]}, {""label"": ""smoke"", ""score"": 0.0769, ""box"": [183, 117, 307, 181]}, {""label"": ""smoke"", ""score"": 0.0732, ""box"": [206, 123, 307, 180]}, {""label"": ""smoke"", ""score"": 0.0728, ""box"": [327, 113, 432, 155]}, {""label"": ""smoke"", ""score"": 0.0696, ""box"": [191, 68, 308, 180]}, {""label"": ""smoke"", ""score"": 0.0614, ""box"": [324, 114, 376, 157]}, {""label"": ""smoke"", ""score"": 0.0602, ""box"": [137, 67, 308, 181]}, {""label"": ""smoke"", ""score"": 0.0517, ""box"": [94, 100, 306, 183]}, {""label"": ""smoke"", ""score"": 0.0513, ""box"": [121, 71, 307, 181]}, {""label"": ""smoke"", ""score"": 0.0508, ""box"": [264, 85, 435, 152]}, {""label"": ""smoke"", ""score"": 0.0505, ""box"": [165, 86, 307, 181]}]",0,0,0,0,0,0
coolerbot,yolo,660,22.022,0,0,726.7,0.0,0.0,[],0,0,0,0,0,0
coolerbot,dfire_yolov8n,660,22.022,0,0,44.5,0.0,0.0,[],0,0,0,0,0,0
coolerbot,soul,660,22.022,0,0,60.1,0.0,0.290691,"[{""label"": ""flame"", ""score"": 0.2907, ""box"": [320, 179, 334, 213]}]",0,1,0,0,0,0
coolerbot,pyronear,660,22.022,0,0,301.4,0.0,0.0,[],0,0,0,0,0,0
coolerbot,dfine,690,23.023,0,0,395.6,0.274104,0.0,"[{""label"": ""smoke"", ""score"": 0.2741, ""box"": [417, 125, 467, 148]}, {""label"": ""smoke"", ""score"": 0.1836, ""box"": [72, 39, 346, 185]}, {""label"": ""smoke"", ""score"": 0.1064, ""box"": [247, 75, 344, 183]}, {""label"": ""smoke"", ""score"": 0.1044, ""box"": [744, 408, 782, 433]}, {""label"": ""smoke"", ""score"": 0.0978, ""box"": [295, 157, 341, 183]}, {""label"": ""smoke"", ""score"": 0.0962, ""box"": [745, 409, 781, 427]}, {""label"": ""smoke"", ""score"": 0.0958, ""box"": [208, 41, 344, 183]}, {""label"": ""smoke"", ""score"": 0.092, ""box"": [72, 39, 470, 186]}, {""label"": ""smoke"", ""score"": 0.0862, ""box"": [259, 134, 342, 184]}, {""label"": ""smoke"", ""score"": 0.0846, ""box"": [248, 129, 342, 184]}, {""label"": ""smoke"", ""score"": 0.0683, ""box"": [256, 74, 305, 107]}, {""label"": ""smoke"", ""score"": 0.0665, ""box"": [354, 42, 473, 150]}, {""label"": ""smoke"", ""score"": 0.0616, ""box"": [172, 80, 342, 184]}, {""label"": ""smoke"", ""score"": 0.0602, ""box"": [200, 58, 344, 184]}, {""label"": ""smoke"", ""score"": 0.0601, ""box"": [263, 40, 470, 156]}, {""label"": ""smoke"", ""score"": 0.0598, ""box"": [176, 41, 330, 183]}, {""label"": ""smoke"", ""score"": 0.0598, ""box"": [207, 71, 340, 184]}, {""label"": ""smoke"", ""score"": 0.0597, ""box"": [364, 116, 467, 152]}, {""label"": ""smoke"", ""score"": 0.0565, ""box"": [253, 76, 466, 181]}, {""label"": ""smoke"", ""score"": 0.0558, ""box"": [73, 39, 470, 186]}, {""label"": ""smoke"", ""score"": 0.0557, ""box"": [365, 37, 379, 51]}, {""label"": ""smoke"", ""score"": 0.0553, ""box"": [385, 90, 468, 149]}, {""label"": ""smoke"", ""score"": 0.0551, ""box"": [197, 59, 342, 184]}, {""label"": ""smoke"", ""score"": 0.0549, ""box"": [222, 119, 340, 184]}, {""label"": ""smoke"", ""score"": 0.0548, ""box"": [248, 40, 468, 179]}, {""label"": ""smoke"", ""score"": 0.0541, ""box"": [248, 38, 311, 105]}, {""label"": ""smoke"", ""score"": 0.054, ""box"": [69, 39, 344, 218]}, {""label"": ""smoke"", ""score"": 0.0534, ""box"": [341, 107, 467, 156]}, {""label"": ""smoke"", ""score"": 0.0508, ""box"": [360, 49, 471, 150]}]",1,0,0,0,0,0
coolerbot,yolo,690,23.023,0,0,718.5,0.0,0.0,[],0,0,0,0,0,0
coolerbot,dfire_yolov8n,690,23.023,0,0,52.7,0.0,0.0,[],0,0,0,0,0,0
coolerbot,soul,690,23.023,0,0,55.8,0.0,0.144008,"[{""label"": ""flame"", ""score"": 0.144, ""box"": [355, 184, 364, 215]}]",0,0,0,0,0,0
coolerbot,pyronear,690,23.023,0,0,351.0,0.0,0.0,[],0,0,0,0,0,0
coolerbot,dfine,720,24.024,0,0,377.5,0.206589,0.0,"[{""label"": ""smoke"", ""score"": 0.2066, ""box"": [289, 120, 339, 146]}, {""label"": ""smoke"", ""score"": 0.125, ""box"": [114, 130, 213, 182]}, {""label"": ""smoke"", ""score"": 0.1162, ""box"": [77, 128, 212, 183]}, {""label"": ""smoke"", ""score"": 0.1106, ""box"": [161, 154, 210, 180]}, {""label"": ""smoke"", ""score"": 0.094, ""box"": [71, 45, 217, 183]}, {""label"": ""smoke"", ""score"": 0.0896, ""box"": [118, 69, 216, 181]}, {""label"": ""smoke"", ""score"": 0.0896, ""box"": [94, 68, 218, 182]}, {""label"": ""smoke"", ""score"": 0.079, ""box"": [242, 115, 339, 153]}, {""label"": ""smoke"", ""score"": 0.0759, ""box"": [239, 114, 339, 150]}, {""label"": ""smoke"", ""score"": 0.0716, ""box"": [122, 67, 173, 101]}, {""label"": ""smoke"", ""score"": 0.0666, ""box"": [147, 142, 213, 181]}, {""label"": ""smoke"", ""score"": 0.0564, ""box"": [78, 52, 339, 183]}, {""label"": ""smoke"", ""score"": 0.0549, ""box"": [72, 42, 342, 183]}, {""label"": ""smoke"", ""score"": 0.0536, ""box"": [230, 51, 345, 149]}, {""label"": ""smoke"", ""score"": 0.0516, ""box"": [76, 49, 340, 184]}]",0,0,0,0,0,0
coolerbot,yolo,720,24.024,0,0,718.3,0.0,0.0,[],0,0,0,0,0,0
coolerbot,dfire_yolov8n,720,24.024,0,0,55.8,0.357671,0.0,"[{""label"": ""smoke"", ""score"": 0.3577, ""box"": [76, 121, 210, 195]}]",1,0,0,0,0,0
coolerbot,soul,720,24.024,0,0,54.2,0.0,0.077663,"[{""label"": ""flame"", ""score"": 0.0777, ""box"": [604, 314, 616, 352]}, {""label"": ""flame"", ""score"": 0.0574, ""box"": [226, 182, 235, 213]}]",0,0,0,0,0,0
coolerbot,pyronear,720,24.024,0,0,329.1,0.0,0.0,[],0,0,0,0,0,0
coolerbot,dfine,750,25.025,0,0,378.3,0.100038,0.071897,"[{""label"": ""smoke"", ""score"": 0.1, ""box"": [67, 159, 108, 186]}, {""label"": ""flame"", ""score"": 0.0719, ""box"": [701, 249, 786, 335]}, {""label"": ""smoke"", ""score"": 0.0715, ""box"": [190, 124, 241, 150]}, {""label"": ""smoke"", ""score"": 0.0624, ""box"": [68, 85, 179, 182]}, {""label"": ""smoke"", ""score"": 0.0539, ""box"": [67, 116, 178, 185]}]",0,0,0,0,0,0
coolerbot,yolo,750,25.025,0,0,701.2,0.0,0.0,[],0,0,0,0,0,0
coolerbot,dfire_yolov8n,750,25.025,0,0,56.7,0.0,0.0,[],0,0,0,0,0,0
coolerbot,soul,750,25.025,0,0,50.2,0.0,0.0,[],0,0,0,0,0,0
coolerbot,pyronear,750,25.025,0,0,319.6,0.0,0.0,[],0,0,0,0,0,0
coolerbot,dfine,780,26.026,0,0,375.2,0.257538,0.0,"[{""label"": ""smoke"", ""score"": 0.2575, ""box"": [87, 113, 140, 138]}]",1,0,0,0,0,0
coolerbot,yolo,780,26.026,0,0,698.2,0.0,0.0,[],0,0,0,0,0,0
coolerbot,dfire_yolov8n,780,26.026,0,0,49.1,0.0,0.0,[],0,0,0,0,0,0
coolerbot,soul,780,26.026,0,0,52.0,0.0,0.139842,"[{""label"": ""flame"", ""score"": 0.1398, ""box"": [621, 253, 741, 331]}]",0,0,0,0,0,0
coolerbot,pyronear,780,26.026,0,0,330.8,0.0,0.0,[],0,0,0,0,0,0
coolerbot,dfine,810,27.027,0,0,386.7,0.074642,0.0,"[{""label"": ""smoke"", ""score"": 0.0746, ""box"": [114, 107, 162, 131]}]",0,0,0,0,0,0
coolerbot,yolo,810,27.027,0,0,730.9,0.0,0.0,[],0,0,0,0,0,0
coolerbot,dfire_yolov8n,810,27.027,0,0,55.5,0.0,0.0,[],0,0,0,0,0,0
coolerbot,soul,810,27.027,0,0,59.2,0.0,0.09714,"[{""label"": ""flame"", ""score"": 0.0971, ""box"": [665, 237, 787, 327]}]",0,0,0,0,0,0
coolerbot,pyronear,810,27.027,0,0,322.7,0.097676,0.0,"[{""label"": ""smoke"", ""score"": 0.0977, ""box"": [240, 131, 343, 165]}]",0,0,0,0,0,0
coolerbot,dfine,840,28.028,0,0,358.7,0.163234,0.0,"[{""label"": ""smoke"", ""score"": 0.1632, ""box"": [146, 104, 192, 126]}, {""label"": ""smoke"", ""score"": 0.0901, ""box"": [110, 100, 192, 131]}, {""label"": ""smoke"", ""score"": 0.0793, ""box"": [69, 96, 193, 143]}, {""label"": ""smoke"", ""score"": 0.0629, ""box"": [68, 99, 140, 146]}, {""label"": ""smoke"", ""score"": 0.0506, ""box"": [98, 97, 193, 127]}]",0,0,0,0,0,0
coolerbot,yolo,840,28.028,0,0,675.8,0.0,0.0,[],0,0,0,0,0,0
coolerbot,dfire_yolov8n,840,28.028,0,0,54.9,0.0,0.0,[],0,0,0,0,0,0
coolerbot,soul,840,28.028,0,0,58.1,0.0,0.0,[],0,0,0,0,0,0
coolerbot,pyronear,840,28.028,0,0,315.4,0.234173,0.0,"[{""label"": ""smoke"", ""score"": 0.2342, ""box"": [273, 128, 376, 164]}]",0,0,0,0,0,0
coolerbot,dfine,870,29.029,0,0,371.0,0.0,0.0,[],0,0,0,0,0,0
coolerbot,yolo,870,29.029,0,0,669.5,0.0,0.0,[],0,0,0,0,0,0
coolerbot,dfire_yolov8n,870,29.029,0,0,50.2,0.0,0.0,[],0,0,0,0,0,0
coolerbot,soul,870,29.029,0,0,58.5,0.0,0.0,[],0,0,0,0,0,0
coolerbot,pyronear,870,29.029,0,0,325.9,0.0,0.0,[],0,0,0,0,0,0
coolerbot,dfine,900,30.03,0,0,375.8,0.0,0.0,[],0,0,0,0,0,0
coolerbot,yolo,900,30.03,0,0,686.5,0.0,0.0,[],0,0,0,0,0,0
coolerbot,dfire_yolov8n,900,30.03,0,0,50.1,0.0,0.0,[],0,0,0,0,0,0
coolerbot,soul,900,30.03,0,0,55.0,0.0,0.0,[],0,0,0,0,0,0
coolerbot,pyronear,900,30.03,0,0,324.4,0.0,0.0,[],0,0,0,0,0,0
coolerbot,dfine,930,31.031,0,0,373.8,0.0,0.0,[],0,0,0,0,0,0
coolerbot,yolo,930,31.031,0,0,696.3,0.0,0.0,[],0,0,0,0,0,0
coolerbot,dfire_yolov8n,930,31.031,0,0,52.4,0.0,0.0,[],0,0,0,0,0,0
coolerbot,soul,930,31.031,0,0,51.6,0.0,0.0,[],0,0,0,0,0,0
coolerbot,pyronear,930,31.031,0,0,400.7,0.0,0.0,[],0,0,0,0,0,0
coolerbot,dfine,960,32.032,0,0,383.8,0.066588,0.1877,"[{""label"": ""flame"", ""score"": 0.1877, ""box"": [673, 235, 786, 372]}, {""label"": ""smoke"", ""score"": 0.0666, ""box"": [673, 235, 786, 372]}]",0,0,0,0,0,0
coolerbot,yolo,960,32.032,0,0,704.1,0.0,0.0,[],0,0,0,0,0,0
coolerbot,dfire_yolov8n,960,32.032,0,0,55.3,0.0,0.0,[],0,0,0,0,0,0
coolerbot,soul,960,32.032,0,0,53.6,0.0,0.059692,"[{""label"": ""flame"", ""score"": 0.0597, ""box"": [678, 238, 787, 371]}]",0,0,0,0,0,0
coolerbot,pyronear,960,32.032,0,0,326.9,0.0,0.0,[],0,0,0,0,0,0
coolerbot,dfine,990,33.033,0,0,370.3,0.0,0.0,[],0,0,0,0,0,0
coolerbot,yolo,990,33.033,0,0,673.2,0.0,0.0,[],0,0,0,0,0,0
coolerbot,dfire_yolov8n,990,33.033,0,0,52.8,0.0,0.0,[],0,0,0,0,0,0
coolerbot,soul,990,33.033,0,0,50.8,0.0,0.0,[],0,0,0,0,0,0
coolerbot,pyronear,990,33.033,0,0,310.5,0.0,0.0,[],0,0,0,0,0,0
coolerbot,dfine,1020,34.034,0,0,398.8,0.0,0.0,[],0,0,0,0,0,0
coolerbot,yolo,1020,34.034,0,0,723.6,0.0,0.0,[],0,0,0,0,0,0
coolerbot,dfire_yolov8n,1020,34.034,0,0,48.3,0.0,0.0,[],0,0,0,0,0,0
coolerbot,soul,1020,34.034,0,0,56.2,0.0,0.0,[],0,0,0,0,0,0
coolerbot,pyronear,1020,34.034,0,0,322.9,0.0,0.0,[],0,0,0,0,0,0
coolerbot,dfine,1050,35.035,0,0,380.5,0.107658,0.0,"[{""label"": ""smoke"", ""score"": 0.1077, ""box"": [141, 59, 219, 92]}, {""label"": ""smoke"", ""score"": 0.0907, ""box"": [69, 115, 215, 180]}, {""label"": ""smoke"", ""score"": 0.0807, ""box"": [69, 57, 222, 178]}, {""label"": ""smoke"", ""score"": 0.0636, ""box"": [69, 55, 312, 181]}]",0,0,0,0,0,0
coolerbot,yolo,1050,35.035,0,0,722.7,0.0,0.0,[],0,0,0,0,0,0
coolerbot,dfire_yolov8n,1050,35.035,0,0,53.9,0.0,0.0,[],0,0,0,0,0,0
coolerbot,soul,1050,35.035,0,0,62.2,0.0,0.0,[],0,0,0,0,0,0
coolerbot,pyronear,1050,35.035,0,0,313.0,0.309638,0.0,"[{""label"": ""smoke"", ""score"": 0.3096, ""box"": [66, 128, 131, 179]}, {""label"": ""smoke"", ""score"": 0.1923, ""box"": [65, 57, 213, 181]}, {""label"": ""smoke"", ""score"": 0.095, ""box"": [64, 119, 210, 180]}, {""label"": ""smoke"", ""score"": 0.0836, ""box"": [464, 127, 562, 155]}]",1,0,0,0,0,0
coolerbot,dfine,1080,36.036,0,0,371.0,0.090094,0.0,"[{""label"": ""smoke"", ""score"": 0.0901, ""box"": [156, 51, 239, 86]}, {""label"": ""smoke"", ""score"": 0.0649, ""box"": [68, 106, 229, 174]}, {""label"": ""smoke"", ""score"": 0.0598, ""box"": [68, 50, 241, 171]}]",0,0,0,0,0,0
coolerbot,yolo,1080,36.036,0,0,692.5,0.0,0.0,[],0,0,0,0,0,0
coolerbot,dfire_yolov8n,1080,36.036,0,0,47.8,0.0,0.0,[],0,0,0,0,0,0
coolerbot,soul,1080,36.036,0,0,57.0,0.0,0.0,[],0,0,0,0,0,0
coolerbot,pyronear,1080,36.036,0,0,292.3,0.374028,0.0,"[{""label"": ""smoke"", ""score"": 0.374, ""box"": [69, 115, 227, 174]}]",1,0,0,0,0,0
coolerbot,dfine,1110,37.037,0,0,365.9,0.073319,0.0,"[{""label"": ""smoke"", ""score"": 0.0733, ""box"": [202, 72, 280, 105]}]",0,0,0,0,0,0
coolerbot,yolo,1110,37.037,0,0,658.4,0.0,0.0,[],0,0,0,0,0,0
coolerbot,dfire_yolov8n,1110,37.037,0,0,52.2,0.0,0.0,[],0,0,0,0,0,0
coolerbot,soul,1110,37.037,0,0,49.5,0.0,0.0,[],0,0,0,0,0,0
coolerbot,pyronear,1110,37.037,0,0,297.9,0.058884,0.0,"[{""label"": ""smoke"", ""score"": 0.0589, ""box"": [65, 103, 268, 194]}]",0,0,0,0,0,0
coolerbot,dfine,1140,38.038,0,0,361.2,0.086292,0.0,"[{""label"": ""smoke"", ""score"": 0.0863, ""box"": [72, 39, 779, 193]}, {""label"": ""smoke"", ""score"": 0.0859, ""box"": [370, 75, 449, 107]}, {""label"": ""smoke"", ""score"": 0.0753, ""box"": [543, 39, 779, 154]}, {""label"": ""smoke"", ""score"": 0.0697, ""box"": [733, 134, 772, 155]}, {""label"": ""smoke"", ""score"": 0.0627, ""box"": [79, 42, 450, 192]}, {""label"": ""smoke"", ""score"": 0.0627, ""box"": [416, 39, 778, 154]}, {""label"": ""smoke"", ""score"": 0.057, ""box"": [86, 43, 450, 191]}, {""label"": ""smoke"", ""score"": 0.0513, ""box"": [195, 48, 448, 190]}]",0,0,0,0,0,0
coolerbot,yolo,1140,38.038,0,0,736.4,0.174126,0.0,"[{""label"": ""smoke"", ""score"": 0.1741, ""box"": [374, 77, 448, 108]}]",0,0,0,0,0,0
coolerbot,dfire_yolov8n,1140,38.038,0,0,49.0,0.054441,0.0,"[{""label"": ""smoke"", ""score"": 0.0544, ""box"": [249, 127, 415, 205]}]",0,0,0,0,0,0
coolerbot,soul,1140,38.038,0,0,45.6,0.0,0.0,[],0,0,0,0,0,0
coolerbot,pyronear,1140,38.038,0,0,321.4,0.077438,0.0,"[{""label"": ""smoke"", ""score"": 0.0774, ""box"": [266, 340, 273, 346]}]",0,0,0,0,0,0
coolerbot,dfine,1170,39.039,0,0,390.9,0.558952,0.06104,"[{""label"": ""smoke"", ""score"": 0.559, ""box"": [76, 44, 373, 170]}, {""label"": ""smoke"", ""score"": 0.4921, ""box"": [160, 55, 370, 170]}, {""label"": ""smoke"", ""score"": 0.3146, ""box"": [292, 57, 358, 93]}, {""label"": ""smoke"", ""score"": 0.2862, ""box"": [167, 106, 355, 170]}, {""label"": ""smoke"", ""score"": 0.2008, ""box"": [286, 56, 367, 163]}, {""label"": ""smoke"", ""score"": 0.1883, ""box"": [166, 92, 357, 170]}, {""label"": ""smoke"", ""score"": 0.1844, ""box"": [68, 46, 170, 153]}, {""label"": ""smoke"", ""score"": 0.1712, ""box"": [71, 38, 777, 173]}, {""label"": ""smoke"", ""score"": 0.1556, ""box"": [292, 123, 355, 169]}, {""label"": ""smoke"", ""score"": 0.1552, ""box"": [171, 110, 274, 170]}, {""label"": ""smoke"", ""score"": 0.1474, ""box"": [322, 125, 356, 166]}, {""label"": ""smoke"", ""score"": 0.1364, ""box"": [251, 57, 367, 167]}, {""label"": ""smoke"", ""score"": 0.1324, ""box"": [158, 51, 490, 169]}, {""label"": ""smoke"", ""score"": 0.1251, ""box"": [68, 47, 163, 125]}, {""label"": ""smoke"", ""score"": 0.1163, ""box"": [267, 121, 353, 169]}, {""label"": ""smoke"", ""score"": 0.1044, ""box"": [240, 115, 354, 169]}, {""label"": ""smoke"", ""score"": 0.1041, ""box"": [70, 44, 247, 165]}, {""label"": ""smoke"", ""score"": 0.0976, ""box"": [70, 45, 249, 167]}, {""label"": ""smoke"", ""score"": 0.096, ""box"": [71, 39, 581, 167]}, {""label"": ""smoke"", ""score"": 0.0956, ""box"": [73, 39, 704, 169]}, {""label"": ""smoke"", ""score"": 0.0954, ""box"": [71, 38, 613, 169]}, {""label"": ""smoke"", ""score"": 0.0935, ""box"": [127, 98, 359, 171]}, {""label"": ""smoke"", ""score"": 0.0934, ""box"": [163, 102, 250, 166]}, {""label"": ""smoke"", ""score"": 0.0843, ""box"": [416, 106, 461, 129]}, {""label"": ""smoke"", ""score"": 0.0823, ""box"": [73, 39, 675, 169]}, {""label"": ""smoke"", ""score"": 0.081, ""box"": [68, 44, 203, 163]}, {""label"": ""smoke"", ""score"": 0.0807, ""box"": [69, 34, 383, 173]}, {""label"": ""smoke"", ""score"": 0.0786, ""box"": [500, 38, 781, 175]}, {""label"": ""smoke"", ""score"": 0.0771, ""box"": [282, 39, 367, 96]}, {""label"": ""smoke"", ""score"": 0.0748, ""box"": [71, 38, 596, 168]}, {""label"": ""smoke"", ""score"": 0.0723, ""box"": [281, 39, 778, 165]}, {""label"": ""smoke"", ""score"": 0.0723, ""box"": [149, 43, 271, 168]}, {""label"": ""smoke"", ""score"": 0.0708, ""box"": [288, 41, 550, 133]}, {""label"": ""smoke"", ""score"": 0.0675, ""box"": [621, 40, 782, 178]}, {""label"": ""smoke"", ""score"": 0.0671, ""box"": [375, 41, 549, 129]}, {""label"": ""smoke"", ""score"": 0.0666, ""box"": [284, 40, 388, 98]}, {""label"": ""smoke"", ""score"": 0.0665, ""box"": [228, 113, 276, 152]}, {""label"": ""smoke"", ""score"": 0.0657, ""box"": [288, 48, 472, 142]}, {""label"": ""smoke"", ""score"": 0.0646, ""box"": [292, 41, 546, 131]}, {""label"": ""smoke"", ""score"": 0.0643, ""box"": [376, 41, 553, 129]}, {""label"": ""smoke"", ""score"": 0.0638, ""box"": [160, 102, 202, 157]}, {""label"": ""smoke"", ""score"": 0.0634, ""box"": [367, 53, 484, 131]}, {""label"": ""smoke"", ""score"": 0.0618, ""box"": [71, 39, 781, 241]}, {""label"": ""smoke"", ""score"": 0.0613, ""box"": [70, 42, 287, 148]}, {""label"": ""flame"", ""score"": 0.061, ""box"": [292, 57, 358, 93]}, {""label"": ""smoke"", ""score"": 0.0603, ""box"": [426, 41, 555, 121]}, {""label"": ""smoke"", ""score"": 0.0597, ""box"": [399, 78, 469, 130]}, {""label"": ""smoke"", ""score"": 0.0594, ""box"": [417, 110, 439, 129]}, {""label"": ""smoke"", ""score"": 0.0594, ""box"": [148, 38, 371, 171]}, {""label"": ""smoke"", ""score"": 0.0578, ""box"": [396, 38, 780, 173]}, {""label"": ""smoke"", ""score"": 0.0575, ""box"": [111, 56, 274, 168]}, {""label"": ""smoke"", ""score"": 0.0571, ""box"": [420, 41, 560, 123]}, {""label"": ""smoke"", ""score"": 0.0563, ""box"": [538, 101, 554, 112]}, {""label"": ""smoke"", ""score"": 0.0557, ""box"": [287, 54, 396, 120]}, {""label"": ""smoke"", ""score"": 0.0544, ""box"": [72, 40, 777, 308]}, {""label"": ""smoke"", ""score"": 0.0536, ""box"": [493, 39, 780, 240]}, {""label"": ""smoke"", ""score"": 0.0529, ""box"": [299, 110, 365, 167]}, {""label"": ""smoke"", ""score"": 0.0528, ""box"": [72, 39, 779, 262]}, {""label"": ""smoke"", ""score"": 0.0525, ""box"": [529, 39, 721, 153]}, {""label"": ""smoke"", ""score"": 0.0521, ""box"": [172, 112, 252, 168]}, {""label"": ""smoke"", ""score"": 0.0513, ""box"": [366, 159, 548, 239]}, {""label"": ""smoke"", ""score"": 0.0508, ""box"": [399, 38, 772, 157]}, {""label"": ""smoke"", ""score"": 0.0506, ""box"": [71, 39, 779, 280]}, {""label"": ""smoke"", ""score"": 0.0506, ""box"": [471, 41, 565, 116]}, {""label"": ""smoke"", ""score"": 0.0504, ""box"": [511, 39, 712, 137]}, {""label"": ""smoke"", ""score"": 0.05, ""box"": [268, 58, 365, 166]}]",1,0,0,1,0,0
coolerbot,yolo,1170,39.039,0,0,696.3,0.202271,0.0,"[{""label"": ""smoke"", ""score"": 0.2023, ""box"": [295, 59, 361, 94]}, {""label"": ""smoke"", ""score"": 0.0503, ""box"": [75, 40, 362, 176]}]",0,0,0,0,0,0
coolerbot,dfire_yolov8n,1170,39.039,0,0,52.9,0.0,0.0,[],0,0,0,0,0,0
coolerbot,soul,1170,39.039,0,0,52.8,0.0,0.05218,"[{""label"": ""flame"", ""score"": 0.0522, ""box"": [66, 36, 319, 172]}]",0,0,0,0,0,0
coolerbot,pyronear,1170,39.039,0,0,304.8,0.165424,0.0,"[{""label"": ""smoke"", ""score"": 0.1654, ""box"": [293, 59, 355, 93]}]",0,0,0,0,0,0
coolerbot,dfine,1200,40.04,0,0,381.8,0.244673,0.0,"[{""label"": ""smoke"", ""score"": 0.2447, ""box"": [67, 84, 137, 137]}, {""label"": ""smoke"", ""score"": 0.1476, ""box"": [67, 39, 145, 137]}, {""label"": ""smoke"", ""score"": 0.0599, ""box"": [678, 148, 772, 215]}, {""label"": ""smoke"", ""score"": 0.0566, ""box"": [86, 37, 146, 58]}, {""label"": ""smoke"", ""score"": 0.0543, ""box"": [68, 38, 195, 138]}]",0,0,0,0,0,0
coolerbot,yolo,1200,40.04,0,0,684.5,0.0,0.0,[],0,0,0,0,0,0
coolerbot,dfire_yolov8n,1200,40.04,0,0,55.8,0.0,0.0,[],0,0,0,0,0,0
coolerbot,soul,1200,40.04,0,0,56.2,0.0,0.0,[],0,0,0,0,0,0
coolerbot,pyronear,1200,40.04,0,0,310.0,0.0,0.0,[],0,0,0,0,0,0
coolerbot,dfine,1230,41.041,0,0,380.4,0.076094,0.0,"[{""label"": ""smoke"", ""score"": 0.0761, ""box"": [66, 81, 95, 139]}, {""label"": ""smoke"", ""score"": 0.0553, ""box"": [584, 43, 784, 230]}]",0,0,0,0,0,0
coolerbot,yolo,1230,41.041,0,0,716.3,0.0,0.0,[],0,0,0,0,0,0
coolerbot,dfire_yolov8n,1230,41.041,0,0,52.3,0.0,0.0,[],0,0,0,0,0,0
coolerbot,soul,1230,41.041,0,0,49.0,0.0,0.0,[],0,0,0,0,0,0
coolerbot,pyronear,1230,41.041,0,0,317.7,0.0,0.0,[],0,0,0,0,0,0
coolerbot,dfine,1260,42.042,0,0,351.4,0.121928,0.0,"[{""label"": ""smoke"", ""score"": 0.1219, ""box"": [609, 91, 690, 172]}, {""label"": ""smoke"", ""score"": 0.0795, ""box"": [671, 137, 728, 175]}, {""label"": ""smoke"", ""score"": 0.0774, ""box"": [727, 132, 785, 191]}, {""label"": ""smoke"", ""score"": 0.0763, ""box"": [612, 94, 703, 174]}, {""label"": ""smoke"", ""score"": 0.0628, ""box"": [673, 130, 783, 187]}, {""label"": ""smoke"", ""score"": 0.058, ""box"": [674, 146, 719, 174]}, {""label"": ""smoke"", ""score"": 0.0576, ""box"": [611, 91, 783, 190]}, {""label"": ""smoke"", ""score"": 0.0569, ""box"": [609, 89, 740, 176]}, {""label"": ""smoke"", ""score"": 0.0556, ""box"": [600, 44, 701, 173]}, {""label"": ""smoke"", ""score"": 0.0537, ""box"": [606, 42, 782, 182]}, {""label"": ""smoke"", ""score"": 0.0518, ""box"": [733, 130, 781, 153]}]",0,0,0,0,0,0
coolerbot,yolo,1260,42.042,0,0,724.2,0.0,0.0,[],0,0,0,0,0,0
coolerbot,dfire_yolov8n,1260,42.042,0,0,58.7,0.0,0.0,[],0,0,0,0,0,0
coolerbot,soul,1260,42.042,0,0,56.3,0.0,0.0,[],0,0,0,0,0,0
coolerbot,pyronear,1260,42.042,0,0,315.4,0.0,0.0,[],0,0,0,0,0,0
coolerbot,dfine,1290,43.043,0,0,386.2,0.659846,0.0,"[{""label"": ""smoke"", ""score"": 0.6598, ""box"": [68, 39, 276, 109]}, {""label"": ""smoke"", ""score"": 0.1222, ""box"": [222, 64, 278, 104]}, {""label"": ""smoke"", ""score"": 0.0765, ""box"": [68, 40, 275, 238]}, {""label"": ""smoke"", ""score"": 0.0682, ""box"": [67, 39, 152, 107]}, {""label"": ""smoke"", ""score"": 0.063, ""box"": [67, 38, 124, 102]}, {""label"": ""smoke"", ""score"": 0.0513, ""box"": [158, 163, 196, 237]}]",1,0,0,1,0,0
coolerbot,yolo,1290,43.043,0,0,708.9,0.0,0.0,[],0,0,0,0,0,0
coolerbot,dfire_yolov8n,1290,43.043,0,0,57.1,0.508856,0.0,"[{""label"": ""smoke"", ""score"": 0.5089, ""box"": [72, 40, 267, 116]}, {""label"": ""smoke"", ""score"": 0.0611, ""box"": [602, 289, 626, 312]}]",1,0,0,1,0,0
coolerbot,soul,1290,43.043,0,0,55.8,0.0,0.0,[],0,0,0,0,0,0
coolerbot,pyronear,1290,43.043,0,0,318.7,0.0,0.0,[],0,0,0,0,0,0
coolerbot,dfine,1320,44.044,0,0,367.8,0.0,0.0,[],0,0,0,0,0,0
coolerbot,yolo,1320,44.044,0,0,681.2,0.108204,0.0,"[{""label"": ""smoke"", ""score"": 0.1082, ""box"": [337, 39, 396, 60]}]",0,0,0,0,0,0
coolerbot,dfire_yolov8n,1320,44.044,0,0,60.4,0.05714,0.0,"[{""label"": ""smoke"", ""score"": 0.0571, ""box"": [191, 44, 358, 126]}]",0,0,0,0,0,0
coolerbot,soul,1320,44.044,0,0,57.2,0.0,0.0,[],0,0,0,0,0,0
coolerbot,pyronear,1320,44.044,0,0,319.2,0.0,0.0,[],0,0,0,0,0,0
coolerbot,dfine,1350,45.045,0,0,364.4,0.063821,0.0,"[{""label"": ""smoke"", ""score"": 0.0638, ""box"": [245, 102, 289, 192]}, {""label"": ""smoke"", ""score"": 0.0568, ""box"": [242, 44, 293, 191]}, {""label"": ""smoke"", ""score"": 0.0562, ""box"": [225, 39, 332, 191]}, {""label"": ""smoke"", ""score"": 0.0544, ""box"": [245, 107, 276, 144]}, {""label"": ""smoke"", ""score"": 0.053, ""box"": [223, 39, 347, 189]}]",0,0,0,0,0,0
coolerbot,yolo,1350,45.045,0,0,663.6,0.0,0.0,[],0,0,0,0,0,0
coolerbot,dfire_yolov8n,1350,45.045,0,0,54.0,0.0,0.0,[],0,0,0,0,0,0
coolerbot,soul,1350,45.045,0,0,60.5,0.0,0.0,[],0,0,0,0,0,0
coolerbot,pyronear,1350,45.045,0,0,352.0,0.0,0.0,[],0,0,0,0,0,0
coolerbot,dfine,1380,46.046,0,0,370.5,0.0,0.0,[],0,0,0,0,0,0
coolerbot,yolo,1380,46.046,0,0,696.8,0.0,0.0,[],0,0,0,0,0,0
coolerbot,dfire_yolov8n,1380,46.046,0,0,53.2,0.208734,0.0,"[{""label"": ""smoke"", ""score"": 0.2087, ""box"": [598, 280, 622, 310]}]",0,0,0,0,0,0
coolerbot,soul,1380,46.046,0,0,59.0,0.0,0.0,[],0,0,0,0,0,0
coolerbot,pyronear,1380,46.046,0,0,322.5,0.0,0.0,[],0,0,0,0,0,0
coolerbot,dfine,1410,47.047,0,0,392.9,0.08147,0.0,"[{""label"": ""smoke"", ""score"": 0.0815, ""box"": [71, 39, 776, 314]}, {""label"": ""smoke"", ""score"": 0.0738, ""box"": [638, 81, 690, 114]}, {""label"": ""smoke"", ""score"": 0.0599, ""box"": [648, 87, 697, 309]}, {""label"": ""smoke"", ""score"": 0.0544, ""box"": [649, 88, 697, 309]}, {""label"": ""smoke"", ""score"": 0.0515, ""box"": [641, 87, 781, 309]}]",0,0,0,0,0,0
coolerbot,yolo,1410,47.047,0,0,678.0,0.0,0.0,[],0,0,0,0,0,0
coolerbot,dfire_yolov8n,1410,47.047,0,0,55.3,0.196364,0.0,"[{""label"": ""smoke"", ""score"": 0.1964, ""box"": [609, 50, 705, 109]}, {""label"": ""smoke"", ""score"": 0.1258, ""box"": [432, 277, 461, 313]}, {""label"": ""smoke"", ""score"": 0.0792, ""box"": [147, 283, 177, 317]}]",0,0,0,0,0,0
coolerbot,soul,1410,47.047,0,0,53.1,0.0,0.0,[],0,0,0,0,0,0
coolerbot,pyronear,1410,47.047,0,0,311.9,0.0,0.0,[],0,0,0,0,0,0
coolerbot,dfine,1440,48.048,0,0,372.3,0.0,0.0,[],0,0,0,0,0,0
coolerbot,yolo,1440,48.048,0,0,696.9,0.0,0.0,[],0,0,0,0,0,0
coolerbot,dfire_yolov8n,1440,48.048,0,0,56.6,0.068102,0.0,"[{""label"": ""smoke"", ""score"": 0.0681, ""box"": [201, 303, 229, 341]}]",0,0,0,0,0,0
coolerbot,soul,1440,48.048,0,0,56.8,0.0,0.0,[],0,0,0,0,0,0
coolerbot,pyronear,1440,48.048,0,0,313.0,0.0,0.0,[],0,0,0,0,0,0
coolerbot,dfine,1470,49.049,0,0,374.8,0.0,0.0,[],0,0,0,0,0,0
coolerbot,yolo,1470,49.049,0,0,683.2,0.0,0.0,[],0,0,0,0,0,0
coolerbot,dfire_yolov8n,1470,49.049,0,0,55.8,0.0,0.0,[],0,0,0,0,0,0
coolerbot,soul,1470,49.049,0,0,49.9,0.0,0.0,[],0,0,0,0,0,0
coolerbot,pyronear,1470,49.049,0,0,325.1,0.0,0.0,[],0,0,0,0,0,0
coolerbot,dfine,1500,50.05,0,0,419.5,0.0,0.0,[],0,0,0,0,0,0
coolerbot,yolo,1500,50.05,0,0,712.4,0.0,0.0,[],0,0,0,0,0,0
coolerbot,dfire_yolov8n,1500,50.05,0,0,68.1,0.084219,0.0,"[{""label"": ""smoke"", ""score"": 0.0842, ""box"": [389, 276, 412, 315]}]",0,0,0,0,0,0
coolerbot,soul,1500,50.05,0,0,47.8,0.0,0.0,[],0,0,0,0,0,0
coolerbot,pyronear,1500,50.05,0,0,414.9,0.0,0.0,[],0,0,0,0,0,0
coolerbot,dfine,1530,51.051,0,0,417.7,0.0,0.0,[],0,0,0,0,0,0
coolerbot,yolo,1530,51.051,0,0,706.4,0.0,0.0,[],0,0,0,0,0,0
coolerbot,dfire_yolov8n,1530,51.051,0,0,48.7,0.0,0.0,[],0,0,0,0,0,0
coolerbot,soul,1530,51.051,0,0,50.6,0.0,0.0,[],0,0,0,0,0,0
coolerbot,pyronear,1530,51.051,0,0,326.3,0.0,0.0,[],0,0,0,0,0,0
coolerbot,dfine,1560,52.052,0,0,362.7,0.0,0.0,[],0,0,0,0,0,0
coolerbot,yolo,1560,52.052,0,0,695.8,0.0,0.0,[],0,0,0,0,0,0
coolerbot,dfire_yolov8n,1560,52.052,0,0,58.0,0.193793,0.0,"[{""label"": ""smoke"", ""score"": 0.1938, ""box"": [430, 324, 456, 359]}]",0,0,0,0,0,0
coolerbot,soul,1560,52.052,0,0,57.1,0.0,0.0,[],0,0,0,0,0,0
coolerbot,pyronear,1560,52.052,0,0,295.5,0.0,0.0,[],0,0,0,0,0,0
coolerbot,dfine,1590,53.053,0,0,375.6,0.0,0.0,[],0,0,0,0,0,0
coolerbot,yolo,1590,53.053,0,0,687.2,0.0,0.0,[],0,0,0,0,0,0
coolerbot,dfire_yolov8n,1590,53.053,0,0,50.8,0.0,0.0,[],0,0,0,0,0,0
coolerbot,soul,1590,53.053,0,0,58.6,0.0,0.0,[],0,0,0,0,0,0
coolerbot,pyronear,1590,53.053,0,0,291.1,0.0,0.0,[],0,0,0,0,0,0
coolerbot,dfine,1620,54.054,0,0,446.3,0.491611,0.0,"[{""label"": ""smoke"", ""score"": 0.4916, ""box"": [654, 38, 727, 95]}, {""label"": ""smoke"", ""score"": 0.2898, ""box"": [652, 38, 782, 95]}, {""label"": ""smoke"", ""score"": 0.2236, ""box"": [461, 38, 782, 156]}, {""label"": ""smoke"", ""score"": 0.2222, ""box"": [598, 38, 727, 96]}, {""label"": ""smoke"", ""score"": 0.1748, ""box"": [576, 38, 782, 155]}, {""label"": ""smoke"", ""score"": 0.1535, ""box"": [649, 38, 783, 153]}, {""label"": ""smoke"", ""score"": 0.1497, ""box"": [593, 38, 768, 97]}, {""label"": ""smoke"", ""score"": 0.1331, ""box"": [562, 39, 732, 155]}, {""label"": ""smoke"", ""score"": 0.1324, ""box"": [652, 39, 784, 244]}, {""label"": ""smoke"", ""score"": 0.1318, ""box"": [678, 40, 785, 244]}, {""label"": ""smoke"", ""score"": 0.1309, ""box"": [339, 37, 783, 156]}, {""label"": ""smoke"", ""score"": 0.1182, ""box"": [718, 92, 774, 162]}, {""label"": ""smoke"", ""score"": 0.1176, ""box"": [598, 40, 663, 96]}, {""label"": ""smoke"", ""score"": 0.1152, ""box"": [476, 38, 783, 246]}, {""label"": ""smoke"", ""score"": 0.1133, ""box"": [686, 91, 785, 244]}, {""label"": ""smoke"", ""score"": 0.1111, ""box"": [463, 37, 783, 105]}, {""label"": ""smoke"", ""score"": 0.1083, ""box"": [460, 38, 729, 144]}, {""label"": ""smoke"", ""score"": 0.103, ""box"": [577, 38, 783, 121]}, {""label"": ""smoke"", ""score"": 0.1012, ""box"": [522, 38, 723, 153]}, {""label"": ""smoke"", ""score"": 0.1005, ""box"": [460, 39, 611, 143]}, {""label"": ""smoke"", ""score"": 0.1003, ""box"": [656, 63, 702, 95]}, {""label"": ""smoke"", ""score"": 0.0988, ""box"": [578, 38, 783, 242]}, {""label"": ""smoke"", ""score"": 0.0956, ""box"": [570, 38, 783, 124]}, {""label"": ""smoke"", ""score"": 0.0941, ""box"": [455, 37, 782, 123]}, {""label"": ""smoke"", ""score"": 0.0937, ""box"": [719, 38, 785, 93]}, {""label"": ""smoke"", ""score"": 0.0919, ""box"": [300, 37, 781, 157]}, {""label"": ""smoke"", ""score"": 0.0916, ""box"": [597, 38, 686, 95]}, {""label"": ""smoke"", ""score"": 0.0892, ""box"": [413, 38, 783, 246]}, {""label"": ""smoke"", ""score"": 0.0856, ""box"": [595, 38, 783, 186]}, {""label"": ""smoke"", ""score"": 0.0838, ""box"": [406, 38, 725, 153]}, {""label"": ""smoke"", ""score"": 0.0819, ""box"": [706, 91, 784, 244]}, {""label"": ""smoke"", ""score"": 0.0817, ""box"": [595, 38, 684, 96]}, {""label"": ""smoke"", ""score"": 0.0795, ""box"": [472, 37, 781, 126]}, {""label"": ""smoke"", ""score"": 0.0759, ""box"": [212, 37, 778, 158]}, {""label"": ""smoke"", ""score"": 0.0754, ""box"": [464, 38, 783, 223]}, {""label"": ""smoke"", ""score"": 0.0743, ""box"": [488, 37, 733, 106]}, {""label"": ""smoke"", ""score"": 0.0722, ""box"": [717, 91, 767, 175]}, {""label"": ""smoke"", ""score"": 0.0679, ""box"": [343, 38, 782, 173]}, {""label"": ""smoke"", ""score"": 0.0639, ""box"": [724, 39, 785, 139]}, {""label"": ""smoke"", ""score"": 0.0626, ""box"": [461, 38, 611, 105]}, {""label"": ""smoke"", ""score"": 0.0612, ""box"": [687, 161, 785, 246]}, {""label"": ""smoke"", ""score"": 0.0612, ""box"": [656, 67, 698, 95]}, {""label"": ""smoke"", ""score"": 0.06, ""box"": [565, 39, 784, 317]}, {""label"": ""smoke"", ""score"": 0.0592, ""box"": [716, 92, 784, 190]}, {""label"": ""smoke"", ""score"": 0.059, ""box"": [718, 91, 783, 168]}, {""label"": ""smoke"", ""score"": 0.059, ""box"": [489, 38, 784, 213]}, {""label"": ""smoke"", ""score"": 0.0586, ""box"": [325, 37, 783, 186]}, {""label"": ""smoke"", ""score"": 0.0585, ""box"": [333, 37, 783, 217]}, {""label"": ""smoke"", ""score"": 0.057, ""box"": [654, 38, 780, 121]}, {""label"": ""smoke"", ""score"": 0.0564, ""box"": [456, 39, 784, 318]}, {""label"": ""smoke"", ""score"": 0.0558, ""box"": [684, 38, 784, 146]}, {""label"": ""smoke"", ""score"": 0.0551, ""box"": [680, 39, 782, 167]}, {""label"": ""smoke"", ""score"": 0.0536, ""box"": [336, 94, 382, 112]}, {""label"": ""smoke"", ""score"": 0.0527, ""box"": [714, 290, 745, 320]}, {""label"": ""smoke"", ""score"": 0.052, ""box"": [564, 38, 784, 226]}, {""label"": ""smoke"", ""score"": 0.0519, ""box"": [526, 39, 612, 99]}, {""label"": ""smoke"", ""score"": 0.0518, ""box"": [328, 39, 782, 350]}, {""label"": ""smoke"", ""score"": 0.051, ""box"": [573, 70, 613, 98]}]",1,0,0,0,0,0
coolerbot,yolo,1620,54.054,0,0,711.8,0.059489,0.0,"[{""label"": ""smoke"", ""score"": 0.0595, ""box"": [652, 35, 731, 95]}]",0,0,0,0,0,0
coolerbot,dfire_yolov8n,1620,54.054,0,0,53.4,0.051731,0.0,"[{""label"": ""smoke"", ""score"": 0.0517, ""box"": [222, 42, 387, 112]}]",0,0,0,0,0,0
coolerbot,soul,1620,54.054,0,0,55.1,0.0,0.0,[],0,0,0,0,0,0
coolerbot,pyronear,1620,54.054,0,0,303.6,0.0,0.0,[],0,0,0,0,0,0
coolerbot,dfine,1650,55.055,0,0,345.7,0.06934,0.0,"[{""label"": ""smoke"", ""score"": 0.0693, ""box"": [754, 37, 787, 90]}]",0,0,0,0,0,0
coolerbot,yolo,1650,55.055,0,0,703.2,0.071498,0.0,"[{""label"": ""smoke"", ""score"": 0.0715, ""box"": [233, 37, 294, 78]}]",0,0,0,0,0,0
coolerbot,dfire_yolov8n,1650,55.055,0,0,59.6,0.0,0.0,[],0,0,0,0,0,0
coolerbot,soul,1650,55.055,0,0,53.1,0.0,0.112374,"[{""label"": ""flame"", ""score"": 0.1124, ""box"": [454, 251, 589, 318]}]",0,0,0,0,0,0
coolerbot,pyronear,1650,55.055,0,0,322.1,0.0,0.0,[],0,0,0,0,0,0
coolerbot,dfine,1680,56.056,0,0,377.6,0.080446,0.0,"[{""label"": ""smoke"", ""score"": 0.0804, ""box"": [131, 90, 166, 156]}]",0,0,0,0,0,0
coolerbot,yolo,1680,56.056,0,0,710.3,0.098288,0.0,"[{""label"": ""smoke"", ""score"": 0.0983, ""box"": [66, 36, 123, 85]}]",0,0,0,0,0,0
coolerbot,dfire_yolov8n,1680,56.056,0,0,46.4,0.0,0.0,[],0,0,0,0,0,0
coolerbot,soul,1680,56.056,0,0,54.6,0.0,0.111927,"[{""label"": ""flame"", ""score"": 0.1119, ""box"": [586, 33, 762, 157]}, {""label"": ""flame"", ""score"": 0.0826, ""box"": [495, 36, 539, 87]}]",0,0,0,0,0,0
coolerbot,pyronear,1680,56.056,0,0,324.7,0.0,0.0,[],0,0,0,0,0,0
coolerbot,dfine,1710,57.057,0,0,384.4,0.0,0.0,[],0,0,0,0,0,0
coolerbot,yolo,1710,57.057,0,0,706.0,0.0,0.0,[],0,0,0,0,0,0
coolerbot,dfire_yolov8n,1710,57.057,0,0,53.8,0.0,0.0,[],0,0,0,0,0,0
coolerbot,soul,1710,57.057,0,0,49.3,0.0,0.279621,"[{""label"": ""flame"", ""score"": 0.2796, ""box"": [465, 36, 509, 74]}, {""label"": ""flame"", ""score"": 0.0785, ""box"": [569, 35, 782, 151]}]",0,1,0,0,0,0
coolerbot,pyronear,1710,57.057,0,0,296.9,0.0,0.0,[],0,0,0,0,0,0
coolerbot,dfine,1740,58.058,0,0,374.8,0.090909,0.0,"[{""label"": ""smoke"", ""score"": 0.0909, ""box"": [182, 57, 223, 127]}]",0,0,0,0,0,0
coolerbot,yolo,1740,58.058,0,0,696.6,0.0,0.0,[],0,0,0,0,0,0
coolerbot,dfire_yolov8n,1740,58.058,0,0,55.1,0.0,0.0,[],0,0,0,0,0,0
coolerbot,soul,1740,58.058,0,0,47.3,0.0,0.060243,"[{""label"": ""flame"", ""score"": 0.0602, ""box"": [355, 254, 426, 291]}]",0,0,0,0,0,0
coolerbot,pyronear,1740,58.058,0,0,324.4,0.0,0.0,[],0,0,0,0,0,0
coolerbot,dfine,1770,59.059,0,0,379.8,0.063238,0.0,"[{""label"": ""smoke"", ""score"": 0.0632, ""box"": [73, 45, 121, 119]}, {""label"": ""smoke"", ""score"": 0.0612, ""box"": [73, 43, 153, 119]}, {""label"": ""smoke"", ""score"": 0.0581, ""box"": [72, 43, 117, 118]}]",0,0,0,0,0,0
coolerbot,yolo,1770,59.059,0,0,682.3,0.0,0.0,[],0,0,0,0,0,0
coolerbot,dfire_yolov8n,1770,59.059,0,0,49.1,0.0,0.0,[],0,0,0,0,0,0
coolerbot,soul,1770,59.059,0,0,53.8,0.0,0.315868,"[{""label"": ""flame"", ""score"": 0.3159, ""box"": [267, 251, 343, 294]}, {""label"": ""flame"", ""score"": 0.0698, ""box"": [343, 252, 413, 315]}]",0,1,0,0,0,0
coolerbot,pyronear,1770,59.059,0,0,329.4,0.0,0.0,[],0,0,0,0,0,0
coolerbot,dfine,1800,60.06,0,0,353.1,0.0,0.0,[],0,0,0,0,0,0
coolerbot,yolo,1800,60.06,0,0,710.7,0.0,0.0,[],0,0,0,0,0,0
coolerbot,dfire_yolov8n,1800,60.06,0,0,48.0,0.0,0.0,[],0,0,0,0,0,0
coolerbot,soul,1800,60.06,0,0,53.0,0.0,0.0,[],0,0,0,0,0,0
coolerbot,pyronear,1800,60.06,0,0,331.9,0.0,0.0,[],0,0,0,0,0,0
coolerbot,dfine,1830,61.061,0,0,372.8,0.0,0.0,[],0,0,0,0,0,0
coolerbot,yolo,1830,61.061,0,0,706.9,0.0,0.0,[],0,0,0,0,0,0
coolerbot,dfire_yolov8n,1830,61.061,0,0,54.3,0.0,0.0,[],0,0,0,0,0,0
coolerbot,soul,1830,61.061,0,0,55.5,0.0,0.080024,"[{""label"": ""flame"", ""score"": 0.08, ""box"": [262, 246, 311, 279]}]",0,0,0,0,0,0
coolerbot,pyronear,1830,61.061,0,0,301.7,0.267446,0.0,"[{""label"": ""smoke"", ""score"": 0.2674, ""box"": [81, 199, 90, 209]}]",1,0,0,0,0,0
coolerbot,dfine,1860,62.062,0,0,374.0,0.0,0.0,[],0,0,0,0,0,0
coolerbot,yolo,1860,62.062,0,0,719.3,0.0,0.0,[],0,0,0,0,0,0
coolerbot,dfire_yolov8n,1860,62.062,0,0,50.1,0.0,0.0,[],0,0,0,0,0,0
coolerbot,soul,1860,62.062,0,0,49.2,0.0,0.07164,"[{""label"": ""flame"", ""score"": 0.0716, ""box"": [338, 288, 424, 346]}, {""label"": ""flame"", ""score"": 0.0534, ""box"": [301, 287, 333, 320]}]",0,0,0,0,0,0
coolerbot,pyronear,1860,62.062,0,0,316.7,0.0,0.0,[],0,0,0,0,0,0
coolerbot,dfine,1890,63.063,0,0,386.4,0.0,0.0,[],0,0,0,0,0,0
coolerbot,yolo,1890,63.063,0,0,690.6,0.0,0.0,[],0,0,0,0,0,0
coolerbot,dfire_yolov8n,1890,63.063,0,0,56.6,0.0,0.0,[],0,0,0,0,0,0
coolerbot,soul,1890,63.063,0,0,55.4,0.0,0.337994,"[{""label"": ""flame"", ""score"": 0.338, ""box"": [309, 263, 396, 323]}]",0,1,0,0,0,0
coolerbot,pyronear,1890,63.063,0,0,300.0,0.0,0.0,[],0,0,0,0,0,0
coolerbot,dfine,1920,64.064,0,0,361.0,0.118825,0.0,"[{""label"": ""smoke"", ""score"": 0.1188, ""box"": [292, 38, 689, 248]}]",0,0,0,0,0,0
coolerbot,yolo,1920,64.064,0,0,688.8,0.0,0.0,[],0,0,0,0,0,0
coolerbot,dfire_yolov8n,1920,64.064,0,0,50.1,0.0,0.0,[],0,0,0,0,0,0
coolerbot,soul,1920,64.064,0,0,57.4,0.0,0.0,[],0,0,0,0,0,0
coolerbot,pyronear,1920,64.064,0,0,313.5,0.0,0.0,[],0,0,0,0,0,0
coolerbot,dfine,1950,65.065,0,0,393.2,0.396726,0.0,"[{""label"": ""smoke"", ""score"": 0.3967, ""box"": [357, 62, 554, 247]}, {""label"": ""smoke"", ""score"": 0.3538, ""box"": [351, 42, 694, 248]}, {""label"": ""smoke"", ""score"": 0.3504, ""box"": [381, 89, 548, 247]}, {""label"": ""smoke"", ""score"": 0.2547, ""box"": [413, 107, 543, 248]}, {""label"": ""smoke"", ""score"": 0.25, ""box"": [354, 53, 615, 247]}, {""label"": ""smoke"", ""score"": 0.2408, ""box"": [455, 112, 538, 248]}, {""label"": ""smoke"", ""score"": 0.2322, ""box"": [466, 156, 524, 248]}, {""label"": ""smoke"", ""score"": 0.1885, ""box"": [349, 39, 777, 250]}, {""label"": ""smoke"", ""score"": 0.1878, ""box"": [378, 92, 623, 248]}, {""label"": ""smoke"", ""score"": 0.1815, ""box"": [349, 39, 777, 250]}, {""label"": ""smoke"", ""score"": 0.1554, ""box"": [410, 127, 534, 247]}, {""label"": ""smoke"", ""score"": 0.1469, ""box"": [394, 108, 599, 248]}, {""label"": ""smoke"", ""score"": 0.1443, ""box"": [468, 191, 520, 248]}, {""label"": ""smoke"", ""score"": 0.1328, ""box"": [376, 96, 689, 248]}, {""label"": ""smoke"", ""score"": 0.0996, ""box"": [359, 71, 660, 248]}, {""label"": ""smoke"", ""score"": 0.0978, ""box"": [231, 39, 568, 248]}, {""label"": ""smoke"", ""score"": 0.0953, ""box"": [389, 109, 667, 248]}, {""label"": ""smoke"", ""score"": 0.0952, ""box"": [351, 40, 555, 190]}, {""label"": ""smoke"", ""score"": 0.0925, ""box"": [352, 53, 479, 173]}, {""label"": ""smoke"", ""score"": 0.0925, ""box"": [439, 85, 591, 248]}, {""label"": ""smoke"", ""score"": 0.0922, ""box"": [413, 66, 701, 247]}, {""label"": ""smoke"", ""score"": 0.0914, ""box"": [253, 40, 550, 248]}, {""label"": ""smoke"", ""score"": 0.089, ""box"": [150, 39, 697, 248]}, {""label"": ""smoke"", ""score"": 0.0885, ""box"": [354, 39, 694, 174]}, {""label"": ""smoke"", ""score"": 0.0877, ""box"": [351, 47, 479, 172]}, {""label"": ""smoke"", ""score"": 0.0862, ""box"": [658, 348, 714, 403]}, {""label"": ""smoke"", ""score"": 0.0857, ""box"": [352, 56, 542, 186]}, {""label"": ""smoke"", ""score"": 0.0837, ""box"": [529, 39, 697, 135]}, {""label"": ""smoke"", ""score"": 0.0826, ""box"": [357, 76, 540, 186]}, {""label"": ""smoke"", ""score"": 0.0804, ""box"": [762, 136, 786, 188]}, {""label"": ""smoke"", ""score"": 0.0798, ""box"": [352, 47, 551, 193]}, {""label"": ""smoke"", ""score"": 0.0787, ""box"": [634, 73, 698, 132]}, {""label"": ""smoke"", ""score"": 0.0748, ""box"": [451, 106, 692, 248]}, {""label"": ""smoke"", ""score"": 0.0736, ""box"": [68, 261, 730, 439]}, {""label"": ""smoke"", ""score"": 0.0712, ""box"": [358, 75, 502, 184]}, {""label"": ""smoke"", ""score"": 0.0673, ""box"": [160, 144, 170, 158]}, {""label"": ""smoke"", ""score"": 0.066, ""box"": [145, 39, 596, 248]}, {""label"": ""smoke"", ""score"": 0.0656, ""box"": [604, 115, 637, 139]}, {""label"": ""smoke"", ""score"": 0.0649, ""box"": [141, 375, 194, 434]}, {""label"": ""smoke"", ""score"": 0.0641, ""box"": [626, 41, 697, 131]}, {""label"": ""smoke"", ""score"": 0.0638, ""box"": [150, 39, 601, 248]}, {""label"": ""smoke"", ""score"": 0.0635, ""box"": [351, 41, 476, 146]}, {""label"": ""smoke"", ""score"": 0.0634, ""box"": [350, 40, 425, 112]}, {""label"": ""smoke"", ""score"": 0.0614, ""box"": [455, 107, 546, 248]}, {""label"": ""smoke"", ""score"": 0.0582, ""box"": [437, 114, 533, 247]}, {""label"": ""smoke"", ""score"": 0.0559, ""box"": [351, 40, 566, 191]}, {""label"": ""smoke"", ""score"": 0.0548, ""box"": [374, 86, 546, 193]}, {""label"": ""smoke"", ""score"": 0.0544, ""box"": [69, 316, 235, 439]}, {""label"": ""smoke"", ""score"": 0.0542, ""box"": [137, 348, 221, 434]}, {""label"": ""smoke"", ""score"": 0.0538, ""box"": [68, 283, 238, 439]}, {""label"": ""smoke"", ""score"": 0.0536, ""box"": [231, 45, 569, 248]}, {""label"": ""smoke"", ""score"": 0.0504, ""box"": [70, 396, 101, 442]}]",1,0,0,0,0,0
coolerbot,yolo,1950,65.065,0,0,679.3,0.0,0.0,[],0,0,0,0,0,0
coolerbot,dfire_yolov8n,1950,65.065,0,0,60.9,0.0,0.0,[],0,0,0,0,0,0
coolerbot,soul,1950,65.065,0,0,47.2,0.0,0.0,[],0,0,0,0,0,0
coolerbot,pyronear,1950,65.065,0,0,316.9,0.0,0.0,[],0,0,0,0,0,0
coolerbot,dfine,1980,66.066,0,0,370.0,0.395477,0.28843,"[{""label"": ""smoke"", ""score"": 0.3955, ""box"": [89, 39, 286, 186]}, {""label"": ""smoke"", ""score"": 0.3806, ""box"": [430, 38, 623, 199]}, {""label"": ""flame"", ""score"": 0.2884, ""box"": [560, 76, 596, 99]}, {""label"": ""smoke"", ""score"": 0.2849, ""box"": [93, 37, 629, 198]}, {""label"": ""smoke"", ""score"": 0.2593, ""box"": [432, 74, 499, 173]}, {""label"": ""smoke"", ""score"": 0.2379, ""box"": [428, 74, 500, 193]}, {""label"": ""smoke"", ""score"": 0.2203, ""box"": [78, 37, 780, 204]}, {""label"": ""smoke"", ""score"": 0.2168, ""box"": [84, 38, 496, 189]}, {""label"": ""smoke"", ""score"": 0.1701, ""box"": [99, 37, 771, 206]}, {""label"": ""smoke"", ""score"": 0.1686, ""box"": [500, 38, 623, 200]}, {""label"": ""smoke"", ""score"": 0.1676, ""box"": [427, 37, 767, 205]}, {""label"": ""smoke"", ""score"": 0.1675, ""box"": [732, 122, 763, 184]}, {""label"": ""smoke"", ""score"": 0.1649, ""box"": [237, 127, 280, 186]}, {""label"": ""smoke"", ""score"": 0.1613, ""box"": [75, 38, 562, 192]}, {""label"": ""smoke"", ""score"": 0.1562, ""box"": [686, 39, 765, 184]}, {""label"": ""smoke"", ""score"": 0.1557, ""box"": [428, 39, 571, 200]}, {""label"": ""smoke"", ""score"": 0.1545, ""box"": [169, 38, 626, 198]}, {""label"": ""smoke"", ""score"": 0.1496, ""box"": [728, 74, 763, 184]}, {""label"": ""smoke"", ""score"": 0.1485, ""box"": [415, 46, 499, 173]}, {""label"": ""smoke"", ""score"": 0.1455, ""box"": [431, 76, 548, 201]}, {""label"": ""smoke"", ""score"": 0.1376, ""box"": [360, 38, 624, 200]}, {""label"": ""flame"", ""score"": 0.1372, ""box"": [558, 63, 597, 100]}, {""label"": ""smoke"", ""score"": 0.1334, ""box"": [610, 38, 771, 204]}, {""label"": ""smoke"", ""score"": 0.1313, ""box"": [227, 77, 286, 185]}, {""label"": ""smoke"", ""score"": 0.1275, ""box"": [484, 39, 572, 202]}, {""label"": ""flame"", ""score"": 0.127, ""box"": [521, 38, 598, 100]}, {""label"": ""smoke"", ""score"": 0.1231, ""box"": [547, 38, 625, 100]}, {""label"": ""smoke"", ""score"": 0.1223, ""box"": [430, 72, 550, 201]}, {""label"": ""smoke"", ""score"": 0.1218, ""box"": [109, 63, 277, 187]}, {""label"": ""smoke"", ""score"": 0.1204, ""box"": [564, 37, 628, 77]}, {""label"": ""smoke"", ""score"": 0.1199, ""box"": [735, 126, 762, 167]}, {""label"": ""smoke"", ""score"": 0.1153, ""box"": [518, 37, 626, 99]}, {""label"": ""smoke"", ""score"": 0.1123, ""box"": [213, 39, 295, 185]}, {""label"": ""smoke"", ""score"": 0.1121, ""box"": [373, 37, 409, 72]}, {""label"": ""smoke"", ""score"": 0.1117, ""box"": [236, 38, 629, 204]}, {""label"": ""smoke"", ""score"": 0.111, ""box"": [378, 40, 538, 198]}, {""label"": ""smoke"", ""score"": 0.1054, ""box"": [203, 40, 290, 185]}, {""label"": ""smoke"", ""score"": 0.1028, ""box"": [424, 61, 544, 200]}, {""label"": ""smoke"", ""score"": 0.1015, ""box"": [232, 89, 284, 186]}, {""label"": ""smoke"", ""score"": 0.1009, ""box"": [687, 38, 770, 205]}, {""label"": ""smoke"", ""score"": 0.1002, ""box"": [280, 39, 505, 192]}, {""label"": ""smoke"", ""score"": 0.0986, ""box"": [168, 67, 280, 186]}, {""label"": ""smoke"", ""score"": 0.0971, ""box"": [274, 37, 630, 204]}, {""label"": ""smoke"", ""score"": 0.0967, ""box"": [332, 39, 580, 199]}, {""label"": ""smoke"", ""score"": 0.0953, ""box"": [576, 37, 628, 66]}, {""label"": ""smoke"", ""score"": 0.0945, ""box"": [516, 39, 591, 200]}, {""label"": ""smoke"", ""score"": 0.0933, ""box"": [221, 37, 771, 206]}, {""label"": ""smoke"", ""score"": 0.0932, ""box"": [249, 39, 564, 195]}, {""label"": ""smoke"", ""score"": 0.0927, ""box"": [174, 38, 331, 186]}, {""label"": ""smoke"", ""score"": 0.0923, ""box"": [504, 38, 599, 198]}, {""label"": ""smoke"", ""score"": 0.0899, ""box"": [199, 41, 288, 184]}, {""label"": ""smoke"", ""score"": 0.0888, ""box"": [724, 39, 767, 186]}, {""label"": ""smoke"", ""score"": 0.0886, ""box"": [220, 37, 768, 202]}, {""label"": ""smoke"", ""score"": 0.0874, ""box"": [115, 38, 319, 127]}, {""label"": ""smoke"", ""score"": 0.0873, ""box"": [443, 308, 474, 342]}, {""label"": ""smoke"", ""score"": 0.0869, ""box"": [234, 104, 292, 186]}, {""label"": ""smoke"", ""score"": 0.0845, ""box"": [491, 68, 558, 202]}, {""label"": ""smoke"", ""score"": 0.0843, ""box"": [118, 39, 293, 121]}, {""label"": ""smoke"", ""score"": 0.0841, ""box"": [169, 82, 280, 186]}, {""label"": ""smoke"", ""score"": 0.0838, ""box"": [445, 38, 586, 159]}, {""label"": ""smoke"", ""score"": 0.0823, ""box"": [494, 90, 556, 202]}, {""label"": ""smoke"", ""score"": 0.0821, ""box"": [85, 37, 629, 197]}, {""label"": ""smoke"", ""score"": 0.0821, ""box"": [470, 37, 625, 109]}, {""label"": ""smoke"", ""score"": 0.0813, ""box"": [521, 38, 598, 100]}, {""label"": ""smoke"", ""score"": 0.0803, ""box"": [266, 317, 316, 366]}, {""label"": ""smoke"", ""score"": 0.08, ""box"": [560, 76, 596, 99]}, {""label"": ""smoke"", ""score"": 0.0781, ""box"": [102, 39, 240, 127]}, {""label"": ""smoke"", ""score"": 0.0777, ""box"": [236, 126, 292, 187]}, {""label"": ""smoke"", ""score"": 0.0747, ""box"": [608, 115, 680, 207]}, {""label"": ""smoke"", ""score"": 0.0734, ""box"": [563, 99, 681, 209]}, {""label"": ""smoke"", ""score"": 0.0731, ""box"": [68, 37, 166, 118]}, {""label"": ""smoke"", ""score"": 0.0725, ""box"": [495, 108, 553, 203]}, {""label"": ""smoke"", ""score"": 0.072, ""box"": [478, 37, 623, 136]}, {""label"": ""smoke"", ""score"": 0.0716, ""box"": [533, 38, 629, 195]}, {""label"": ""smoke"", ""score"": 0.0708, ""box"": [692, 72, 763, 184]}, {""label"": ""smoke"", ""score"": 0.0704, ""box"": [359, 37, 486, 81]}, {""label"": ""smoke"", ""score"": 0.0694, ""box"": [469, 37, 599, 105]}, {""label"": ""flame"", ""score"": 0.0693, ""box"": [547, 38, 625, 100]}, {""label"": ""smoke"", ""score"": 0.0686, ""box"": [108, 39, 225, 110]}, {""label"": ""smoke"", ""score"": 0.0677, ""box"": [68, 37, 170, 133]}, {""label"": ""smoke"", ""score"": 0.0677, ""box"": [235, 130, 291, 186]}, {""label"": ""flame"", ""score"": 0.0674, ""box"": [518, 37, 626, 99]}, {""label"": ""smoke"", ""score"": 0.0674, ""box"": [469, 37, 595, 94]}, {""label"": ""smoke"", ""score"": 0.0674, ""box"": [67, 38, 253, 189]}, {""label"": ""smoke"", ""score"": 0.0671, ""box"": [428, 54, 488, 82]}, {""label"": ""flame"", ""score"": 0.0661, ""box"": [521, 37, 574, 74]}, {""label"": ""smoke"", ""score"": 0.066, ""box"": [521, 37, 574, 74]}, {""label"": ""smoke"", ""score"": 0.0658, ""box"": [583, 37, 628, 61]}, {""label"": ""smoke"", ""score"": 0.0647, ""box"": [110, 78, 278, 187]}, {""label"": ""smoke"", ""score"": 0.0645, ""box"": [503, 37, 774, 180]}, {""label"": ""smoke"", ""score"": 0.0631, ""box"": [489, 37, 625, 114]}, {""label"": ""smoke"", ""score"": 0.0628, ""box"": [485, 38, 595, 138]}, {""label"": ""flame"", ""score"": 0.062, ""box"": [432, 74, 499, 173]}, {""label"": ""smoke"", ""score"": 0.0619, ""box"": [517, 38, 596, 122]}, {""label"": ""smoke"", ""score"": 0.0619, ""box"": [273, 39, 523, 198]}, {""label"": ""smoke"", ""score"": 0.0597, ""box"": [470, 37, 605, 112]}, {""label"": ""smoke"", ""score"": 0.0597, ""box"": [725, 85, 767, 207]}, {""label"": ""smoke"", ""score"": 0.0586, ""box"": [538, 95, 678, 209]}, {""label"": ""smoke"", ""score"": 0.0582, ""box"": [112, 38, 171, 94]}, {""label"": ""smoke"", ""score"": 0.0577, ""box"": [67, 296, 164, 373]}, {""label"": ""smoke"", ""score"": 0.0568, ""box"": [723, 73, 770, 208]}, {""label"": ""smoke"", ""score"": 0.0567, ""box"": [748, 39, 785, 65]}, {""label"": ""smoke"", ""score"": 0.056, ""box"": [70, 38, 562, 229]}, {""label"": ""smoke"", ""score"": 0.0551, ""box"": [358, 38, 770, 206]}, {""label"": ""smoke"", ""score"": 0.0549, ""box"": [158, 38, 325, 128]}, {""label"": ""smoke"", ""score"": 0.0548, ""box"": [95, 38, 675, 234]}, {""label"": ""smoke"", ""score"": 0.0547, ""box"": [224, 39, 323, 117]}, {""label"": ""smoke"", ""score"": 0.0545, ""box"": [706, 68, 766, 200]}, {""label"": ""smoke"", ""score"": 0.0538, ""box"": [440, 277, 493, 347]}, {""label"": ""flame"", ""score"": 0.0537, ""box"": [558, 64, 598, 100]}, {""label"": ""smoke"", ""score"": 0.0526, ""box"": [212, 39, 322, 126]}, {""label"": ""smoke"", ""score"": 0.0524, ""box"": [726, 55, 764, 183]}, {""label"": ""smoke"", ""score"": 0.0518, ""box"": [205, 119, 280, 187]}, {""label"": ""smoke"", ""score"": 0.0512, ""box"": [502, 39, 583, 201]}, {""label"": ""smoke"", ""score"": 0.0512, ""box"": [96, 38, 194, 125]}, {""label"": ""smoke"", ""score"": 0.0509, ""box"": [244, 315, 317, 368]}, {""label"": ""smoke"", ""score"": 0.0509, ""box"": [104, 38, 177, 108]}, {""label"": ""smoke"", ""score"": 0.0506, ""box"": [622, 37, 773, 195]}, {""label"": ""smoke"", ""score"": 0.0504, ""box"": [66, 327, 92, 373]}]",1,1,0,0,0,0
coolerbot,yolo,1980,66.066,0,0,707.6,0.0,0.0,[],0,0,0,0,0,0
coolerbot,dfire_yolov8n,1980,66.066,0,0,46.6,0.0,0.0,[],0,0,0,0,0,0
coolerbot,soul,1980,66.066,0,0,53.0,0.0,0.0,[],0,0,0,0,0,0
coolerbot,pyronear,1980,66.066,0,0,313.8,0.0,0.0,[],0,0,0,0,0,0
coolerbot,dfine,2010,67.067,0,0,373.2,0.28692,0.113175,"[{""label"": ""smoke"", ""score"": 0.2869, ""box"": [354, 102, 426, 221]}, {""label"": ""smoke"", ""score"": 0.1675, ""box"": [364, 106, 424, 174]}, {""label"": ""smoke"", ""score"": 0.1231, ""box"": [351, 43, 545, 226]}, {""label"": ""smoke"", ""score"": 0.117, ""box"": [75, 74, 234, 238]}, {""label"": ""smoke"", ""score"": 0.1166, ""box"": [131, 80, 231, 238]}, {""label"": ""smoke"", ""score"": 0.1162, ""box"": [95, 78, 234, 238]}, {""label"": ""flame"", ""score"": 0.1132, ""box"": [490, 98, 526, 121]}, {""label"": ""smoke"", ""score"": 0.1004, ""box"": [72, 43, 422, 238]}, {""label"": ""smoke"", ""score"": 0.0984, ""box"": [140, 119, 213, 238]}, {""label"": ""smoke"", ""score"": 0.0945, ""box"": [115, 89, 227, 238]}, {""label"": ""smoke"", ""score"": 0.0888, ""box"": [754, 38, 786, 98]}, {""label"": ""smoke"", ""score"": 0.0841, ""box"": [81, 75, 425, 239]}, {""label"": ""smoke"", ""score"": 0.0784, ""box"": [125, 42, 547, 237]}, {""label"": ""smoke"", ""score"": 0.0771, ""box"": [120, 111, 220, 239]}, {""label"": ""smoke"", ""score"": 0.0763, ""box"": [663, 98, 710, 230]}, {""label"": ""smoke"", ""score"": 0.0758, ""box"": [387, 364, 417, 406]}, {""label"": ""smoke"", ""score"": 0.0747, ""box"": [350, 62, 425, 218]}, {""label"": ""smoke"", ""score"": 0.0742, ""box"": [473, 117, 497, 172]}, {""label"": ""smoke"", ""score"": 0.0734, ""box"": [331, 60, 398, 108]}, {""label"": ""smoke"", ""score"": 0.0732, ""box"": [300, 69, 337, 108]}, {""label"": ""smoke"", ""score"": 0.0731, ""box"": [353, 76, 531, 230]}, {""label"": ""smoke"", ""score"": 0.0708, ""box"": [386, 332, 439, 411]}, {""label"": ""smoke"", ""score"": 0.0703, ""box"": [297, 42, 399, 109]}, {""label"": ""smoke"", ""score"": 0.07, ""box"": [353, 83, 528, 235]}, {""label"": ""smoke"", ""score"": 0.0683, ""box"": [678, 200, 709, 231]}, {""label"": ""smoke"", ""score"": 0.0675, ""box"": [421, 104, 490, 245]}, {""label"": ""smoke"", ""score"": 0.066, ""box"": [350, 81, 533, 231]}, {""label"": ""smoke"", ""score"": 0.063, ""box"": [78, 111, 212, 238]}, {""label"": ""smoke"", ""score"": 0.0627, ""box"": [694, 201, 709, 231]}, {""label"": ""smoke"", ""score"": 0.0623, ""box"": [617, 42, 697, 221]}, {""label"": ""smoke"", ""score"": 0.0622, ""box"": [326, 44, 399, 108]}, {""label"": ""smoke"", ""score"": 0.0622, ""box"": [488, 39, 552, 112]}, {""label"": ""smoke"", ""score"": 0.0621, ""box"": [225, 95, 425, 234]}, {""label"": ""smoke"", ""score"": 0.0613, ""box"": [658, 41, 783, 225]}, {""label"": ""smoke"", ""score"": 0.061, ""box"": [448, 40, 550, 178]}, {""label"": ""smoke"", ""score"": 0.0606, ""box"": [69, 74, 235, 173]}, {""label"": ""smoke"", ""score"": 0.0603, ""box"": [181, 45, 423, 227]}, {""label"": ""flame"", ""score"": 0.0603, ""box"": [354, 102, 426, 221]}, {""label"": ""smoke"", ""score"": 0.0603, ""box"": [664, 92, 695, 205]}, {""label"": ""smoke"", ""score"": 0.0603, ""box"": [620, 85, 694, 225]}, {""label"": ""smoke"", ""score"": 0.0593, ""box"": [341, 46, 502, 243]}, {""label"": ""smoke"", ""score"": 0.0584, ""box"": [557, 39, 780, 230]}, {""label"": ""smoke"", ""score"": 0.0582, ""box"": [69, 44, 234, 174]}, {""label"": ""smoke"", ""score"": 0.0581, ""box"": [302, 57, 399, 109]}, {""label"": ""smoke"", ""score"": 0.0575, ""box"": [357, 94, 495, 199]}, {""label"": ""smoke"", ""score"": 0.0572, ""box"": [490, 98, 526, 121]}, {""label"": ""smoke"", ""score"": 0.057, ""box"": [235, 87, 425, 230]}, {""label"": ""smoke"", ""score"": 0.0568, ""box"": [69, 42, 233, 174]}, {""label"": ""smoke"", ""score"": 0.0564, ""box"": [73, 45, 424, 238]}, {""label"": ""smoke"", ""score"": 0.0557, ""box"": [568, 302, 613, 348]}, {""label"": ""smoke"", ""score"": 0.0555, ""box"": [461, 39, 551, 114]}, {""label"": ""smoke"", ""score"": 0.0554, ""box"": [187, 71, 424, 232]}, {""label"": ""smoke"", ""score"": 0.0547, ""box"": [98, 82, 426, 238]}, {""label"": ""smoke"", ""score"": 0.0547, ""box"": [552, 39, 701, 224]}, {""label"": ""smoke"", ""score"": 0.0545, ""box"": [223, 40, 400, 111]}, {""label"": ""smoke"", ""score"": 0.0541, ""box"": [196, 44, 488, 231]}, {""label"": ""smoke"", ""score"": 0.0535, ""box"": [113, 92, 425, 239]}, {""label"": ""smoke"", ""score"": 0.0532, ""box"": [668, 142, 709, 230]}, {""label"": ""smoke"", ""score"": 0.0529, ""box"": [332, 39, 716, 237]}, {""label"": ""smoke"", ""score"": 0.0527, ""box"": [69, 46, 235, 173]}, {""label"": ""smoke"", ""score"": 0.0526, ""box"": [129, 77, 235, 177]}, {""label"": ""smoke"", ""score"": 0.0526, ""box"": [158, 43, 535, 235]}, {""label"": ""smoke"", ""score"": 0.0519, ""box"": [422, 106, 491, 246]}, {""label"": ""smoke"", ""score"": 0.0519, ""box"": [359, 39, 777, 233]}, {""label"": ""smoke"", ""score"": 0.0514, ""box"": [355, 40, 698, 236]}, {""label"": ""smoke"", ""score"": 0.0513, ""box"": [78, 38, 771, 240]}, {""label"": ""smoke"", ""score"": 0.0507, ""box"": [150, 167, 205, 239]}, {""label"": ""smoke"", ""score"": 0.0507, ""box"": [565, 40, 702, 229]}, {""label"": ""smoke"", ""score"": 0.0501, ""box"": [68, 42, 198, 234]}]",1,0,0,0,0,0
coolerbot,yolo,2010,67.067,0,0,715.4,0.0,0.0,[],0,0,0,0,0,0
coolerbot,dfire_yolov8n,2010,67.067,0,0,53.9,0.0,0.0,[],0,0,0,0,0,0
coolerbot,soul,2010,67.067,0,0,60.9,0.0,0.0,[],0,0,0,0,0,0
coolerbot,pyronear,2010,67.067,0,0,300.5,0.0,0.0,[],0,0,0,0,0,0
coolerbot,dfine,2040,68.068,0,0,365.0,0.193636,0.063733,"[{""label"": ""smoke"", ""score"": 0.1936, ""box"": [379, 43, 519, 253]}, {""label"": ""smoke"", ""score"": 0.1869, ""box"": [444, 97, 513, 255]}, {""label"": ""smoke"", ""score"": 0.1714, ""box"": [445, 98, 513, 255]}, {""label"": ""smoke"", ""score"": 0.1679, ""box"": [426, 47, 519, 255]}, {""label"": ""smoke"", ""score"": 0.1595, ""box"": [438, 44, 517, 255]}, {""label"": ""smoke"", ""score"": 0.139, ""box"": [405, 42, 568, 254]}, {""label"": ""smoke"", ""score"": 0.1356, ""box"": [381, 99, 515, 254]}, {""label"": ""smoke"", ""score"": 0.0999, ""box"": [432, 41, 600, 254]}, {""label"": ""smoke"", ""score"": 0.088, ""box"": [456, 158, 512, 256]}, {""label"": ""smoke"", ""score"": 0.0863, ""box"": [377, 107, 447, 196]}, {""label"": ""smoke"", ""score"": 0.0776, ""box"": [436, 74, 543, 255]}, {""label"": ""smoke"", ""score"": 0.0772, ""box"": [481, 199, 512, 258]}, {""label"": ""smoke"", ""score"": 0.0735, ""box"": [156, 172, 221, 237]}, {""label"": ""smoke"", ""score"": 0.0709, ""box"": [401, 40, 720, 252]}, {""label"": ""smoke"", ""score"": 0.0693, ""box"": [644, 41, 723, 224]}, {""label"": ""smoke"", ""score"": 0.0679, ""box"": [156, 177, 222, 238]}, {""label"": ""smoke"", ""score"": 0.0652, ""box"": [373, 113, 447, 221]}, {""label"": ""smoke"", ""score"": 0.0644, ""box"": [443, 84, 593, 254]}, {""label"": ""flame"", ""score"": 0.0637, ""box"": [512, 92, 552, 121]}, {""label"": ""smoke"", ""score"": 0.0621, ""box"": [459, 186, 512, 257]}, {""label"": ""smoke"", ""score"": 0.0612, ""box"": [439, 56, 515, 255]}, {""label"": ""smoke"", ""score"": 0.06, ""box"": [415, 41, 512, 237]}, {""label"": ""smoke"", ""score"": 0.0586, ""box"": [487, 237, 507, 259]}, {""label"": ""smoke"", ""score"": 0.0544, ""box"": [497, 118, 519, 169]}, {""label"": ""flame"", ""score"": 0.0543, ""box"": [515, 99, 551, 120]}, {""label"": ""smoke"", ""score"": 0.0531, ""box"": [446, 65, 599, 253]}, {""label"": ""smoke"", ""score"": 0.0529, ""box"": [474, 57, 522, 136]}, {""label"": ""smoke"", ""score"": 0.0523, ""box"": [487, 235, 515, 259]}, {""label"": ""smoke"", ""score"": 0.0523, ""box"": [503, 39, 585, 122]}, {""label"": ""smoke"", ""score"": 0.0515, ""box"": [470, 171, 513, 257]}, {""label"": ""smoke"", ""score"": 0.051, ""box"": [143, 116, 225, 237]}]",0,0,0,0,0,0
coolerbot,yolo,2040,68.068,0,0,685.5,0.0,0.0,[],0,0,0,0,0,0
coolerbot,dfire_yolov8n,2040,68.068,0,0,50.3,0.0,0.0,[],0,0,0,0,0,0
coolerbot,soul,2040,68.068,0,0,59.1,0.0,0.0,[],0,0,0,0,0,0
coolerbot,pyronear,2040,68.068,0,0,330.9,0.0,0.0,[],0,0,0,0,0,0
coolerbot,dfine,2070,69.069,0,0,365.8,0.14899,0.123343,"[{""label"": ""smoke"", ""score"": 0.149, ""box"": [287, 40, 449, 224]}, {""label"": ""smoke"", ""score"": 0.145, ""box"": [310, 40, 458, 224]}, {""label"": ""flame"", ""score"": 0.1233, ""box"": [415, 77, 455, 104]}, {""label"": ""smoke"", ""score"": 0.1213, ""box"": [556, 39, 624, 203]}, {""label"": ""smoke"", ""score"": 0.1163, ""box"": [332, 47, 420, 225]}, {""label"": ""flame"", ""score"": 0.1153, ""box"": [414, 64, 457, 104]}, {""label"": ""smoke"", ""score"": 0.1151, ""box"": [325, 41, 423, 226]}, {""label"": ""smoke"", ""score"": 0.111, ""box"": [288, 38, 622, 228]}, {""label"": ""smoke"", ""score"": 0.1059, ""box"": [305, 39, 536, 225]}, {""label"": ""flame"", ""score"": 0.1046, ""box"": [418, 81, 453, 103]}, {""label"": ""smoke"", ""score"": 0.1019, ""box"": [322, 41, 419, 222]}, {""label"": ""smoke"", ""score"": 0.0763, ""box"": [338, 79, 418, 225]}, {""label"": ""smoke"", ""score"": 0.071, ""box"": [473, 38, 624, 212]}, {""label"": ""smoke"", ""score"": 0.0696, ""box"": [334, 38, 623, 222]}, {""label"": ""smoke"", ""score"": 0.0688, ""box"": [271, 79, 346, 219]}, {""label"": ""smoke"", ""score"": 0.0637, ""box"": [280, 39, 525, 244]}, {""label"": ""smoke"", ""score"": 0.0604, ""box"": [590, 62, 624, 204]}, {""label"": ""smoke"", ""score"": 0.0585, ""box"": [298, 42, 432, 272]}, {""label"": ""smoke"", ""score"": 0.0557, ""box"": [265, 40, 522, 275]}, {""label"": ""smoke"", ""score"": 0.0549, ""box"": [424, 102, 544, 222]}, {""label"": ""smoke"", ""score"": 0.0537, ""box"": [357, 37, 776, 226]}, {""label"": ""smoke"", ""score"": 0.053, ""box"": [271, 40, 551, 272]}, {""label"": ""smoke"", ""score"": 0.0529, ""box"": [72, 38, 538, 226]}, {""label"": ""smoke"", ""score"": 0.0515, ""box"": [554, 38, 738, 216]}, {""label"": ""smoke"", ""score"": 0.0511, ""box"": [293, 39, 522, 237]}, {""label"": ""flame"", ""score"": 0.0503, ""box"": [721, 214, 746, 231]}]",0,0,0,0,0,0
coolerbot,yolo,2070,69.069,0,0,680.8,0.0,0.0,[],0,0,0,0,0,0
coolerbot,dfire_yolov8n,2070,69.069,0,0,56.0,0.0,0.0,[],0,0,0,0,0,0
coolerbot,soul,2070,69.069,0,0,50.5,0.0,0.0,[],0,0,0,0,0,0
coolerbot,pyronear,2070,69.069,0,0,315.4,0.0,0.0,[],0,0,0,0,0,0
coolerbot,dfine,2100,70.07,0,0,356.3,0.439436,0.118043,"[{""label"": ""smoke"", ""score"": 0.4394, ""box"": [254, 40, 371, 258]}, {""label"": ""smoke"", ""score"": 0.3519, ""box"": [216, 40, 373, 258]}, {""label"": ""smoke"", ""score"": 0.2157, ""box"": [271, 83, 363, 258]}, {""label"": ""smoke"", ""score"": 0.1475, ""box"": [204, 72, 366, 258]}, {""label"": ""smoke"", ""score"": 0.1426, ""box"": [322, 229, 367, 260]}, {""label"": ""smoke"", ""score"": 0.1239, ""box"": [255, 40, 349, 229]}, {""label"": ""smoke"", ""score"": 0.1197, ""box"": [496, 43, 568, 208]}, {""label"": ""smoke"", ""score"": 0.1193, ""box"": [75, 40, 376, 256]}, {""label"": ""flame"", ""score"": 0.118, ""box"": [663, 191, 695, 230]}, {""label"": ""smoke"", ""score"": 0.118, ""box"": [239, 39, 477, 256]}, {""label"": ""smoke"", ""score"": 0.1174, ""box"": [202, 39, 566, 256]}, {""label"": ""smoke"", ""score"": 0.1154, ""box"": [231, 39, 488, 257]}, {""label"": ""smoke"", ""score"": 0.1142, ""box"": [280, 122, 367, 259]}, {""label"": ""flame"", ""score"": 0.1046, ""box"": [323, 244, 343, 260]}, {""label"": ""smoke"", ""score"": 0.0992, ""box"": [252, 39, 562, 255]}, {""label"": ""smoke"", ""score"": 0.0982, ""box"": [323, 244, 343, 260]}, {""label"": ""flame"", ""score"": 0.0959, ""box"": [337, 76, 392, 101]}, {""label"": ""smoke"", ""score"": 0.0936, ""box"": [273, 112, 367, 259]}, {""label"": ""smoke"", ""score"": 0.0889, ""box"": [265, 39, 565, 250]}, {""label"": ""flame"", ""score"": 0.0803, ""box"": [664, 212, 691, 230]}, {""label"": ""smoke"", ""score"": 0.0773, ""box"": [342, 41, 567, 231]}, {""label"": ""smoke"", ""score"": 0.0757, ""box"": [532, 71, 568, 200]}, {""label"": ""smoke"", ""score"": 0.0744, ""box"": [207, 114, 365, 258]}, {""label"": ""smoke"", ""score"": 0.0741, ""box"": [230, 41, 505, 254]}, {""label"": ""smoke"", ""score"": 0.0736, ""box"": [205, 38, 770, 247]}, {""label"": ""smoke"", ""score"": 0.0726, ""box"": [285, 154, 367, 259]}, {""label"": ""smoke"", ""score"": 0.0715, ""box"": [188, 106, 272, 232]}, {""label"": ""smoke"", ""score"": 0.0714, ""box"": [244, 39, 533, 254]}, {""label"": ""smoke"", ""score"": 0.0708, ""box"": [498, 67, 567, 197]}, {""label"": ""smoke"", ""score"": 0.0704, ""box"": [73, 40, 362, 235]}, {""label"": ""smoke"", ""score"": 0.0693, ""box"": [337, 41, 567, 235]}, {""label"": ""smoke"", ""score"": 0.0664, ""box"": [194, 141, 271, 229]}, {""label"": ""smoke"", ""score"": 0.0653, ""box"": [498, 77, 566, 198]}, {""label"": ""smoke"", ""score"": 0.0638, ""box"": [178, 70, 348, 251]}, {""label"": ""smoke"", ""score"": 0.063, ""box"": [256, 38, 353, 152]}, {""label"": ""smoke"", ""score"": 0.0609, ""box"": [254, 39, 346, 150]}, {""label"": ""smoke"", ""score"": 0.0604, ""box"": [663, 191, 695, 230]}, {""label"": ""smoke"", ""score"": 0.0567, ""box"": [201, 135, 271, 188]}, {""label"": ""smoke"", ""score"": 0.0564, ""box"": [70, 45, 273, 222]}, {""label"": ""flame"", ""score"": 0.056, ""box"": [337, 80, 359, 99]}, {""label"": ""smoke"", ""score"": 0.055, ""box"": [195, 98, 272, 191]}, {""label"": ""smoke"", ""score"": 0.0548, ""box"": [527, 110, 569, 219]}, {""label"": ""smoke"", ""score"": 0.0547, ""box"": [493, 40, 677, 217]}, {""label"": ""smoke"", ""score"": 0.0543, ""box"": [337, 76, 392, 101]}, {""label"": ""smoke"", ""score"": 0.0536, ""box"": [498, 94, 567, 213]}, {""label"": ""smoke"", ""score"": 0.0536, ""box"": [448, 39, 570, 226]}, {""label"": ""smoke"", ""score"": 0.0534, ""box"": [491, 337, 523, 385]}, {""label"": ""smoke"", ""score"": 0.053, ""box"": [686, 123, 776, 182]}, {""label"": ""smoke"", ""score"": 0.0524, ""box"": [206, 145, 364, 259]}, {""label"": ""smoke"", ""score"": 0.0518, ""box"": [315, 191, 368, 260]}, {""label"": ""smoke"", ""score"": 0.0512, ""box"": [202, 38, 377, 186]}, {""label"": ""smoke"", ""score"": 0.0509, ""box"": [662, 130, 778, 229]}, {""label"": ""smoke"", ""score"": 0.0503, ""box"": [340, 96, 487, 235]}, {""label"": ""smoke"", ""score"": 0.0502, ""box"": [527, 114, 569, 221]}, {""label"": ""smoke"", ""score"": 0.0501, ""box"": [71, 42, 299, 232]}]",1,0,0,0,0,0
coolerbot,yolo,2100,70.07,0,0,693.6,0.0,0.0,[],0,0,0,0,0,0
coolerbot,dfire_yolov8n,2100,70.07,0,0,52.6,0.0,0.0,[],0,0,0,0,0,0
coolerbot,soul,2100,70.07,0,0,55.8,0.0,0.0,[],0,0,0,0,0,0
coolerbot,pyronear,2100,70.07,0,0,414.2,0.0,0.0,[],0,0,0,0,0,0
coolerbot,dfine,2130,71.071,0,0,362.8,0.430922,0.268701,"[{""label"": ""smoke"", ""score"": 0.4309, ""box"": [273, 39, 400, 277]}, {""label"": ""smoke"", ""score"": 0.2966, ""box"": [339, 263, 359, 279]}, {""label"": ""flame"", ""score"": 0.2687, ""box"": [357, 71, 416, 117]}, {""label"": ""flame"", ""score"": 0.2462, ""box"": [357, 90, 412, 117]}, {""label"": ""flame"", ""score"": 0.2434, ""box"": [694, 210, 728, 252]}, {""label"": ""smoke"", ""score"": 0.2335, ""box"": [213, 39, 409, 276]}, {""label"": ""flame"", ""score"": 0.228, ""box"": [695, 232, 724, 252]}, {""label"": ""smoke"", ""score"": 0.2019, ""box"": [291, 72, 378, 275]}, {""label"": ""smoke"", ""score"": 0.1952, ""box"": [338, 248, 383, 280]}, {""label"": ""smoke"", ""score"": 0.1786, ""box"": [276, 41, 372, 250]}, {""label"": ""flame"", ""score"": 0.1716, ""box"": [375, 71, 407, 102]}, {""label"": ""flame"", ""score"": 0.1679, ""box"": [339, 263, 359, 279]}, {""label"": ""flame"", ""score"": 0.1379, ""box"": [355, 40, 422, 118]}, {""label"": ""flame"", ""score"": 0.137, ""box"": [712, 235, 724, 252]}, {""label"": ""smoke"", ""score"": 0.1345, ""box"": [271, 39, 508, 276]}, {""label"": ""smoke"", ""score"": 0.1332, ""box"": [256, 39, 591, 275]}, {""label"": ""smoke"", ""score"": 0.1321, ""box"": [261, 39, 510, 276]}, {""label"": ""flame"", ""score"": 0.128, ""box"": [357, 93, 375, 113]}, {""label"": ""smoke"", ""score"": 0.1198, ""box"": [728, 147, 786, 203]}, {""label"": ""smoke"", ""score"": 0.1155, ""box"": [523, 42, 594, 217]}, {""label"": ""smoke"", ""score"": 0.1117, ""box"": [293, 79, 386, 277]}, {""label"": ""smoke"", ""score"": 0.1073, ""box"": [712, 144, 786, 206]}, {""label"": ""smoke"", ""score"": 0.1019, ""box"": [263, 39, 592, 253]}, {""label"": ""smoke"", ""score"": 0.0992, ""box"": [290, 99, 379, 276]}, {""label"": ""smoke"", ""score"": 0.0976, ""box"": [205, 120, 285, 247]}, {""label"": ""flame"", ""score"": 0.0969, ""box"": [710, 235, 724, 252]}, {""label"": ""smoke"", ""score"": 0.0944, ""box"": [238, 38, 778, 268]}, {""label"": ""smoke"", ""score"": 0.0911, ""box"": [694, 210, 728, 252]}, {""label"": ""smoke"", ""score"": 0.0896, ""box"": [695, 232, 724, 252]}, {""label"": ""smoke"", ""score"": 0.0894, ""box"": [692, 147, 785, 251]}, {""label"": ""smoke"", ""score"": 0.0865, ""box"": [210, 90, 382, 276]}, {""label"": ""smoke"", ""score"": 0.0862, ""box"": [309, 136, 384, 278]}, {""label"": ""smoke"", ""score"": 0.0859, ""box"": [277, 38, 419, 120]}, {""label"": ""smoke"", ""score"": 0.0849, ""box"": [432, 39, 593, 232]}, {""label"": ""smoke"", ""score"": 0.0834, ""box"": [279, 39, 561, 273]}, {""label"": ""smoke"", ""score"": 0.0831, ""box"": [357, 90, 412, 117]}, {""label"": ""smoke"", ""score"": 0.0828, ""box"": [283, 92, 382, 277]}, {""label"": ""smoke"", ""score"": 0.0828, ""box"": [294, 131, 382, 277]}, {""label"": ""flame"", ""score"": 0.0816, ""box"": [696, 235, 711, 250]}, {""label"": ""smoke"", ""score"": 0.0806, ""box"": [211, 120, 285, 200]}, {""label"": ""smoke"", ""score"": 0.0797, ""box"": [355, 40, 422, 118]}, {""label"": ""smoke"", ""score"": 0.0793, ""box"": [290, 95, 377, 272]}, {""label"": ""smoke"", ""score"": 0.0793, ""box"": [204, 93, 285, 201]}, {""label"": ""smoke"", ""score"": 0.079, ""box"": [304, 142, 384, 278]}, {""label"": ""smoke"", ""score"": 0.074, ""box"": [740, 165, 786, 197]}, {""label"": ""smoke"", ""score"": 0.0737, ""box"": [74, 39, 411, 254]}, {""label"": ""smoke"", ""score"": 0.0731, ""box"": [357, 71, 416, 117]}, {""label"": ""smoke"", ""score"": 0.0728, ""box"": [269, 39, 592, 261]}, {""label"": ""smoke"", ""score"": 0.0723, ""box"": [327, 38, 412, 109]}, {""label"": ""flame"", ""score"": 0.0709, ""box"": [377, 73, 398, 95]}, {""label"": ""smoke"", ""score"": 0.0699, ""box"": [66, 121, 84, 140]}, {""label"": ""smoke"", ""score"": 0.0693, ""box"": [321, 180, 385, 279]}, {""label"": ""smoke"", ""score"": 0.068, ""box"": [693, 165, 732, 251]}, {""label"": ""smoke"", ""score"": 0.0673, ""box"": [280, 59, 493, 272]}, {""label"": ""flame"", ""score"": 0.0658, ""box"": [706, 208, 728, 228]}, {""label"": ""smoke"", ""score"": 0.0657, ""box"": [333, 208, 384, 279]}, {""label"": ""flame"", ""score"": 0.0654, ""box"": [236, 249, 250, 260]}, {""label"": ""smoke"", ""score"": 0.064, ""box"": [282, 39, 576, 273]}, {""label"": ""smoke"", ""score"": 0.064, ""box"": [713, 148, 786, 229]}, {""label"": ""flame"", ""score"": 0.0633, ""box"": [378, 80, 393, 95]}, {""label"": ""smoke"", ""score"": 0.0628, ""box"": [525, 39, 716, 239]}, {""label"": ""smoke"", ""score"": 0.0626, ""box"": [416, 39, 594, 242]}, {""label"": ""smoke"", ""score"": 0.0623, ""box"": [67, 120, 95, 152]}, {""label"": ""smoke"", ""score"": 0.0622, ""box"": [320, 39, 425, 121]}, {""label"": ""smoke"", ""score"": 0.0607, ""box"": [272, 38, 408, 163]}, {""label"": ""smoke"", ""score"": 0.0603, ""box"": [294, 153, 383, 278]}, {""label"": ""smoke"", ""score"": 0.0601, ""box"": [89, 40, 389, 253]}, {""label"": ""smoke"", ""score"": 0.0601, ""box"": [194, 52, 360, 251]}, {""label"": ""smoke"", ""score"": 0.0597, ""box"": [747, 166, 786, 197]}, {""label"": ""smoke"", ""score"": 0.0585, ""box"": [306, 38, 418, 119]}, {""label"": ""smoke"", ""score"": 0.0577, ""box"": [680, 42, 785, 206]}, {""label"": ""smoke"", ""score"": 0.0574, ""box"": [288, 182, 383, 279]}, {""label"": ""flame"", ""score"": 0.0566, ""box"": [399, 91, 410, 104]}, {""label"": ""smoke"", ""score"": 0.0554, ""box"": [686, 152, 730, 249]}, {""label"": ""smoke"", ""score"": 0.0551, ""box"": [601, 42, 728, 241]}, {""label"": ""smoke"", ""score"": 0.0541, ""box"": [325, 38, 411, 95]}, {""label"": ""smoke"", ""score"": 0.054, ""box"": [433, 38, 593, 205]}, {""label"": ""smoke"", ""score"": 0.0539, ""box"": [364, 39, 413, 102]}, {""label"": ""flame"", ""score"": 0.0537, ""box"": [405, 79, 427, 106]}, {""label"": ""smoke"", ""score"": 0.0532, ""box"": [282, 37, 410, 105]}, {""label"": ""smoke"", ""score"": 0.0525, ""box"": [208, 37, 416, 157]}, {""label"": ""smoke"", ""score"": 0.0524, ""box"": [209, 183, 265, 251]}, {""label"": ""smoke"", ""score"": 0.0519, ""box"": [283, 37, 416, 125]}, {""label"": ""smoke"", ""score"": 0.0517, ""box"": [605, 43, 725, 243]}, {""label"": ""smoke"", ""score"": 0.0516, ""box"": [83, 37, 774, 258]}, {""label"": ""smoke"", ""score"": 0.0515, ""box"": [592, 39, 783, 214]}, {""label"": ""smoke"", ""score"": 0.051, ""box"": [272, 39, 371, 166]}, {""label"": ""smoke"", ""score"": 0.0508, ""box"": [712, 235, 724, 252]}, {""label"": ""smoke"", ""score"": 0.0505, ""box"": [629, 42, 784, 245]}]",1,1,0,0,0,0
coolerbot,yolo,2130,71.071,0,0,705.2,0.0,0.0,[],0,0,0,0,0,0
coolerbot,dfire_yolov8n,2130,71.071,0,0,63.2,0.0,0.0,[],0,0,0,0,0,0
coolerbot,soul,2130,71.071,0,0,50.1,0.0,0.0,[],0,0,0,0,0,0
coolerbot,pyronear,2130,71.071,0,0,318.6,0.0,0.0,[],0,0,0,0,0,0
coolerbot,dfine,2160,72.072,0,0,399.6,0.374837,0.149567,"[{""label"": ""smoke"", ""score"": 0.3748, ""box"": [242, 39, 350, 252]}, {""label"": ""smoke"", ""score"": 0.2041, ""box"": [172, 39, 354, 252]}, {""label"": ""smoke"", ""score"": 0.2027, ""box"": [305, 240, 327, 257]}, {""label"": ""smoke"", ""score"": 0.1835, ""box"": [242, 39, 336, 218]}, {""label"": ""smoke"", ""score"": 0.1603, ""box"": [304, 225, 352, 258]}, {""label"": ""flame"", ""score"": 0.1496, ""box"": [189, 218, 205, 232]}, {""label"": ""flame"", ""score"": 0.146, ""box"": [305, 240, 327, 257]}, {""label"": ""smoke"", ""score"": 0.1365, ""box"": [243, 39, 339, 221]}, {""label"": ""flame"", ""score"": 0.12, ""box"": [674, 197, 709, 237]}, {""label"": ""smoke"", ""score"": 0.116, ""box"": [167, 85, 246, 216]}, {""label"": ""smoke"", ""score"": 0.0867, ""box"": [705, 131, 785, 188]}, {""label"": ""smoke"", ""score"": 0.0855, ""box"": [234, 39, 490, 251]}, {""label"": ""smoke"", ""score"": 0.082, ""box"": [495, 40, 578, 222]}, {""label"": ""smoke"", ""score"": 0.0783, ""box"": [498, 40, 577, 210]}, {""label"": ""smoke"", ""score"": 0.0769, ""box"": [233, 38, 571, 243]}, {""label"": ""smoke"", ""score"": 0.0758, ""box"": [242, 38, 337, 137]}, {""label"": ""smoke"", ""score"": 0.0727, ""box"": [501, 40, 574, 179]}, {""label"": ""smoke"", ""score"": 0.0712, ""box"": [168, 152, 228, 218]}, {""label"": ""flame"", ""score"": 0.0684, ""box"": [186, 217, 206, 233]}, {""label"": ""smoke"", ""score"": 0.066, ""box"": [144, 39, 342, 221]}, {""label"": ""flame"", ""score"": 0.0642, ""box"": [176, 215, 208, 234]}, {""label"": ""smoke"", ""score"": 0.0631, ""box"": [473, 39, 577, 219]}, {""label"": ""smoke"", ""score"": 0.0624, ""box"": [189, 218, 205, 232]}, {""label"": ""smoke"", ""score"": 0.0612, ""box"": [676, 131, 784, 237]}, {""label"": ""smoke"", ""score"": 0.0596, ""box"": [455, 39, 578, 227]}, {""label"": ""smoke"", ""score"": 0.0587, ""box"": [166, 38, 572, 245]}, {""label"": ""smoke"", ""score"": 0.0581, ""box"": [401, 39, 575, 226]}, {""label"": ""smoke"", ""score"": 0.0581, ""box"": [162, 38, 582, 246]}, {""label"": ""smoke"", ""score"": 0.0575, ""box"": [158, 40, 333, 217]}, {""label"": ""smoke"", ""score"": 0.0572, ""box"": [245, 39, 340, 223]}, {""label"": ""smoke"", ""score"": 0.0567, ""box"": [243, 38, 334, 114]}, {""label"": ""flame"", ""score"": 0.0566, ""box"": [507, 221, 548, 240]}, {""label"": ""flame"", ""score"": 0.052, ""box"": [675, 218, 704, 237]}, {""label"": ""smoke"", ""score"": 0.0517, ""box"": [162, 42, 259, 216]}, {""label"": ""smoke"", ""score"": 0.0511, ""box"": [262, 141, 353, 256]}, {""label"": ""smoke"", ""score"": 0.051, ""box"": [246, 163, 351, 257]}]",1,0,0,0,0,0
coolerbot,yolo,2160,72.072,0,0,681.5,0.0,0.0,[],0,0,0,0,0,0
coolerbot,dfire_yolov8n,2160,72.072,0,0,53.3,0.0,0.0,[],0,0,0,0,0,0
coolerbot,soul,2160,72.072,0,0,58.9,0.0,0.0,[],0,0,0,0,0,0
coolerbot,pyronear,2160,72.072,0,0,312.9,0.0,0.0,[],0,0,0,0,0,0
coolerbot,dfine,2190,73.073,0,0,381.8,0.330589,0.130534,"[{""label"": ""smoke"", ""score"": 0.3306, ""box"": [68, 37, 778, 248]}, {""label"": ""smoke"", ""score"": 0.2719, ""box"": [69, 37, 557, 247]}, {""label"": ""smoke"", ""score"": 0.161, ""box"": [67, 38, 159, 246]}, {""label"": ""smoke"", ""score"": 0.1405, ""box"": [68, 38, 344, 249]}, {""label"": ""flame"", ""score"": 0.1305, ""box"": [100, 260, 139, 282]}, {""label"": ""smoke"", ""score"": 0.108, ""box"": [67, 38, 163, 245]}, {""label"": ""smoke"", ""score"": 0.1052, ""box"": [100, 260, 139, 282]}, {""label"": ""flame"", ""score"": 0.0894, ""box"": [513, 219, 553, 239]}, {""label"": ""flame"", ""score"": 0.0877, ""box"": [512, 198, 557, 238]}, {""label"": ""smoke"", ""score"": 0.0845, ""box"": [529, 158, 713, 235]}, {""label"": ""smoke"", ""score"": 0.0817, ""box"": [652, 167, 714, 225]}, {""label"": ""smoke"", ""score"": 0.0792, ""box"": [68, 38, 706, 443]}, {""label"": ""smoke"", ""score"": 0.0792, ""box"": [554, 161, 709, 231]}, {""label"": ""smoke"", ""score"": 0.0783, ""box"": [181, 39, 553, 237]}, {""label"": ""flame"", ""score"": 0.0774, ""box"": [337, 186, 376, 199]}, {""label"": ""smoke"", ""score"": 0.0738, ""box"": [122, 54, 717, 244]}, {""label"": ""smoke"", ""score"": 0.0716, ""box"": [68, 37, 562, 318]}, {""label"": ""smoke"", ""score"": 0.0685, ""box"": [68, 37, 556, 312]}, {""label"": ""flame"", ""score"": 0.0681, ""box"": [345, 230, 401, 248]}, {""label"": ""flame"", ""score"": 0.0655, ""box"": [513, 219, 720, 240]}, {""label"": ""flame"", ""score"": 0.0654, ""box"": [525, 198, 555, 212]}, {""label"": ""flame"", ""score"": 0.0654, ""box"": [638, 222, 720, 236]}, {""label"": ""smoke"", ""score"": 0.0646, ""box"": [546, 70, 785, 232]}, {""label"": ""smoke"", ""score"": 0.0629, ""box"": [195, 38, 783, 236]}, {""label"": ""smoke"", ""score"": 0.0618, ""box"": [337, 39, 558, 234]}, {""label"": ""smoke"", ""score"": 0.0617, ""box"": [322, 38, 784, 235]}, {""label"": ""smoke"", ""score"": 0.0616, ""box"": [73, 77, 537, 248]}, {""label"": ""smoke"", ""score"": 0.061, ""box"": [129, 37, 783, 236]}, {""label"": ""smoke"", ""score"": 0.0591, ""box"": [72, 74, 364, 249]}, {""label"": ""smoke"", ""score"": 0.0581, ""box"": [135, 84, 348, 246]}, {""label"": ""smoke"", ""score"": 0.0565, ""box"": [234, 38, 730, 237]}, {""label"": ""smoke"", ""score"": 0.0548, ""box"": [72, 78, 358, 249]}, {""label"": ""smoke"", ""score"": 0.0546, ""box"": [422, 100, 556, 233]}, {""label"": ""smoke"", ""score"": 0.054, ""box"": [653, 71, 786, 226]}, {""label"": ""smoke"", ""score"": 0.0524, ""box"": [518, 68, 785, 235]}, {""label"": ""smoke"", ""score"": 0.0501, ""box"": [124, 74, 540, 245]}]",1,0,0,0,0,0
coolerbot,yolo,2190,73.073,0,0,698.9,0.144176,0.0,"[{""label"": ""smoke"", ""score"": 0.1442, ""box"": [69, 278, 796, 444]}, {""label"": ""smoke"", ""score"": 0.071, ""box"": [68, 41, 156, 237]}]",0,0,0,0,0,0
coolerbot,dfire_yolov8n,2190,73.073,0,0,52.0,0.306261,0.0,"[{""label"": ""smoke"", ""score"": 0.3063, ""box"": [72, 42, 161, 230]}, {""label"": ""smoke"", ""score"": 0.1035, ""box"": [652, 165, 719, 227]}, {""label"": ""smoke"", ""score"": 0.0928, ""box"": [652, 102, 771, 227]}]",1,0,0,0,0,0
coolerbot,soul,2190,73.073,0,0,59.9,0.0,0.0,[],0,0,0,0,0,0
coolerbot,pyronear,2190,73.073,0,0,300.9,0.060521,0.0,"[{""label"": ""smoke"", ""score"": 0.0605, ""box"": [574, 284, 598, 297]}]",0,0,0,0,0,0
coolerbot,dfine,2220,74.074,0,0,383.8,0.525996,0.101904,"[{""label"": ""smoke"", ""score"": 0.526, ""box"": [599, 134, 645, 189]}, {""label"": ""smoke"", ""score"": 0.4491, ""box"": [383, 54, 645, 190]}, {""label"": ""smoke"", ""score"": 0.3411, ""box"": [381, 54, 529, 159]}, {""label"": ""smoke"", ""score"": 0.3348, ""box"": [544, 103, 645, 190]}, {""label"": ""smoke"", ""score"": 0.2509, ""box"": [597, 103, 645, 188]}, {""label"": ""smoke"", ""score"": 0.171, ""box"": [357, 51, 537, 207]}, {""label"": ""smoke"", ""score"": 0.1703, ""box"": [378, 53, 563, 202]}, {""label"": ""smoke"", ""score"": 0.1682, ""box"": [349, 142, 388, 203]}, {""label"": ""smoke"", ""score"": 0.1652, ""box"": [437, 67, 645, 189]}, {""label"": ""smoke"", ""score"": 0.1621, ""box"": [496, 56, 645, 191]}, {""label"": ""smoke"", ""score"": 0.1587, ""box"": [376, 50, 647, 254]}, {""label"": ""smoke"", ""score"": 0.1481, ""box"": [379, 51, 582, 219]}, {""label"": ""smoke"", ""score"": 0.1455, ""box"": [385, 57, 499, 134]}, {""label"": ""smoke"", ""score"": 0.1423, ""box"": [385, 53, 496, 127]}, {""label"": ""smoke"", ""score"": 0.1362, ""box"": [360, 45, 577, 182]}, {""label"": ""smoke"", ""score"": 0.1357, ""box"": [606, 38, 785, 94]}, {""label"": ""smoke"", ""score"": 0.127, ""box"": [525, 41, 646, 190]}, {""label"": ""smoke"", ""score"": 0.1233, ""box"": [573, 98, 645, 196]}, {""label"": ""smoke"", ""score"": 0.1226, ""box"": [333, 48, 541, 202]}, {""label"": ""smoke"", ""score"": 0.1226, ""box"": [344, 43, 516, 204]}, {""label"": ""smoke"", ""score"": 0.118, ""box"": [378, 41, 565, 175]}, {""label"": ""smoke"", ""score"": 0.118, ""box"": [380, 39, 783, 193]}, {""label"": ""smoke"", ""score"": 0.1179, ""box"": [350, 68, 520, 202]}, {""label"": ""smoke"", ""score"": 0.1163, ""box"": [446, 64, 645, 205]}, {""label"": ""smoke"", ""score"": 0.1138, ""box"": [377, 52, 585, 255]}, {""label"": ""smoke"", ""score"": 0.1118, ""box"": [237, 43, 646, 203]}, {""label"": ""smoke"", ""score"": 0.1115, ""box"": [531, 120, 578, 184]}, {""label"": ""smoke"", ""score"": 0.1101, ""box"": [548, 121, 576, 149]}, {""label"": ""smoke"", ""score"": 0.1058, ""box"": [384, 58, 468, 133]}, {""label"": ""flame"", ""score"": 0.1019, ""box"": [548, 316, 689, 345]}, {""label"": ""smoke"", ""score"": 0.1001, ""box"": [441, 67, 527, 148]}, {""label"": ""smoke"", ""score"": 0.0993, ""box"": [541, 39, 784, 190]}, {""label"": ""smoke"", ""score"": 0.0987, ""box"": [474, 61, 645, 212]}, {""label"": ""smoke"", ""score"": 0.098, ""box"": [379, 51, 538, 247]}, {""label"": ""smoke"", ""score"": 0.0931, ""box"": [382, 53, 537, 240]}, {""label"": ""smoke"", ""score"": 0.0926, ""box"": [455, 65, 536, 153]}, {""label"": ""smoke"", ""score"": 0.0922, ""box"": [387, 54, 646, 262]}, {""label"": ""flame"", ""score"": 0.0883, ""box"": [599, 134, 645, 189]}, {""label"": ""smoke"", ""score"": 0.0878, ""box"": [383, 38, 784, 145]}, {""label"": ""smoke"", ""score"": 0.0853, ""box"": [222, 45, 528, 203]}, {""label"": ""smoke"", ""score"": 0.0845, ""box"": [69, 39, 240, 204]}, {""label"": ""smoke"", ""score"": 0.0844, ""box"": [541, 94, 780, 193]}, {""label"": ""smoke"", ""score"": 0.0843, ""box"": [234, 45, 577, 202]}, {""label"": ""smoke"", ""score"": 0.0819, ""box"": [348, 77, 406, 201]}, {""label"": ""smoke"", ""score"": 0.0808, ""box"": [208, 168, 243, 210]}, {""label"": ""smoke"", ""score"": 0.0794, ""box"": [293, 44, 561, 205]}, {""label"": ""smoke"", ""score"": 0.0791, ""box"": [538, 120, 581, 211]}, {""label"": ""smoke"", ""score"": 0.0779, ""box"": [522, 85, 775, 194]}, {""label"": ""flame"", ""score"": 0.0776, ""box"": [208, 168, 243, 210]}, {""label"": ""smoke"", ""score"": 0.0768, ""box"": [354, 49, 569, 241]}, {""label"": ""smoke"", ""score"": 0.0764, ""box"": [754, 99, 786, 220]}, {""label"": ""smoke"", ""score"": 0.0754, ""box"": [290, 39, 645, 195]}, {""label"": ""smoke"", ""score"": 0.0752, ""box"": [731, 221, 771, 250]}, {""label"": ""smoke"", ""score"": 0.0745, ""box"": [599, 39, 784, 192]}, {""label"": ""smoke"", ""score"": 0.0744, ""box"": [597, 38, 784, 186]}, {""label"": ""smoke"", ""score"": 0.0736, ""box"": [253, 132, 363, 205]}, {""label"": ""smoke"", ""score"": 0.0715, ""box"": [597, 96, 781, 192]}, {""label"": ""smoke"", ""score"": 0.0715, ""box"": [229, 44, 585, 203]}, {""label"": ""smoke"", ""score"": 0.0696, ""box"": [347, 42, 562, 175]}, {""label"": ""flame"", ""score"": 0.069, ""box"": [548, 121, 576, 149]}, {""label"": ""smoke"", ""score"": 0.069, ""box"": [245, 43, 571, 200]}, {""label"": ""smoke"", ""score"": 0.0688, ""box"": [751, 96, 786, 148]}, {""label"": ""smoke"", ""score"": 0.0681, ""box"": [539, 39, 784, 219]}, {""label"": ""smoke"", ""score"": 0.0676, ""box"": [453, 62, 564, 151]}, {""label"": ""smoke"", ""score"": 0.0673, ""box"": [211, 129, 362, 209]}, {""label"": ""smoke"", ""score"": 0.0671, ""box"": [251, 41, 580, 197]}, {""label"": ""smoke"", ""score"": 0.0662, ""box"": [736, 38, 786, 86]}, {""label"": ""smoke"", ""score"": 0.0659, ""box"": [598, 102, 637, 140]}, {""label"": ""flame"", ""score"": 0.0651, ""box"": [209, 193, 223, 209]}, {""label"": ""smoke"", ""score"": 0.0647, ""box"": [497, 68, 648, 253]}, {""label"": ""smoke"", ""score"": 0.0645, ""box"": [751, 96, 786, 130]}, {""label"": ""smoke"", ""score"": 0.0644, ""box"": [749, 94, 786, 131]}, {""label"": ""smoke"", ""score"": 0.0635, ""box"": [389, 64, 529, 220]}, {""label"": ""smoke"", ""score"": 0.0634, ""box"": [383, 64, 457, 151]}, {""label"": ""flame"", ""score"": 0.0622, ""box"": [531, 120, 578, 184]}, {""label"": ""smoke"", ""score"": 0.062, ""box"": [349, 60, 423, 201]}, {""label"": ""smoke"", ""score"": 0.0603, ""box"": [732, 220, 784, 259]}, {""label"": ""smoke"", ""score"": 0.0599, ""box"": [408, 62, 619, 163]}, {""label"": ""smoke"", ""score"": 0.0591, ""box"": [493, 68, 588, 184]}, {""label"": ""smoke"", ""score"": 0.0581, ""box"": [747, 93, 786, 127]}, {""label"": ""smoke"", ""score"": 0.0579, ""box"": [241, 120, 307, 169]}, {""label"": ""smoke"", ""score"": 0.0576, ""box"": [691, 206, 770, 278]}, {""label"": ""smoke"", ""score"": 0.0574, ""box"": [434, 69, 536, 182]}, {""label"": ""smoke"", ""score"": 0.0559, ""box"": [240, 121, 299, 173]}, {""label"": ""smoke"", ""score"": 0.0555, ""box"": [513, 93, 588, 186]}, {""label"": ""flame"", ""score"": 0.0553, ""box"": [209, 189, 225, 209]}, {""label"": ""smoke"", ""score"": 0.0549, ""box"": [348, 68, 418, 201]}, {""label"": ""smoke"", ""score"": 0.0545, ""box"": [67, 40, 102, 170]}, {""label"": ""flame"", ""score"": 0.0537, ""box"": [552, 319, 611, 343]}, {""label"": ""smoke"", ""score"": 0.053, ""box"": [383, 66, 458, 163]}, {""label"": ""smoke"", ""score"": 0.0526, ""box"": [538, 102, 587, 169]}, {""label"": ""smoke"", ""score"": 0.0525, ""box"": [598, 103, 626, 139]}, {""label"": ""smoke"", ""score"": 0.0523, ""box"": [306, 38, 782, 191]}, {""label"": ""smoke"", ""score"": 0.0521, ""box"": [67, 40, 110, 196]}, {""label"": ""flame"", ""score"": 0.0517, ""box"": [551, 320, 610, 343]}, {""label"": ""smoke"", ""score"": 0.0512, ""box"": [527, 83, 648, 226]}, {""label"": ""smoke"", ""score"": 0.0505, ""box"": [692, 206, 783, 277]}, {""label"": ""smoke"", ""score"": 0.0501, ""box"": [244, 115, 414, 205]}, {""label"": ""flame"", ""score"": 0.0501, ""box"": [626, 318, 688, 343]}, {""label"": ""smoke"", ""score"": 0.0501, ""box"": [208, 126, 286, 209]}]",1,0,0,1,0,0
coolerbot,yolo,2220,74.074,0,0,704.4,0.337001,0.0,"[{""label"": ""smoke"", ""score"": 0.337, ""box"": [349, 41, 535, 204]}]",1,0,0,0,0,0
coolerbot,dfire_yolov8n,2220,74.074,0,0,51.5,0.0,0.0,[],0,0,0,0,0,0
coolerbot,soul,2220,74.074,0,0,52.8,0.0,0.126305,"[{""label"": ""flame"", ""score"": 0.1263, ""box"": [537, 316, 693, 344]}]",0,0,0,0,0,0
coolerbot,pyronear,2220,74.074,0,0,316.3,0.0,0.0,[],0,0,0,0,0,0
coolerbot,dfine,2250,75.075,0,0,374.3,0.453562,0.071904,"[{""label"": ""smoke"", ""score"": 0.4536, ""box"": [139, 90, 185, 159]}, {""label"": ""smoke"", ""score"": 0.4125, ""box"": [69, 38, 332, 160]}, {""label"": ""smoke"", ""score"": 0.4027, ""box"": [67, 75, 184, 160]}, {""label"": ""smoke"", ""score"": 0.3541, ""box"": [416, 104, 452, 158]}, {""label"": ""smoke"", ""score"": 0.2837, ""box"": [67, 77, 156, 160]}, {""label"": ""smoke"", ""score"": 0.2817, ""box"": [413, 79, 453, 158]}, {""label"": ""smoke"", ""score"": 0.2785, ""box"": [177, 38, 334, 154]}, {""label"": ""smoke"", ""score"": 0.2386, ""box"": [139, 39, 193, 159]}, {""label"": ""smoke"", ""score"": 0.221, ""box"": [68, 41, 189, 159]}, {""label"": ""smoke"", ""score"": 0.2082, ""box"": [182, 38, 329, 121]}, {""label"": ""smoke"", ""score"": 0.195, ""box"": [69, 38, 457, 164]}, {""label"": ""smoke"", ""score"": 0.1905, ""box"": [69, 38, 456, 163]}, {""label"": ""smoke"", ""score"": 0.1754, ""box"": [177, 39, 337, 222]}, {""label"": ""smoke"", ""score"": 0.1752, ""box"": [69, 38, 336, 223]}, {""label"": ""smoke"", ""score"": 0.1612, ""box"": [361, 69, 454, 165]}, {""label"": ""smoke"", ""score"": 0.1517, ""box"": [67, 38, 334, 392]}, {""label"": ""smoke"", ""score"": 0.1514, ""box"": [372, 74, 453, 161]}, {""label"": ""smoke"", ""score"": 0.147, ""box"": [140, 38, 451, 163]}, {""label"": ""smoke"", ""score"": 0.1379, ""box"": [138, 38, 271, 158]}, {""label"": ""smoke"", ""score"": 0.1319, ""box"": [359, 68, 454, 180]}, {""label"": ""smoke"", ""score"": 0.1286, ""box"": [137, 38, 226, 159]}, {""label"": ""smoke"", ""score"": 0.128, ""box"": [358, 66, 454, 221]}, {""label"": ""smoke"", ""score"": 0.1198, ""box"": [69, 39, 453, 226]}, {""label"": ""smoke"", ""score"": 0.1191, ""box"": [67, 38, 333, 391]}, {""label"": ""smoke"", ""score"": 0.1168, ""box"": [141, 40, 261, 158]}, {""label"": ""smoke"", ""score"": 0.1135, ""box"": [355, 66, 455, 219]}, {""label"": ""smoke"", ""score"": 0.1127, ""box"": [137, 62, 224, 159]}, {""label"": ""smoke"", ""score"": 0.1126, ""box"": [363, 42, 454, 159]}, {""label"": ""smoke"", ""score"": 0.1122, ""box"": [325, 40, 454, 162]}, {""label"": ""smoke"", ""score"": 0.1111, ""box"": [69, 39, 229, 159]}, {""label"": ""smoke"", ""score"": 0.1093, ""box"": [68, 204, 197, 393]}, {""label"": ""smoke"", ""score"": 0.1083, ""box"": [304, 40, 453, 159]}, {""label"": ""smoke"", ""score"": 0.1001, ""box"": [69, 39, 454, 241]}, {""label"": ""smoke"", ""score"": 0.0999, ""box"": [68, 39, 334, 311]}, {""label"": ""smoke"", ""score"": 0.0989, ""box"": [69, 37, 670, 164]}, {""label"": ""smoke"", ""score"": 0.0965, ""box"": [69, 38, 457, 195]}, {""label"": ""smoke"", ""score"": 0.0952, ""box"": [182, 38, 274, 121]}, {""label"": ""smoke"", ""score"": 0.0938, ""box"": [67, 75, 150, 116]}, {""label"": ""smoke"", ""score"": 0.0933, ""box"": [182, 38, 274, 97]}, {""label"": ""smoke"", ""score"": 0.0916, ""box"": [505, 184, 567, 261]}, {""label"": ""smoke"", ""score"": 0.0903, ""box"": [67, 39, 154, 110]}, {""label"": ""smoke"", ""score"": 0.089, ""box"": [358, 41, 454, 162]}, {""label"": ""smoke"", ""score"": 0.0873, ""box"": [135, 38, 452, 165]}, {""label"": ""smoke"", ""score"": 0.0852, ""box"": [302, 43, 333, 97]}, {""label"": ""smoke"", ""score"": 0.083, ""box"": [68, 45, 204, 388]}, {""label"": ""smoke"", ""score"": 0.0814, ""box"": [69, 39, 451, 276]}, {""label"": ""smoke"", ""score"": 0.076, ""box"": [408, 76, 456, 191]}, {""label"": ""smoke"", ""score"": 0.0745, ""box"": [371, 75, 453, 222]}, {""label"": ""smoke"", ""score"": 0.0727, ""box"": [182, 38, 304, 96]}, {""label"": ""flame"", ""score"": 0.0719, ""box"": [416, 104, 452, 158]}, {""label"": ""smoke"", ""score"": 0.0712, ""box"": [66, 74, 96, 109]}, {""label"": ""smoke"", ""score"": 0.0711, ""box"": [353, 56, 454, 165]}, {""label"": ""smoke"", ""score"": 0.0684, ""box"": [68, 69, 296, 161]}, {""label"": ""smoke"", ""score"": 0.0651, ""box"": [127, 39, 336, 284]}, {""label"": ""smoke"", ""score"": 0.063, ""box"": [67, 208, 156, 394]}, {""label"": ""smoke"", ""score"": 0.0609, ""box"": [68, 58, 203, 296]}, {""label"": ""smoke"", ""score"": 0.0602, ""box"": [182, 37, 277, 81]}, {""label"": ""smoke"", ""score"": 0.0595, ""box"": [183, 38, 324, 98]}, {""label"": ""smoke"", ""score"": 0.0591, ""box"": [68, 101, 150, 160]}, {""label"": ""smoke"", ""score"": 0.0589, ""box"": [67, 39, 162, 105]}, {""label"": ""smoke"", ""score"": 0.0586, ""box"": [68, 206, 186, 310]}, {""label"": ""smoke"", ""score"": 0.0569, ""box"": [67, 74, 187, 244]}, {""label"": ""smoke"", ""score"": 0.0564, ""box"": [266, 41, 337, 148]}, {""label"": ""smoke"", ""score"": 0.0553, ""box"": [68, 206, 175, 298]}, {""label"": ""smoke"", ""score"": 0.0531, ""box"": [68, 38, 527, 390]}, {""label"": ""smoke"", ""score"": 0.0529, ""box"": [426, 37, 679, 82]}, {""label"": ""smoke"", ""score"": 0.0528, ""box"": [67, 294, 120, 393]}, {""label"": ""smoke"", ""score"": 0.0526, ""box"": [154, 38, 559, 252]}, {""label"": ""smoke"", ""score"": 0.0521, ""box"": [67, 111, 189, 392]}, {""label"": ""smoke"", ""score"": 0.0506, ""box"": [67, 75, 111, 112]}, {""label"": ""smoke"", ""score"": 0.0505, ""box"": [68, 147, 209, 392]}, {""label"": ""smoke"", ""score"": 0.0503, ""box"": [183, 37, 282, 81]}]",1,0,0,0,0,0
coolerbot,yolo,2250,75.075,0,0,687.5,0.057018,0.0,"[{""label"": ""smoke"", ""score"": 0.057, ""box"": [107, 39, 335, 176]}]",0,0,0,0,0,0
coolerbot,dfire_yolov8n,2250,75.075,0,0,49.7,0.0,0.0,[],0,0,0,0,0,0
coolerbot,soul,2250,75.075,0,0,51.3,0.0,0.481728,"[{""label"": ""flame"", ""score"": 0.4817, ""box"": [334, 296, 534, 333]}]",0,1,0,0,0,0
coolerbot,pyronear,2250,75.075,0,0,322.8,0.0,0.0,[],0,0,0,0,0,0
coolerbot,dfine,2280,76.076,0,0,366.3,0.576276,0.083336,"[{""label"": ""smoke"", ""score"": 0.5763, ""box"": [306, 137, 349, 197]}, {""label"": ""smoke"", ""score"": 0.2798, ""box"": [267, 100, 351, 198]}, {""label"": ""smoke"", ""score"": 0.1994, ""box"": [272, 101, 350, 198]}, {""label"": ""smoke"", ""score"": 0.1754, ""box"": [303, 108, 350, 197]}, {""label"": ""smoke"", ""score"": 0.1451, ""box"": [296, 100, 350, 197]}, {""label"": ""smoke"", ""score"": 0.1196, ""box"": [259, 101, 350, 200]}, {""label"": ""smoke"", ""score"": 0.1176, ""box"": [260, 42, 351, 198]}, {""label"": ""smoke"", ""score"": 0.1114, ""box"": [262, 101, 351, 238]}, {""label"": ""smoke"", ""score"": 0.1011, ""box"": [260, 94, 352, 246]}, {""label"": ""smoke"", ""score"": 0.0968, ""box"": [255, 98, 352, 248]}, {""label"": ""smoke"", ""score"": 0.0903, ""box"": [239, 43, 351, 199]}, {""label"": ""smoke"", ""score"": 0.0889, ""box"": [252, 67, 350, 200]}, {""label"": ""smoke"", ""score"": 0.0883, ""box"": [69, 63, 213, 177]}, {""label"": ""smoke"", ""score"": 0.0863, ""box"": [231, 42, 352, 198]}, {""label"": ""flame"", ""score"": 0.0833, ""box"": [306, 137, 349, 197]}, {""label"": ""smoke"", ""score"": 0.0816, ""box"": [302, 136, 350, 230]}, {""label"": ""smoke"", ""score"": 0.0806, ""box"": [469, 37, 564, 81]}, {""label"": ""smoke"", ""score"": 0.0752, ""box"": [73, 50, 353, 200]}, {""label"": ""smoke"", ""score"": 0.0736, ""box"": [69, 62, 228, 196]}, {""label"": ""smoke"", ""score"": 0.0733, ""box"": [157, 46, 352, 200]}, {""label"": ""smoke"", ""score"": 0.0696, ""box"": [71, 80, 160, 172]}, {""label"": ""smoke"", ""score"": 0.0691, ""box"": [268, 61, 350, 199]}, {""label"": ""smoke"", ""score"": 0.0646, ""box"": [208, 75, 349, 201]}, {""label"": ""smoke"", ""score"": 0.064, ""box"": [278, 100, 352, 231]}, {""label"": ""smoke"", ""score"": 0.0631, ""box"": [183, 51, 351, 199]}, {""label"": ""smoke"", ""score"": 0.0625, ""box"": [269, 39, 573, 198]}, {""label"": ""smoke"", ""score"": 0.0598, ""box"": [462, 38, 581, 113]}, {""label"": ""smoke"", ""score"": 0.057, ""box"": [304, 38, 576, 196]}, {""label"": ""smoke"", ""score"": 0.0561, ""box"": [196, 62, 349, 200]}, {""label"": ""smoke"", ""score"": 0.0552, ""box"": [247, 64, 351, 240]}]",1,0,0,1,0,0
coolerbot,yolo,2280,76.076,0,0,695.3,0.362835,0.0,"[{""label"": ""smoke"", ""score"": 0.3628, ""box"": [474, 37, 570, 84]}]",1,0,0,0,0,0
coolerbot,dfire_yolov8n,2280,76.076,0,0,51.5,0.0,0.0,[],0,0,0,0,0,0
coolerbot,soul,2280,76.076,0,0,58.4,0.0,0.2865,"[{""label"": ""flame"", ""score"": 0.2865, ""box"": [224, 346, 443, 385]}]",0,1,0,0,0,0
coolerbot,pyronear,2280,76.076,0,0,332.3,0.159765,0.0,"[{""label"": ""smoke"", ""score"": 0.1598, ""box"": [456, 25, 560, 86]}, {""label"": ""smoke"", ""score"": 0.1037, ""box"": [400, 224, 408, 234]}]",0,0,0,0,0,0
coolerbot,dfine,2310,77.077,0,0,382.6,0.467546,0.068543,"[{""label"": ""smoke"", ""score"": 0.4675, ""box"": [318, 135, 368, 198]}, {""label"": ""smoke"", ""score"": 0.1888, ""box"": [70, 67, 251, 223]}, {""label"": ""smoke"", ""score"": 0.1802, ""box"": [317, 104, 368, 198]}, {""label"": ""smoke"", ""score"": 0.1299, ""box"": [68, 65, 253, 278]}, {""label"": ""smoke"", ""score"": 0.124, ""box"": [78, 68, 248, 191]}, {""label"": ""smoke"", ""score"": 0.1048, ""box"": [270, 103, 369, 200]}, {""label"": ""smoke"", ""score"": 0.1031, ""box"": [81, 67, 242, 181]}, {""label"": ""smoke"", ""score"": 0.0848, ""box"": [285, 90, 369, 199]}, {""label"": ""smoke"", ""score"": 0.0841, ""box"": [71, 63, 368, 223]}, {""label"": ""smoke"", ""score"": 0.0817, ""box"": [430, 220, 500, 308]}, {""label"": ""smoke"", ""score"": 0.0793, ""box"": [269, 118, 369, 204]}, {""label"": ""flame"", ""score"": 0.0685, ""box"": [318, 135, 368, 198]}, {""label"": ""smoke"", ""score"": 0.0654, ""box"": [70, 61, 367, 286]}, {""label"": ""smoke"", ""score"": 0.0652, ""box"": [83, 67, 237, 163]}, {""label"": ""smoke"", ""score"": 0.0651, ""box"": [111, 77, 249, 193]}, {""label"": ""smoke"", ""score"": 0.0634, ""box"": [112, 74, 245, 186]}, {""label"": ""smoke"", ""score"": 0.0599, ""box"": [252, 74, 369, 199]}, {""label"": ""smoke"", ""score"": 0.0597, ""box"": [239, 135, 286, 194]}, {""label"": ""smoke"", ""score"": 0.0583, ""box"": [311, 130, 370, 228]}, {""label"": ""smoke"", ""score"": 0.0578, ""box"": [216, 64, 368, 200]}, {""label"": ""smoke"", ""score"": 0.0569, ""box"": [277, 103, 370, 272]}, {""label"": ""smoke"", ""score"": 0.0562, ""box"": [174, 140, 253, 195]}, {""label"": ""smoke"", ""score"": 0.0558, ""box"": [267, 115, 370, 268]}, {""label"": ""smoke"", ""score"": 0.0556, ""box"": [196, 62, 368, 200]}, {""label"": ""smoke"", ""score"": 0.0538, ""box"": [242, 142, 284, 194]}, {""label"": ""smoke"", ""score"": 0.0534, ""box"": [71, 145, 247, 225]}, {""label"": ""smoke"", ""score"": 0.0528, ""box"": [70, 61, 365, 305]}, {""label"": ""smoke"", ""score"": 0.0527, ""box"": [271, 116, 370, 272]}, {""label"": ""smoke"", ""score"": 0.0525, ""box"": [69, 5, 252, 227]}, {""label"": ""smoke"", ""score"": 0.0524, ""box"": [162, 73, 254, 194]}, {""label"": ""smoke"", ""score"": 0.0519, ""box"": [153, 82, 251, 194]}, {""label"": ""smoke"", ""score"": 0.0513, ""box"": [230, 89, 368, 200]}, {""label"": ""smoke"", ""score"": 0.0512, ""box"": [306, 135, 369, 252]}, {""label"": ""smoke"", ""score"": 0.051, ""box"": [317, 111, 344, 141]}]",1,0,0,0,0,0
coolerbot,yolo,2310,77.077,0,0,710.5,0.052928,0.0,"[{""label"": ""smoke"", ""score"": 0.0529, ""box"": [508, 37, 589, 70]}]",0,0,0,0,0,0
coolerbot,dfire_yolov8n,2310,77.077,0,0,50.3,0.0,0.0,[],0,0,0,0,0,0
coolerbot,soul,2310,77.077,0,0,56.9,0.0,0.177403,"[{""label"": ""flame"", ""score"": 0.1774, ""box"": [289, 361, 486, 403]}]",0,0,0,0,0,0
coolerbot,pyronear,2310,77.077,0,0,365.0,0.178379,0.0,"[{""label"": ""smoke"", ""score"": 0.1784, ""box"": [431, 223, 442, 234]}]",0,0,0,0,0,0
coolerbot,dfine,2340,78.078,0,0,388.6,0.154341,0.057265,"[{""label"": ""smoke"", ""score"": 0.1543, ""box"": [134, 72, 355, 218]}, {""label"": ""smoke"", ""score"": 0.1506, ""box"": [128, 153, 177, 220]}, {""label"": ""smoke"", ""score"": 0.1376, ""box"": [128, 153, 172, 215]}, {""label"": ""smoke"", ""score"": 0.1252, ""box"": [415, 126, 468, 190]}, {""label"": ""smoke"", ""score"": 0.0966, ""box"": [131, 70, 364, 286]}, {""label"": ""smoke"", ""score"": 0.0915, ""box"": [132, 73, 368, 320]}, {""label"": ""smoke"", ""score"": 0.0882, ""box"": [178, 73, 354, 189]}, {""label"": ""smoke"", ""score"": 0.0881, ""box"": [541, 209, 622, 313]}, {""label"": ""smoke"", ""score"": 0.084, ""box"": [134, 68, 466, 220]}, {""label"": ""smoke"", ""score"": 0.0835, ""box"": [126, 71, 360, 322]}, {""label"": ""smoke"", ""score"": 0.0778, ""box"": [67, 137, 167, 218]}, {""label"": ""smoke"", ""score"": 0.0731, ""box"": [128, 126, 171, 211]}, {""label"": ""smoke"", ""score"": 0.0711, ""box"": [143, 196, 178, 223]}, {""label"": ""smoke"", ""score"": 0.0673, ""box"": [191, 80, 349, 179]}, {""label"": ""smoke"", ""score"": 0.0672, ""box"": [415, 97, 468, 191]}, {""label"": ""smoke"", ""score"": 0.0664, ""box"": [67, 128, 180, 222]}, {""label"": ""smoke"", ""score"": 0.0651, ""box"": [68, 135, 176, 223]}, {""label"": ""smoke"", ""score"": 0.0624, ""box"": [131, 66, 461, 285]}, {""label"": ""smoke"", ""score"": 0.0606, ""box"": [116, 66, 458, 321]}, {""label"": ""smoke"", ""score"": 0.0601, ""box"": [127, 80, 182, 216]}, {""label"": ""smoke"", ""score"": 0.0584, ""box"": [128, 84, 200, 215]}, {""label"": ""flame"", ""score"": 0.0573, ""box"": [158, 206, 177, 224]}, {""label"": ""smoke"", ""score"": 0.0566, ""box"": [126, 42, 361, 216]}, {""label"": ""smoke"", ""score"": 0.0561, ""box"": [128, 160, 159, 208]}, {""label"": ""smoke"", ""score"": 0.0545, ""box"": [540, 210, 615, 281]}, {""label"": ""smoke"", ""score"": 0.0532, ""box"": [158, 206, 177, 224]}, {""label"": ""smoke"", ""score"": 0.0523, ""box"": [458, 220, 550, 274]}, {""label"": ""smoke"", ""score"": 0.0515, ""box"": [129, 79, 246, 216]}, {""label"": ""flame"", ""score"": 0.0508, ""box"": [143, 196, 178, 223]}, {""label"": ""smoke"", ""score"": 0.0507, ""box"": [411, 123, 470, 259]}, {""label"": ""smoke"", ""score"": 0.0501, ""box"": [68, 78, 173, 219]}]",0,0,0,0,0,0
coolerbot,yolo,2340,78.078,0,0,717.5,0.059869,0.0,"[{""label"": ""smoke"", ""score"": 0.0599, ""box"": [128, 161, 172, 216]}]",0,0,0,0,0,0
coolerbot,dfire_yolov8n,2340,78.078,0,0,49.5,0.0,0.0,[],0,0,0,0,0,0
coolerbot,soul,2340,78.078,0,0,53.0,0.0,0.072678,"[{""label"": ""flame"", ""score"": 0.0727, ""box"": [215, 282, 261, 437]}]",0,0,0,0,0,0
coolerbot,pyronear,2340,78.078,0,0,375.3,0.0,0.0,[],0,0,0,0,0,0
coolerbot,dfine,2370,79.079,0,0,360.2,0.253926,0.061731,"[{""label"": ""smoke"", ""score"": 0.2539, ""box"": [67, 190, 112, 263]}, {""label"": ""smoke"", ""score"": 0.1153, ""box"": [70, 112, 284, 262]}, {""label"": ""smoke"", ""score"": 0.0854, ""box"": [67, 225, 98, 263]}, {""label"": ""smoke"", ""score"": 0.076, ""box"": [70, 194, 113, 235]}, {""label"": ""smoke"", ""score"": 0.0749, ""box"": [166, 113, 292, 219]}, {""label"": ""smoke"", ""score"": 0.0698, ""box"": [69, 114, 232, 259]}, {""label"": ""smoke"", ""score"": 0.0692, ""box"": [67, 121, 118, 262]}, {""label"": ""smoke"", ""score"": 0.0688, ""box"": [142, 111, 291, 219]}, {""label"": ""smoke"", ""score"": 0.0656, ""box"": [73, 203, 109, 233]}, {""label"": ""smoke"", ""score"": 0.065, ""box"": [69, 116, 224, 262]}, {""label"": ""smoke"", ""score"": 0.0642, ""box"": [77, 191, 116, 231]}, {""label"": ""flame"", ""score"": 0.0617, ""box"": [68, 261, 125, 278]}, {""label"": ""smoke"", ""score"": 0.0603, ""box"": [170, 127, 235, 218]}, {""label"": ""smoke"", ""score"": 0.0597, ""box"": [82, 193, 116, 233]}, {""label"": ""smoke"", ""score"": 0.0577, ""box"": [369, 159, 428, 229]}, {""label"": ""smoke"", ""score"": 0.0553, ""box"": [68, 218, 98, 262]}, {""label"": ""smoke"", ""score"": 0.0515, ""box"": [69, 46, 298, 261]}, {""label"": ""flame"", ""score"": 0.0508, ""box"": [79, 262, 124, 276]}, {""label"": ""smoke"", ""score"": 0.05, ""box"": [69, 45, 263, 261]}]",1,0,0,0,0,0
coolerbot,yolo,2370,79.079,0,0,678.3,0.0,0.0,[],0,0,0,0,0,0
coolerbot,dfire_yolov8n,2370,79.079,0,0,57.7,0.0,0.0,[],0,0,0,0,0,0
coolerbot,soul,2370,79.079,0,0,56.6,0.0,0.0,[],0,0,0,0,0,0
coolerbot,pyronear,2370,79.079,0,0,303.8,0.0,0.0,[],0,0,0,0,0,0
coolerbot,dfine,2400,80.08,0,0,388.9,0.316614,0.0,"[{""label"": ""smoke"", ""score"": 0.3166, ""box"": [70, 90, 367, 265]}, {""label"": ""smoke"", ""score"": 0.2979, ""box"": [428, 139, 490, 213]}, {""label"": ""smoke"", ""score"": 0.2701, ""box"": [71, 91, 366, 243]}, {""label"": ""smoke"", ""score"": 0.2541, ""box"": [114, 94, 362, 220]}, {""label"": ""smoke"", ""score"": 0.1936, ""box"": [69, 89, 371, 309]}, {""label"": ""smoke"", ""score"": 0.1876, ""box"": [426, 103, 493, 213]}, {""label"": ""smoke"", ""score"": 0.1335, ""box"": [239, 96, 371, 218]}, {""label"": ""smoke"", ""score"": 0.1312, ""box"": [101, 87, 487, 230]}, {""label"": ""smoke"", ""score"": 0.1218, ""box"": [457, 143, 490, 210]}, {""label"": ""smoke"", ""score"": 0.1148, ""box"": [167, 93, 364, 218]}, {""label"": ""smoke"", ""score"": 0.109, ""box"": [70, 72, 491, 271]}, {""label"": ""smoke"", ""score"": 0.1052, ""box"": [70, 43, 367, 230]}, {""label"": ""smoke"", ""score"": 0.1037, ""box"": [71, 84, 491, 278]}, {""label"": ""smoke"", ""score"": 0.0989, ""box"": [72, 82, 494, 237]}, {""label"": ""smoke"", ""score"": 0.0974, ""box"": [105, 96, 369, 322]}, {""label"": ""smoke"", ""score"": 0.0968, ""box"": [70, 82, 492, 324]}, {""label"": ""smoke"", ""score"": 0.0962, ""box"": [70, 43, 491, 261]}, {""label"": ""smoke"", ""score"": 0.0945, ""box"": [69, 40, 368, 255]}, {""label"": ""smoke"", ""score"": 0.0922, ""box"": [198, 91, 364, 217]}, {""label"": ""smoke"", ""score"": 0.0874, ""box"": [384, 124, 490, 215]}, {""label"": ""smoke"", ""score"": 0.0856, ""box"": [214, 90, 489, 219]}, {""label"": ""smoke"", ""score"": 0.0838, ""box"": [233, 87, 489, 218]}, {""label"": ""smoke"", ""score"": 0.0811, ""box"": [285, 162, 371, 219]}, {""label"": ""smoke"", ""score"": 0.0809, ""box"": [389, 82, 493, 215]}, {""label"": ""smoke"", ""score"": 0.0808, ""box"": [69, 98, 303, 263]}, {""label"": ""smoke"", ""score"": 0.0777, ""box"": [69, 86, 372, 392]}, {""label"": ""smoke"", ""score"": 0.0773, ""box"": [240, 93, 348, 181]}, {""label"": ""smoke"", ""score"": 0.0766, ""box"": [83, 48, 490, 228]}, {""label"": ""smoke"", ""score"": 0.0748, ""box"": [125, 105, 335, 254]}, {""label"": ""smoke"", ""score"": 0.0732, ""box"": [116, 168, 177, 217]}, {""label"": ""smoke"", ""score"": 0.0727, ""box"": [462, 337, 511, 385]}, {""label"": ""smoke"", ""score"": 0.0725, ""box"": [238, 95, 352, 191]}, {""label"": ""smoke"", ""score"": 0.0712, ""box"": [69, 79, 489, 393]}, {""label"": ""smoke"", ""score"": 0.0667, ""box"": [69, 40, 374, 261]}, {""label"": ""smoke"", ""score"": 0.0657, ""box"": [372, 91, 490, 215]}, {""label"": ""smoke"", ""score"": 0.0656, ""box"": [71, 41, 361, 219]}, {""label"": ""smoke"", ""score"": 0.0645, ""box"": [116, 167, 195, 217]}, {""label"": ""smoke"", ""score"": 0.0632, ""box"": [67, 161, 149, 253]}, {""label"": ""smoke"", ""score"": 0.0624, ""box"": [68, 161, 202, 250]}, {""label"": ""smoke"", ""score"": 0.0595, ""box"": [204, 92, 370, 218]}, {""label"": ""smoke"", ""score"": 0.0581, ""box"": [74, 156, 282, 261]}, {""label"": ""smoke"", ""score"": 0.0579, ""box"": [231, 49, 491, 216]}, {""label"": ""smoke"", ""score"": 0.0572, ""box"": [428, 98, 495, 151]}, {""label"": ""smoke"", ""score"": 0.0566, ""box"": [73, 42, 492, 224]}, {""label"": ""smoke"", ""score"": 0.0553, ""box"": [117, 167, 218, 220]}, {""label"": ""smoke"", ""score"": 0.0552, ""box"": [457, 143, 489, 191]}, {""label"": ""smoke"", ""score"": 0.0544, ""box"": [572, 239, 702, 319]}, {""label"": ""smoke"", ""score"": 0.054, ""box"": [69, 40, 389, 260]}, {""label"": ""smoke"", ""score"": 0.0538, ""box"": [198, 99, 346, 215]}, {""label"": ""smoke"", ""score"": 0.0527, ""box"": [112, 133, 288, 243]}, {""label"": ""smoke"", ""score"": 0.0523, ""box"": [69, 40, 368, 256]}, {""label"": ""smoke"", ""score"": 0.0523, ""box"": [68, 37, 363, 270]}, {""label"": ""smoke"", ""score"": 0.0515, ""box"": [116, 126, 244, 219]}]",1,0,0,0,0,0
coolerbot,yolo,2400,80.08,0,0,698.8,0.0,0.0,[],0,0,0,0,0,0
coolerbot,dfire_yolov8n,2400,80.08,0,0,55.9,0.0,0.0,[],0,0,0,0,0,0
coolerbot,soul,2400,80.08,0,0,51.6,0.0,0.0,[],0,0,0,0,0,0
coolerbot,pyronear,2400,80.08,0,0,322.3,0.0,0.0,[],0,0,0,0,0,0
coolerbot,dfine,2430,81.081,0,0,384.2,0.734844,0.088986,"[{""label"": ""smoke"", ""score"": 0.7348, ""box"": [443, 106, 508, 186]}, {""label"": ""smoke"", ""score"": 0.2062, ""box"": [377, 103, 509, 191]}, {""label"": ""smoke"", ""score"": 0.1521, ""box"": [373, 105, 420, 190]}, {""label"": ""smoke"", ""score"": 0.0893, ""box"": [653, 217, 780, 375]}, {""label"": ""flame"", ""score"": 0.089, ""box"": [443, 106, 508, 186]}, {""label"": ""smoke"", ""score"": 0.0763, ""box"": [528, 188, 641, 227]}, {""label"": ""smoke"", ""score"": 0.0729, ""box"": [203, 63, 509, 191]}, {""label"": ""smoke"", ""score"": 0.0711, ""box"": [368, 40, 510, 190]}, {""label"": ""smoke"", ""score"": 0.065, ""box"": [376, 69, 634, 191]}, {""label"": ""smoke"", ""score"": 0.0626, ""box"": [199, 69, 377, 190]}, {""label"": ""smoke"", ""score"": 0.0615, ""box"": [592, 78, 642, 118]}, {""label"": ""smoke"", ""score"": 0.0566, ""box"": [353, 39, 509, 189]}, {""label"": ""smoke"", ""score"": 0.0545, ""box"": [565, 211, 781, 376]}, {""label"": ""smoke"", ""score"": 0.0519, ""box"": [371, 99, 509, 291]}, {""label"": ""smoke"", ""score"": 0.051, ""box"": [80, 41, 509, 189]}, {""label"": ""smoke"", ""score"": 0.0505, ""box"": [749, 228, 785, 284]}, {""label"": ""smoke"", ""score"": 0.0502, ""box"": [552, 214, 780, 376]}]",1,0,0,1,0,0
coolerbot,yolo,2430,81.081,0,0,718.6,0.0,0.0,[],0,0,0,0,0,0
coolerbot,dfire_yolov8n,2430,81.081,0,0,52.0,0.0,0.0,[],0,0,0,0,0,0
coolerbot,soul,2430,81.081,0,0,49.3,0.0,0.119485,"[{""label"": ""flame"", ""score"": 0.1195, ""box"": [148, 326, 205, 442]}]",0,0,0,0,0,0
coolerbot,pyronear,2430,81.081,0,0,340.0,0.0,0.0,[],0,0,0,0,0,0
coolerbot,dfine,2460,82.082,0,0,368.7,0.138317,0.0,"[{""label"": ""smoke"", ""score"": 0.1383, ""box"": [347, 128, 405, 206]}, {""label"": ""smoke"", ""score"": 0.0684, ""box"": [428, 214, 527, 255]}, {""label"": ""smoke"", ""score"": 0.0562, ""box"": [312, 123, 408, 313]}, {""label"": ""smoke"", ""score"": 0.0559, ""box"": [343, 126, 407, 271]}, {""label"": ""smoke"", ""score"": 0.0505, ""box"": [290, 123, 404, 313]}]",0,0,0,0,0,0
coolerbot,yolo,2460,82.082,0,0,675.2,0.0,0.0,[],0,0,0,0,0,0
coolerbot,dfire_yolov8n,2460,82.082,0,0,46.4,0.0,0.0,[],0,0,0,0,0,0
coolerbot,soul,2460,82.082,0,0,51.7,0.0,0.075359,"[{""label"": ""flame"", ""score"": 0.0754, ""box"": [525, 244, 579, 310]}]",0,0,0,0,0,0
coolerbot,pyronear,2460,82.082,0,0,334.2,0.0,0.0,[],0,0,0,0,0,0
coolerbot,dfine,2490,83.083,0,0,384.4,0.105353,0.0,"[{""label"": ""smoke"", ""score"": 0.1054, ""box"": [428, 214, 526, 255]}]",0,0,0,0,0,0
coolerbot,yolo,2490,83.083,0,0,740.5,0.0,0.0,[],0,0,0,0,0,0
coolerbot,dfire_yolov8n,2490,83.083,0,0,47.3,0.0,0.0,[],0,0,0,0,0,0
coolerbot,soul,2490,83.083,0,0,57.3,0.0,0.080619,"[{""label"": ""flame"", ""score"": 0.0806, ""box"": [546, 243, 593, 291]}, {""label"": ""flame"", ""score"": 0.0751, ""box"": [526, 244, 584, 309]}]",0,0,0,0,0,0
coolerbot,pyronear,2490,83.083,0,0,303.5,0.0,0.0,[],0,0,0,0,0,0
coolerbot,dfine,2520,84.084,0,0,333.0,0.312536,0.065019,"[{""label"": ""smoke"", ""score"": 0.3125, ""box"": [301, 115, 775, 361]}, {""label"": ""smoke"", ""score"": 0.2064, ""box"": [309, 119, 769, 297]}, {""label"": ""smoke"", ""score"": 0.1784, ""box"": [295, 43, 784, 363]}, {""label"": ""smoke"", ""score"": 0.1768, ""box"": [69, 38, 784, 308]}, {""label"": ""smoke"", ""score"": 0.1642, ""box"": [303, 177, 706, 362]}, {""label"": ""smoke"", ""score"": 0.1443, ""box"": [71, 38, 785, 368]}, {""label"": ""smoke"", ""score"": 0.1367, ""box"": [271, 40, 784, 361]}, {""label"": ""smoke"", ""score"": 0.1206, ""box"": [303, 176, 680, 304]}, {""label"": ""smoke"", ""score"": 0.1172, ""box"": [360, 117, 776, 360]}, {""label"": ""smoke"", ""score"": 0.1148, ""box"": [68, 38, 316, 288]}, {""label"": ""smoke"", ""score"": 0.1097, ""box"": [305, 172, 759, 365]}, {""label"": ""smoke"", ""score"": 0.0992, ""box"": [314, 173, 765, 365]}, {""label"": ""smoke"", ""score"": 0.0943, ""box"": [297, 42, 783, 304]}, {""label"": ""smoke"", ""score"": 0.0879, ""box"": [345, 121, 761, 285]}, {""label"": ""smoke"", ""score"": 0.0873, ""box"": [71, 39, 702, 295]}, {""label"": ""smoke"", ""score"": 0.0873, ""box"": [355, 198, 700, 363]}, {""label"": ""smoke"", ""score"": 0.0855, ""box"": [70, 38, 453, 290]}, {""label"": ""smoke"", ""score"": 0.0836, ""box"": [296, 175, 434, 279]}, {""label"": ""smoke"", ""score"": 0.0811, ""box"": [295, 174, 501, 283]}, {""label"": ""smoke"", ""score"": 0.0806, ""box"": [68, 39, 785, 438]}, {""label"": ""smoke"", ""score"": 0.08, ""box"": [288, 117, 780, 435]}, {""label"": ""smoke"", ""score"": 0.0747, ""box"": [205, 40, 783, 301]}, {""label"": ""smoke"", ""score"": 0.0731, ""box"": [661, 272, 784, 367]}, {""label"": ""smoke"", ""score"": 0.0724, ""box"": [467, 117, 774, 361]}, {""label"": ""smoke"", ""score"": 0.0716, ""box"": [70, 39, 667, 294]}, {""label"": ""smoke"", ""score"": 0.0686, ""box"": [281, 121, 709, 363]}, {""label"": ""smoke"", ""score"": 0.0684, ""box"": [364, 200, 685, 314]}, {""label"": ""smoke"", ""score"": 0.0683, ""box"": [208, 39, 783, 327]}, {""label"": ""flame"", ""score"": 0.065, ""box"": [279, 233, 327, 255]}, {""label"": ""flame"", ""score"": 0.0642, ""box"": [261, 233, 340, 292]}, {""label"": ""smoke"", ""score"": 0.0642, ""box"": [297, 171, 459, 234]}, {""label"": ""smoke"", ""score"": 0.0639, ""box"": [296, 153, 698, 366]}, {""label"": ""smoke"", ""score"": 0.0638, ""box"": [67, 134, 115, 245]}, {""label"": ""smoke"", ""score"": 0.0628, ""box"": [447, 115, 775, 321]}, {""label"": ""smoke"", ""score"": 0.0623, ""box"": [296, 174, 587, 306]}, {""label"": ""smoke"", ""score"": 0.0612, ""box"": [292, 152, 682, 300]}, {""label"": ""flame"", ""score"": 0.0612, ""box"": [264, 264, 337, 293]}, {""label"": ""smoke"", ""score"": 0.0603, ""box"": [300, 176, 612, 286]}, {""label"": ""smoke"", ""score"": 0.0598, ""box"": [262, 171, 521, 291]}, {""label"": ""smoke"", ""score"": 0.0564, ""box"": [569, 117, 760, 237]}, {""label"": ""smoke"", ""score"": 0.0549, ""box"": [555, 117, 769, 361]}, {""label"": ""smoke"", ""score"": 0.0536, ""box"": [288, 172, 541, 307]}, {""label"": ""smoke"", ""score"": 0.0534, ""box"": [474, 114, 773, 241]}, {""label"": ""smoke"", ""score"": 0.0526, ""box"": [276, 133, 684, 298]}, {""label"": ""smoke"", ""score"": 0.0516, ""box"": [467, 116, 768, 242]}, {""label"": ""smoke"", ""score"": 0.0512, ""box"": [297, 172, 456, 244]}, {""label"": ""smoke"", ""score"": 0.0512, ""box"": [184, 109, 774, 362]}, {""label"": ""smoke"", ""score"": 0.0503, ""box"": [742, 350, 786, 369]}, {""label"": ""smoke"", ""score"": 0.0501, ""box"": [324, 121, 761, 329]}, {""label"": ""smoke"", ""score"": 0.05, ""box"": [289, 41, 785, 426]}]",1,0,0,0,0,0
coolerbot,yolo,2520,84.084,0,0,552.1,0.075417,0.0,"[{""label"": ""smoke"", ""score"": 0.0754, ""box"": [297, 182, 379, 290]}]",0,0,0,0,0,0
coolerbot,dfire_yolov8n,2520,84.084,0,0,41.9,0.0,0.0,[],0,0,0,0,0,0
coolerbot,soul,2520,84.084,0,0,36.8,0.0,0.0,[],0,0,0,0,0,0
coolerbot,pyronear,2520,84.084,0,0,275.3,0.0,0.0,[],0,0,0,0,0,0
coolerbot,dfine,2550,85.085,0,0,398.1,0.666238,0.063681,"[{""label"": ""smoke"", ""score"": 0.6662, ""box"": [79, 38, 776, 284]}, {""label"": ""smoke"", ""score"": 0.4277, ""box"": [373, 64, 748, 279]}, {""label"": ""smoke"", ""score"": 0.3202, ""box"": [79, 39, 239, 245]}, {""label"": ""smoke"", ""score"": 0.2985, ""box"": [376, 40, 774, 281]}, {""label"": ""smoke"", ""score"": 0.2925, ""box"": [383, 39, 781, 282]}, {""label"": ""smoke"", ""score"": 0.2838, ""box"": [393, 92, 681, 275]}, {""label"": ""smoke"", ""score"": 0.2768, ""box"": [404, 99, 681, 275]}, {""label"": ""smoke"", ""score"": 0.2521, ""box"": [82, 39, 685, 273]}, {""label"": ""smoke"", ""score"": 0.1925, ""box"": [376, 46, 679, 273]}, {""label"": ""smoke"", ""score"": 0.1702, ""box"": [256, 39, 777, 284]}, {""label"": ""smoke"", ""score"": 0.1462, ""box"": [78, 38, 405, 260]}, {""label"": ""smoke"", ""score"": 0.1254, ""box"": [259, 40, 757, 278]}, {""label"": ""smoke"", ""score"": 0.1248, ""box"": [315, 39, 782, 281]}, {""label"": ""smoke"", ""score"": 0.123, ""box"": [80, 38, 465, 265]}, {""label"": ""smoke"", ""score"": 0.1123, ""box"": [83, 76, 201, 242]}, {""label"": ""smoke"", ""score"": 0.0994, ""box"": [85, 83, 192, 240]}, {""label"": ""smoke"", ""score"": 0.0972, ""box"": [80, 39, 470, 266]}, {""label"": ""smoke"", ""score"": 0.0954, ""box"": [83, 77, 218, 242]}, {""label"": ""smoke"", ""score"": 0.0872, ""box"": [71, 39, 785, 437]}, {""label"": ""smoke"", ""score"": 0.0855, ""box"": [84, 39, 219, 169]}, {""label"": ""smoke"", ""score"": 0.073, ""box"": [88, 38, 165, 82]}, {""label"": ""smoke"", ""score"": 0.0725, ""box"": [77, 38, 325, 262]}, {""label"": ""smoke"", ""score"": 0.0723, ""box"": [68, 393, 517, 444]}, {""label"": ""smoke"", ""score"": 0.0672, ""box"": [555, 109, 742, 278]}, {""label"": ""smoke"", ""score"": 0.0641, ""box"": [394, 95, 577, 269]}, {""label"": ""flame"", ""score"": 0.0637, ""box"": [459, 56, 605, 96]}, {""label"": ""smoke"", ""score"": 0.0588, ""box"": [561, 160, 750, 285]}, {""label"": ""smoke"", ""score"": 0.0582, ""box"": [570, 149, 746, 283]}, {""label"": ""flame"", ""score"": 0.058, ""box"": [79, 38, 776, 284]}, {""label"": ""flame"", ""score"": 0.0575, ""box"": [376, 40, 774, 281]}, {""label"": ""smoke"", ""score"": 0.0571, ""box"": [540, 110, 754, 282]}, {""label"": ""smoke"", ""score"": 0.0559, ""box"": [84, 83, 236, 242]}, {""label"": ""smoke"", ""score"": 0.0559, ""box"": [85, 88, 695, 275]}, {""label"": ""flame"", ""score"": 0.0557, ""box"": [383, 39, 781, 282]}, {""label"": ""smoke"", ""score"": 0.0547, ""box"": [71, 39, 784, 359]}, {""label"": ""smoke"", ""score"": 0.0524, ""box"": [601, 222, 749, 286]}, {""label"": ""smoke"", ""score"": 0.0522, ""box"": [573, 159, 757, 286]}, {""label"": ""flame"", ""score"": 0.0521, ""box"": [459, 55, 606, 96]}, {""label"": ""smoke"", ""score"": 0.0519, ""box"": [67, 393, 398, 443]}, {""label"": ""smoke"", ""score"": 0.0511, ""box"": [558, 165, 753, 285]}, {""label"": ""flame"", ""score"": 0.0505, ""box"": [373, 64, 748, 279]}, {""label"": ""flame"", ""score"": 0.0503, ""box"": [618, 37, 683, 59]}, {""label"": ""smoke"", ""score"": 0.0502, ""box"": [555, 165, 775, 289]}]",1,0,0,1,0,0
coolerbot,yolo,2550,85.085,0,0,703.6,0.62938,0.0,"[{""label"": ""smoke"", ""score"": 0.6294, ""box"": [413, 108, 678, 272]}, {""label"": ""smoke"", ""score"": 0.0731, ""box"": [82, 40, 195, 243]}]",1,0,0,1,0,0
coolerbot,dfire_yolov8n,2550,85.085,0,0,47.6,0.0,0.0,[],0,0,0,0,0,0
coolerbot,soul,2550,85.085,0,0,60.1,0.0,0.0,[],0,0,0,0,0,0
coolerbot,pyronear,2550,85.085,0,0,318.8,0.0,0.0,[],0,0,0,0,0,0
coolerbot,dfine,2580,86.086,0,0,389.1,0.327157,0.06667,"[{""label"": ""smoke"", ""score"": 0.3272, ""box"": [529, 229, 784, 437]}, {""label"": ""smoke"", ""score"": 0.2588, ""box"": [445, 67, 782, 157]}, {""label"": ""smoke"", ""score"": 0.2568, ""box"": [446, 87, 682, 157]}, {""label"": ""smoke"", ""score"": 0.253, ""box"": [445, 40, 785, 158]}, {""label"": ""smoke"", ""score"": 0.1509, ""box"": [641, 38, 786, 137]}, {""label"": ""smoke"", ""score"": 0.1446, ""box"": [631, 73, 712, 138]}, {""label"": ""smoke"", ""score"": 0.14, ""box"": [545, 93, 676, 140]}, {""label"": ""smoke"", ""score"": 0.1374, ""box"": [466, 91, 676, 146]}, {""label"": ""smoke"", ""score"": 0.1326, ""box"": [472, 38, 785, 437]}, {""label"": ""smoke"", ""score"": 0.1307, ""box"": [631, 72, 734, 138]}, {""label"": ""smoke"", ""score"": 0.1291, ""box"": [522, 74, 785, 436]}, {""label"": ""smoke"", ""score"": 0.125, ""box"": [555, 39, 785, 141]}, {""label"": ""smoke"", ""score"": 0.1244, ""box"": [463, 70, 737, 152]}, {""label"": ""smoke"", ""score"": 0.1243, ""box"": [551, 68, 782, 141]}, {""label"": ""smoke"", ""score"": 0.1214, ""box"": [666, 38, 786, 124]}, {""label"": ""smoke"", ""score"": 0.1179, ""box"": [665, 66, 785, 123]}, {""label"": ""smoke"", ""score"": 0.1173, ""box"": [521, 43, 785, 437]}, {""label"": ""smoke"", ""score"": 0.1088, ""box"": [632, 67, 784, 140]}, {""label"": ""smoke"", ""score"": 0.105, ""box"": [74, 38, 784, 150]}, {""label"": ""smoke"", ""score"": 0.1039, ""box"": [631, 105, 677, 137]}, {""label"": ""smoke"", ""score"": 0.0961, ""box"": [346, 45, 785, 438]}, {""label"": ""smoke"", ""score"": 0.0916, ""box"": [70, 68, 323, 149]}, {""label"": ""smoke"", ""score"": 0.0898, ""box"": [534, 39, 785, 142]}, {""label"": ""smoke"", ""score"": 0.0866, ""box"": [670, 38, 786, 96]}, {""label"": ""smoke"", ""score"": 0.0851, ""box"": [541, 77, 681, 140]}, {""label"": ""smoke"", ""score"": 0.0849, ""box"": [669, 68, 785, 98]}, {""label"": ""smoke"", ""score"": 0.0842, ""box"": [537, 70, 708, 144]}, {""label"": ""smoke"", ""score"": 0.0826, ""box"": [80, 38, 784, 151]}, {""label"": ""smoke"", ""score"": 0.0823, ""box"": [586, 72, 712, 140]}, {""label"": ""smoke"", ""score"": 0.0808, ""box"": [305, 39, 784, 154]}, {""label"": ""smoke"", ""score"": 0.0791, ""box"": [141, 277, 782, 440]}, {""label"": ""smoke"", ""score"": 0.0779, ""box"": [441, 105, 544, 159]}, {""label"": ""smoke"", ""score"": 0.0773, ""box"": [533, 70, 697, 145]}, {""label"": ""smoke"", ""score"": 0.0772, ""box"": [109, 39, 784, 151]}, {""label"": ""smoke"", ""score"": 0.0755, ""box"": [337, 38, 785, 155]}, {""label"": ""smoke"", ""score"": 0.0738, ""box"": [208, 39, 785, 152]}, {""label"": ""smoke"", ""score"": 0.0727, ""box"": [628, 93, 681, 138]}, {""label"": ""smoke"", ""score"": 0.0726, ""box"": [68, 67, 215, 146]}, {""label"": ""smoke"", ""score"": 0.0724, ""box"": [292, 41, 785, 439]}, {""label"": ""smoke"", ""score"": 0.0723, ""box"": [694, 379, 741, 426]}, {""label"": ""smoke"", ""score"": 0.0714, ""box"": [653, 284, 781, 436]}, {""label"": ""smoke"", ""score"": 0.0708, ""box"": [134, 230, 783, 441]}, {""label"": ""smoke"", ""score"": 0.0704, ""box"": [447, 62, 692, 157]}, {""label"": ""smoke"", ""score"": 0.0675, ""box"": [240, 42, 781, 153]}, {""label"": ""flame"", ""score"": 0.0667, ""box"": [529, 229, 784, 437]}, {""label"": ""smoke"", ""score"": 0.0663, ""box"": [70, 50, 323, 148]}, {""label"": ""smoke"", ""score"": 0.0663, ""box"": [669, 73, 741, 96]}, {""label"": ""smoke"", ""score"": 0.0655, ""box"": [660, 144, 785, 234]}, {""label"": ""smoke"", ""score"": 0.0651, ""box"": [687, 378, 748, 429]}, {""label"": ""smoke"", ""score"": 0.0651, ""box"": [667, 72, 715, 102]}, {""label"": ""smoke"", ""score"": 0.0649, ""box"": [542, 41, 785, 232]}, {""label"": ""smoke"", ""score"": 0.0646, ""box"": [431, 226, 783, 439]}, {""label"": ""smoke"", ""score"": 0.0636, ""box"": [627, 287, 781, 436]}, {""label"": ""smoke"", ""score"": 0.0634, ""box"": [122, 164, 784, 441]}, {""label"": ""smoke"", ""score"": 0.0628, ""box"": [331, 45, 784, 438]}, {""label"": ""smoke"", ""score"": 0.0626, ""box"": [295, 71, 701, 156]}, {""label"": ""smoke"", ""score"": 0.0622, ""box"": [264, 38, 785, 154]}, {""label"": ""smoke"", ""score"": 0.0621, ""box"": [706, 37, 786, 85]}, {""label"": ""smoke"", ""score"": 0.0608, ""box"": [459, 109, 541, 157]}, {""label"": ""smoke"", ""score"": 0.0596, ""box"": [76, 42, 682, 153]}, {""label"": ""smoke"", ""score"": 0.0577, ""box"": [198, 115, 322, 149]}, {""label"": ""smoke"", ""score"": 0.0577, ""box"": [104, 43, 697, 154]}, {""label"": ""flame"", ""score"": 0.0571, ""box"": [446, 87, 682, 157]}, {""label"": ""smoke"", ""score"": 0.0565, ""box"": [463, 43, 784, 352]}, {""label"": ""smoke"", ""score"": 0.0562, ""box"": [114, 90, 322, 149]}, {""label"": ""smoke"", ""score"": 0.0559, ""box"": [365, 164, 452, 202]}, {""label"": ""smoke"", ""score"": 0.0553, ""box"": [642, 281, 774, 435]}, {""label"": ""smoke"", ""score"": 0.0552, ""box"": [550, 105, 625, 138]}, {""label"": ""smoke"", ""score"": 0.0552, ""box"": [313, 159, 784, 440]}, {""label"": ""smoke"", ""score"": 0.055, ""box"": [586, 64, 784, 141]}, {""label"": ""smoke"", ""score"": 0.0545, ""box"": [657, 164, 709, 236]}, {""label"": ""smoke"", ""score"": 0.0545, ""box"": [416, 82, 682, 200]}, {""label"": ""smoke"", ""score"": 0.0537, ""box"": [186, 113, 321, 149]}, {""label"": ""smoke"", ""score"": 0.0534, ""box"": [553, 42, 785, 138]}, {""label"": ""smoke"", ""score"": 0.0532, ""box"": [270, 67, 710, 156]}, {""label"": ""smoke"", ""score"": 0.0525, ""box"": [445, 60, 781, 231]}, {""label"": ""smoke"", ""score"": 0.0513, ""box"": [456, 98, 602, 157]}, {""label"": ""smoke"", ""score"": 0.0513, ""box"": [616, 283, 757, 433]}, {""label"": ""smoke"", ""score"": 0.0509, ""box"": [447, 45, 783, 241]}, {""label"": ""smoke"", ""score"": 0.0509, ""box"": [673, 374, 780, 439]}, {""label"": ""smoke"", ""score"": 0.0506, ""box"": [672, 222, 699, 238]}, {""label"": ""smoke"", ""score"": 0.0503, ""box"": [652, 292, 752, 433]}, {""label"": ""smoke"", ""score"": 0.0502, ""box"": [664, 280, 783, 436]}]",1,0,0,0,0,0
coolerbot,yolo,2580,86.086,0,0,678.8,0.51714,0.0,"[{""label"": ""smoke"", ""score"": 0.5171, ""box"": [537, 231, 785, 439]}, {""label"": ""smoke"", ""score"": 0.0799, ""box"": [76, 111, 777, 278]}]",1,0,0,1,0,0
coolerbot,dfire_yolov8n,2580,86.086,0,0,53.6,0.0,0.0,[],0,0,0,0,0,0
coolerbot,soul,2580,86.086,0,0,65.4,0.0,0.0,[],0,0,0,0,0,0
coolerbot,pyronear,2580,86.086,0,0,375.8,0.0,0.0,[],0,0,0,0,0,0
coolerbot,dfine,2610,87.087,0,0,380.6,0.555904,0.073847,"[{""label"": ""smoke"", ""score"": 0.5559, ""box"": [291, 39, 691, 157]}, {""label"": ""smoke"", ""score"": 0.3873, ""box"": [196, 38, 702, 158]}, {""label"": ""smoke"", ""score"": 0.3316, ""box"": [296, 39, 628, 157]}, {""label"": ""smoke"", ""score"": 0.2606, ""box"": [310, 39, 533, 155]}, {""label"": ""smoke"", ""score"": 0.2485, ""box"": [76, 38, 702, 160]}, {""label"": ""smoke"", ""score"": 0.2407, ""box"": [478, 65, 531, 100]}, {""label"": ""smoke"", ""score"": 0.2115, ""box"": [477, 64, 626, 116]}, {""label"": ""smoke"", ""score"": 0.1946, ""box"": [328, 38, 429, 64]}, {""label"": ""smoke"", ""score"": 0.1906, ""box"": [327, 38, 439, 66]}, {""label"": ""smoke"", ""score"": 0.1797, ""box"": [475, 64, 701, 151]}, {""label"": ""smoke"", ""score"": 0.1733, ""box"": [234, 38, 632, 156]}, {""label"": ""smoke"", ""score"": 0.172, ""box"": [312, 39, 490, 153]}, {""label"": ""smoke"", ""score"": 0.1629, ""box"": [326, 38, 531, 100]}, {""label"": ""smoke"", ""score"": 0.161, ""box"": [547, 80, 629, 113]}, {""label"": ""smoke"", ""score"": 0.1556, ""box"": [67, 115, 140, 146]}, {""label"": ""smoke"", ""score"": 0.147, ""box"": [661, 100, 706, 147]}, {""label"": ""smoke"", ""score"": 0.1432, ""box"": [325, 38, 597, 112]}, {""label"": ""smoke"", ""score"": 0.1303, ""box"": [471, 65, 637, 154]}, {""label"": ""smoke"", ""score"": 0.1301, ""box"": [328, 38, 587, 110]}, {""label"": ""smoke"", ""score"": 0.1262, ""box"": [469, 65, 537, 142]}, {""label"": ""smoke"", ""score"": 0.1259, ""box"": [320, 38, 530, 128]}, {""label"": ""smoke"", ""score"": 0.1239, ""box"": [310, 68, 700, 159]}, {""label"": ""smoke"", ""score"": 0.1236, ""box"": [411, 65, 700, 155]}, {""label"": ""smoke"", ""score"": 0.1226, ""box"": [320, 38, 542, 128]}, {""label"": ""smoke"", ""score"": 0.1216, ""box"": [308, 94, 505, 159]}, {""label"": ""smoke"", ""score"": 0.1091, ""box"": [312, 96, 381, 139]}, {""label"": ""smoke"", ""score"": 0.1039, ""box"": [317, 38, 448, 135]}, {""label"": ""smoke"", ""score"": 0.1037, ""box"": [73, 38, 635, 158]}, {""label"": ""smoke"", ""score"": 0.1025, ""box"": [581, 96, 703, 148]}, {""label"": ""smoke"", ""score"": 0.095, ""box"": [544, 74, 704, 146]}, {""label"": ""smoke"", ""score"": 0.0921, ""box"": [578, 102, 656, 147]}, {""label"": ""smoke"", ""score"": 0.0909, ""box"": [639, 94, 706, 147]}, {""label"": ""smoke"", ""score"": 0.0903, ""box"": [478, 113, 558, 163]}, {""label"": ""smoke"", ""score"": 0.0882, ""box"": [432, 66, 628, 158]}, {""label"": ""smoke"", ""score"": 0.087, ""box"": [306, 96, 387, 150]}, {""label"": ""smoke"", ""score"": 0.0856, ""box"": [311, 95, 440, 153]}, {""label"": ""smoke"", ""score"": 0.0834, ""box"": [309, 88, 502, 158]}, {""label"": ""smoke"", ""score"": 0.0825, ""box"": [320, 38, 453, 127]}, {""label"": ""smoke"", ""score"": 0.0803, ""box"": [390, 39, 627, 114]}, {""label"": ""smoke"", ""score"": 0.0799, ""box"": [73, 38, 643, 160]}, {""label"": ""smoke"", ""score"": 0.0788, ""box"": [329, 63, 557, 157]}, {""label"": ""smoke"", ""score"": 0.0784, ""box"": [535, 79, 702, 147]}, {""label"": ""smoke"", ""score"": 0.0783, ""box"": [254, 91, 375, 138]}, {""label"": ""smoke"", ""score"": 0.0765, ""box"": [68, 112, 192, 176]}, {""label"": ""smoke"", ""score"": 0.0754, ""box"": [320, 39, 533, 131]}, {""label"": ""flame"", ""score"": 0.0738, ""box"": [478, 65, 531, 100]}, {""label"": ""smoke"", ""score"": 0.0731, ""box"": [476, 64, 535, 116]}, {""label"": ""smoke"", ""score"": 0.0726, ""box"": [368, 62, 525, 158]}, {""label"": ""smoke"", ""score"": 0.0714, ""box"": [296, 67, 627, 158]}, {""label"": ""smoke"", ""score"": 0.0712, ""box"": [326, 83, 497, 157]}, {""label"": ""smoke"", ""score"": 0.0711, ""box"": [240, 90, 349, 131]}, {""label"": ""smoke"", ""score"": 0.0706, ""box"": [536, 77, 702, 147]}, {""label"": ""smoke"", ""score"": 0.0698, ""box"": [545, 80, 597, 110]}, {""label"": ""smoke"", ""score"": 0.0681, ""box"": [258, 91, 354, 133]}, {""label"": ""smoke"", ""score"": 0.067, ""box"": [663, 118, 705, 147]}, {""label"": ""smoke"", ""score"": 0.0669, ""box"": [67, 112, 147, 171]}, {""label"": ""smoke"", ""score"": 0.0666, ""box"": [466, 107, 655, 162]}, {""label"": ""smoke"", ""score"": 0.0649, ""box"": [399, 110, 507, 161]}, {""label"": ""smoke"", ""score"": 0.063, ""box"": [177, 89, 226, 114]}, {""label"": ""smoke"", ""score"": 0.062, ""box"": [546, 80, 588, 109]}, {""label"": ""smoke"", ""score"": 0.0615, ""box"": [319, 63, 488, 154]}, {""label"": ""smoke"", ""score"": 0.0609, ""box"": [539, 141, 559, 166]}, {""label"": ""smoke"", ""score"": 0.0604, ""box"": [72, 39, 524, 156]}, {""label"": ""smoke"", ""score"": 0.0604, ""box"": [400, 125, 507, 162]}, {""label"": ""smoke"", ""score"": 0.0603, ""box"": [539, 74, 642, 143]}, {""label"": ""smoke"", ""score"": 0.06, ""box"": [253, 92, 316, 125]}, {""label"": ""smoke"", ""score"": 0.0597, ""box"": [287, 76, 536, 159]}, {""label"": ""smoke"", ""score"": 0.0596, ""box"": [183, 85, 369, 134]}, {""label"": ""smoke"", ""score"": 0.0596, ""box"": [316, 38, 471, 144]}, {""label"": ""smoke"", ""score"": 0.0585, ""box"": [325, 37, 479, 69]}, {""label"": ""smoke"", ""score"": 0.0585, ""box"": [266, 92, 320, 125]}, {""label"": ""smoke"", ""score"": 0.0572, ""box"": [320, 38, 440, 79]}, {""label"": ""smoke"", ""score"": 0.0556, ""box"": [578, 89, 629, 112]}, {""label"": ""smoke"", ""score"": 0.0547, ""box"": [750, 81, 786, 100]}, {""label"": ""smoke"", ""score"": 0.0539, ""box"": [68, 113, 156, 212]}, {""label"": ""smoke"", ""score"": 0.0529, ""box"": [394, 100, 479, 157]}, {""label"": ""smoke"", ""score"": 0.0517, ""box"": [474, 110, 583, 162]}, {""label"": ""smoke"", ""score"": 0.0513, ""box"": [467, 142, 507, 163]}, {""label"": ""smoke"", ""score"": 0.0504, ""box"": [309, 69, 460, 153]}, {""label"": ""smoke"", ""score"": 0.0503, ""box"": [398, 118, 474, 156]}]",1,0,0,1,0,0
coolerbot,yolo,2610,87.087,0,0,740.4,0.307811,0.0,"[{""label"": ""smoke"", ""score"": 0.3078, ""box"": [298, 59, 706, 165]}, {""label"": ""smoke"", ""score"": 0.0681, ""box"": [475, 66, 701, 156]}]",1,0,0,0,0,0
coolerbot,dfire_yolov8n,2610,87.087,0,0,53.1,0.566468,0.0,"[{""label"": ""smoke"", ""score"": 0.5665, ""box"": [179, 40, 710, 163]}]",1,0,0,1,0,0
coolerbot,soul,2610,87.087,0,0,51.6,0.0,0.0,[],0,0,0,0,0,0
coolerbot,pyronear,2610,87.087,0,0,351.1,0.0,0.0,[],0,0,0,0,0,0
coolerbot,dfine,2640,88.088,0,0,366.6,0.239677,0.053897,"[{""label"": ""smoke"", ""score"": 0.2397, ""box"": [323, 38, 627, 111]}, {""label"": ""smoke"", ""score"": 0.2308, ""box"": [476, 65, 530, 99]}, {""label"": ""smoke"", ""score"": 0.2191, ""box"": [475, 64, 627, 112]}, {""label"": ""smoke"", ""score"": 0.2176, ""box"": [323, 37, 628, 114]}, {""label"": ""smoke"", ""score"": 0.1902, ""box"": [324, 37, 450, 67]}, {""label"": ""smoke"", ""score"": 0.1703, ""box"": [546, 79, 628, 111]}, {""label"": ""smoke"", ""score"": 0.1465, ""box"": [326, 37, 530, 98]}, {""label"": ""smoke"", ""score"": 0.14, ""box"": [328, 37, 531, 101]}, {""label"": ""smoke"", ""score"": 0.1378, ""box"": [319, 37, 632, 147]}, {""label"": ""smoke"", ""score"": 0.1375, ""box"": [318, 37, 700, 151]}, {""label"": ""smoke"", ""score"": 0.0955, ""box"": [468, 65, 628, 151]}, {""label"": ""smoke"", ""score"": 0.0884, ""box"": [473, 64, 699, 146]}, {""label"": ""smoke"", ""score"": 0.0841, ""box"": [538, 71, 628, 111]}, {""label"": ""smoke"", ""score"": 0.0829, ""box"": [324, 37, 532, 96]}, {""label"": ""smoke"", ""score"": 0.0809, ""box"": [329, 37, 418, 60]}, {""label"": ""smoke"", ""score"": 0.0805, ""box"": [321, 38, 528, 154]}, {""label"": ""smoke"", ""score"": 0.0793, ""box"": [325, 37, 585, 118]}, {""label"": ""smoke"", ""score"": 0.0789, ""box"": [411, 41, 628, 114]}, {""label"": ""smoke"", ""score"": 0.0751, ""box"": [464, 65, 545, 145]}, {""label"": ""smoke"", ""score"": 0.0723, ""box"": [67, 114, 148, 145]}, {""label"": ""smoke"", ""score"": 0.0722, ""box"": [323, 38, 539, 153]}, {""label"": ""smoke"", ""score"": 0.0721, ""box"": [418, 62, 638, 157]}, {""label"": ""smoke"", ""score"": 0.0719, ""box"": [474, 64, 700, 121]}, {""label"": ""smoke"", ""score"": 0.0701, ""box"": [663, 100, 706, 147]}, {""label"": ""smoke"", ""score"": 0.0668, ""box"": [324, 37, 622, 107]}, {""label"": ""smoke"", ""score"": 0.0664, ""box"": [169, 38, 698, 154]}, {""label"": ""smoke"", ""score"": 0.0658, ""box"": [320, 38, 700, 146]}, {""label"": ""smoke"", ""score"": 0.0644, ""box"": [322, 37, 461, 103]}, {""label"": ""smoke"", ""score"": 0.063, ""box"": [546, 79, 702, 146]}, {""label"": ""smoke"", ""score"": 0.0627, ""box"": [476, 113, 555, 159]}, {""label"": ""smoke"", ""score"": 0.062, ""box"": [170, 38, 697, 156]}, {""label"": ""smoke"", ""score"": 0.062, ""box"": [156, 38, 699, 158]}, {""label"": ""smoke"", ""score"": 0.0609, ""box"": [670, 100, 702, 119]}, {""label"": ""smoke"", ""score"": 0.0605, ""box"": [468, 43, 531, 99]}, {""label"": ""smoke"", ""score"": 0.0598, ""box"": [454, 124, 508, 161]}, {""label"": ""smoke"", ""score"": 0.0585, ""box"": [170, 37, 646, 159]}, {""label"": ""smoke"", ""score"": 0.0577, ""box"": [544, 77, 630, 127]}, {""label"": ""smoke"", ""score"": 0.0577, ""box"": [469, 41, 627, 133]}, {""label"": ""smoke"", ""score"": 0.057, ""box"": [469, 142, 507, 163]}, {""label"": ""smoke"", ""score"": 0.0569, ""box"": [173, 89, 236, 118]}, {""label"": ""smoke"", ""score"": 0.0563, ""box"": [395, 65, 633, 158]}, {""label"": ""smoke"", ""score"": 0.0555, ""box"": [323, 37, 528, 77]}, {""label"": ""smoke"", ""score"": 0.0551, ""box"": [630, 97, 705, 148]}, {""label"": ""smoke"", ""score"": 0.055, ""box"": [614, 98, 704, 149]}, {""label"": ""smoke"", ""score"": 0.0549, ""box"": [453, 125, 508, 162]}, {""label"": ""smoke"", ""score"": 0.0548, ""box"": [547, 80, 601, 106]}, {""label"": ""smoke"", ""score"": 0.0543, ""box"": [75, 37, 745, 154]}, {""label"": ""flame"", ""score"": 0.0539, ""box"": [476, 65, 530, 99]}, {""label"": ""smoke"", ""score"": 0.0531, ""box"": [471, 43, 700, 142]}, {""label"": ""smoke"", ""score"": 0.052, ""box"": [473, 65, 560, 123]}, {""label"": ""smoke"", ""score"": 0.052, ""box"": [430, 63, 695, 157]}, {""label"": ""smoke"", ""score"": 0.0514, ""box"": [388, 40, 700, 149]}, {""label"": ""smoke"", ""score"": 0.0503, ""box"": [547, 81, 598, 107]}]",0,0,0,0,0,0
coolerbot,yolo,2640,88.088,0,0,686.8,0.193225,0.0,"[{""label"": ""smoke"", ""score"": 0.1932, ""box"": [473, 64, 601, 113]}, {""label"": ""smoke"", ""score"": 0.116, ""box"": [479, 65, 529, 96]}, {""label"": ""smoke"", ""score"": 0.0536, ""box"": [471, 64, 534, 123]}]",0,0,0,0,0,0
coolerbot,dfire_yolov8n,2640,88.088,0,0,55.1,0.0,0.0,[],0,0,0,0,0,0
coolerbot,soul,2640,88.088,0,0,54.3,0.0,0.0,[],0,0,0,0,0,0
coolerbot,pyronear,2640,88.088,0,0,304.5,0.0,0.0,[],0,0,0,0,0,0
coolerbot,dfine,2670,89.089,0,0,380.7,0.285491,0.060941,"[{""label"": ""smoke"", ""score"": 0.2855, ""box"": [474, 65, 624, 111]}, {""label"": ""smoke"", ""score"": 0.2704, ""box"": [323, 38, 626, 112]}, {""label"": ""smoke"", ""score"": 0.244, ""box"": [544, 79, 625, 110]}, {""label"": ""smoke"", ""score"": 0.239, ""box"": [475, 65, 529, 98]}, {""label"": ""smoke"", ""score"": 0.1609, ""box"": [322, 37, 447, 68]}, {""label"": ""smoke"", ""score"": 0.1219, ""box"": [325, 37, 529, 98]}, {""label"": ""smoke"", ""score"": 0.1206, ""box"": [327, 38, 529, 99]}, {""label"": ""smoke"", ""score"": 0.1041, ""box"": [327, 37, 530, 95]}, {""label"": ""smoke"", ""score"": 0.0989, ""box"": [392, 42, 625, 111]}, {""label"": ""smoke"", ""score"": 0.0975, ""box"": [319, 37, 698, 140]}, {""label"": ""smoke"", ""score"": 0.0866, ""box"": [320, 38, 629, 148]}, {""label"": ""smoke"", ""score"": 0.0859, ""box"": [317, 38, 630, 154]}, {""label"": ""smoke"", ""score"": 0.084, ""box"": [328, 37, 532, 101]}, {""label"": ""smoke"", ""score"": 0.0799, ""box"": [327, 37, 413, 60]}, {""label"": ""smoke"", ""score"": 0.076, ""box"": [403, 40, 529, 99]}, {""label"": ""smoke"", ""score"": 0.0742, ""box"": [472, 64, 697, 144]}, {""label"": ""smoke"", ""score"": 0.0712, ""box"": [663, 98, 704, 145]}, {""label"": ""smoke"", ""score"": 0.0697, ""box"": [473, 64, 699, 118]}, {""label"": ""smoke"", ""score"": 0.0674, ""box"": [394, 45, 626, 114]}, {""label"": ""smoke"", ""score"": 0.0672, ""box"": [68, 113, 147, 144]}, {""label"": ""smoke"", ""score"": 0.0645, ""box"": [467, 65, 627, 147]}, {""label"": ""smoke"", ""score"": 0.0643, ""box"": [667, 97, 702, 119]}, {""label"": ""flame"", ""score"": 0.0609, ""box"": [544, 79, 625, 110]}, {""label"": ""smoke"", ""score"": 0.0572, ""box"": [321, 37, 460, 104]}, {""label"": ""flame"", ""score"": 0.0569, ""box"": [474, 65, 624, 111]}, {""label"": ""flame"", ""score"": 0.0548, ""box"": [475, 65, 529, 98]}, {""label"": ""smoke"", ""score"": 0.0544, ""box"": [388, 39, 447, 68]}, {""label"": ""smoke"", ""score"": 0.0541, ""box"": [335, 37, 696, 138]}, {""label"": ""smoke"", ""score"": 0.0518, ""box"": [323, 37, 523, 75]}]",1,0,0,0,0,0
coolerbot,yolo,2670,89.089,0,0,700.5,0.192486,0.0,"[{""label"": ""smoke"", ""score"": 0.1925, ""box"": [475, 65, 610, 111]}, {""label"": ""smoke"", ""score"": 0.0811, ""box"": [477, 65, 528, 95]}]",0,0,0,0,0,0
coolerbot,dfire_yolov8n,2670,89.089,0,0,49.1,0.0,0.0,[],0,0,0,0,0,0
coolerbot,soul,2670,89.089,0,0,57.3,0.0,0.066522,"[{""label"": ""flame"", ""score"": 0.0665, ""box"": [564, 248, 785, 442]}]",0,0,0,0,0,0
coolerbot,pyronear,2670,89.089,0,0,300.1,0.069197,0.0,"[{""label"": ""smoke"", ""score"": 0.0692, ""box"": [478, 65, 526, 95]}]",0,0,0,0,0,0
